id_venda,data_venda,produto,categoria,quantidade,preco_unitario,forma_pagamento,loja
7044,15/12/2025,água de coco 500ml,Alimentos,2,"63,34",Cartão de Débito,Matriz - Recife
4573,10/05/2025,Caderno Universitário,Papelaria,1,"193,89",Pix,Matriz - Recife
5455,25/07/2025,Caderno Universitário,Papelaria,1,"210,16",Cartão de Débito,Matriz - Recife
3358,2024-12-27,Cola Bastão,Papelaria,2,"46,88",Cartão de Débito,Matriz - Recife
3403,29-12-2024,caderno universitário,Papelaria,2,"191,45",Pix,Matriz - Recife
6895,2025-12-04,Meia Esportiva,VESTUÁRIO,1,"15,25",Pix,Matriz - Recife
7086,17/12/2025,boné aba reta,Vestuário,1,"113,34",Cartão de Crédito,Matriz - Recife
3137,09/12/2024,Escova de Limpeza,,3,"221,70",Dinheiro,Matriz - Recife
1178,2024-05-28,Amendoim Torrado,Alimentos,1,"155,14",Pix,Matriz - Recife
4736,25/05/2025,Vela Aromática,Casa e Utilidades,4,"31,56",Cartão de Crédito,Matriz - Recife
270,2024-02-15,Suco de Caju 1L,Alimentos,3,"171,10",Pix,Matriz - Recife
1592,2024-07-01,Chinelo de Dedo,Vestuário,1,"136,99",pix,Matriz - Recife
1824,29/07/2024,Caderno Universitário,Papelaria,1,"213,23",Pix,Matriz - Recife
2809,15-11-2024,escova de limpeza,CASA E UTILIDADES,2,"199,84",Dinheiro,Matriz - Recife
1573,2024-06-30,Bermuda Jeans,Vestuário,3,"29,28",pix,Matriz - Recife
4097,26/03/2025,Marcador de Texto,Papelaria,2,"97,08",Cartão de Crédito,Matriz - Recife
93,2024-01-16,Cabo HDMI,Eletrônicos,2,"66,44",PIX,Matriz - Recife
5230,2025-06-30,Fone de Ouvido Bluetooth,,3,"158,26",Dinheiro,Matriz - Recife
5432,23-07-2025,organizador de gaveta,Casa e Utilidades,2,"31,20",Cartão de Crédito,Matriz - Recife
1529,27-06-2024,Vela Aromática,Casa e Utilidades,3,"30,29",Pix,Matriz - Recife
5364,2025-07-17,caneta esferográfica,Papelaria,2,"10,05",pix,Matriz - Recife
4590,12/05/2025,Mochila Escolar,Papelaria,1,"202,23",Cartão de Débito,Matriz - Recife
5169,2025-06-26,Jogo de Toalhas,Casa e Utilidades,4,"89,88",pix,Matriz - Recife
4163,31-03-2025,Marcador de Texto,PAPELARIA,2,"85,15",PIX,Matriz - Recife
2279,2024-09-21,Chinelo de Dedo,Vestuário,3,"125,39",pix,Matriz - Recife
3687,2025-02-06,Cola Bastão,Papelaria,1,"46,43",Dinheiro,Matriz - Recife
320,2024-02-24,Água de Coco 500ml,Alimentos,2,"63,33",Pix,Matriz - Recife
1076,20-05-2024,Caneta Esferográfica,Papelaria,1,"9,07",Dinheiro,Matriz - Recife
2059,25-08-2024,Caneta Esferográfica,Papelaria,3,"10,15",PIX,Matriz - Recife
512,2024-03-20,água de coco 500ml,Alimentos,2,"58,79",Dinheiro,Matriz - Recife
1791,25/07/2024,Suco de Caju 1L,Alimentos,1,"153,26",Cartão de Débito,Matriz - Recife
1931,09/08/2024,Boné Aba Reta,Vestuário,3,"115,58",,Matriz - Recife
1588,01/07/2024,Suco de Caju 1L,Alimentos,2,"163,71",PIX,Matriz - Recife
4974,09-06-2025,Bermuda Jeans,Vestuário,1,"28,54",pix,Matriz - Recife
6028,2025-09-25,Vela Aromática,Casa e Utilidades,1,"30,54",Pix,Matriz - Recife
1148,25-05-2024,Suco de Caju 1L,Alimentos,2,"155,57",PIX,Matriz - Recife
4802,29-05-2025,Cola Bastão,Papelaria,1,"42,06",pix,Matriz - Recife
6437,2025-11-04,Cola Bastão,Papelaria,1,"42,62",Cartão de Débito,Matriz - Recife
5194,27-06-2025,Água de Coco 500ml,ALIMENTOS,2,"59,73",PIX,Matriz - Recife
10,2024-01-02,Biscoito Recheado,ALIMENTOS,1,"59,51",Cartão de Débito,Matriz - Recife
5058,17/06/2025,Amendoim Torrado,Alimentos,3,"153,91",Dinheiro,Matriz - Recife
1181,29-05-2024,Café Torrado 500g,Alimentos,2,"14,33",Cartão de Crédito,Matriz - Recife
3052,2024-12-03,Barra de Cereal,Alimentos,2,"132,06",pix,Matriz - Recife
2502,13-10-2024,Barra de Cereal,Alimentos,1,"148,25",Dinheiro,Matriz - Recife
4988,10-06-2025,Meia Esportiva,Vestuário,2,"15,82",Dinheiro,Matriz - Recife
716,15/04/2024,Organizador de Gaveta,,3,"30,55",Pix,Matriz - Recife
3231,17/12/2024,Caixa de Som Portátil,Eletrônicos,1,"78,90",Pix,Matriz - Recife
4490,04-05-2025,Biscoito Recheado,Alimentos,2,"60,50",Dinheiro,Matriz - Recife
6058,2025-09-28,Café Torrado 500g,Alimentos,1,"14,41",Cartão de Crédito,Matriz - Recife
1415,2024-06-18,Estojo Simples,Papelaria,3,"189,71",pix,Matriz - Recife
553,2024-03-25,Chinelo de Dedo,Vestuário,1,"122,49",Dinheiro,Matriz - Recife
115,21-01-2024,Power Bank 10000mAh,Eletrônicos,2,"179,80",Dinheiro,Matriz - Recife
2338,2024-09-26,Água de Coco 500ml,Alimentos,1,"65,15",Dinheiro,Matriz - Recife
6717,23/11/2025,café torrado 500g,Alimentos,2,"14,22",Cartão de Débito,Matriz - Recife
2033,2024-08-23,Carregador USB-C,Eletrônicos,3,"14,81",Dinheiro,Matriz - Recife
554,25-03-2024,Carregador USB-C,Eletrônicos,1,"14,71",Cartão de Crédito,Matriz - Recife
4915,05/06/2025,Escova de Limpeza,CASA E UTILIDADES,4,"204,27",,Matriz - Recife
1733,17-07-2024,Kit Panelas Antiaderente,CASA E UTILIDADES,1,"255,62",PIX,Matriz - Recife
3891,05/03/2025,Suco de Caju 1L,Alimentos,1,"163,05",Cartão de Débito,Matriz - Recife
1219,01/06/2024,Caixa de Som Portátil,Eletrônicos,2,"76,92",pix,Matriz - Recife
2633,28-10-2024,chinelo de dedo,Vestuário,2,"130,11",pix,Matriz - Recife
6308,24-10-2025,Vela Aromática,Casa e Utilidades,1,"30,20",Dinheiro,Matriz - Recife
3144,10/12/2024,Carregador USB-C,ELETRÔNICOS,1,"13,13",PIX,Matriz - Recife
917,05/05/2024,Boné Aba Reta,Vestuário,-3,"103,13",Cartão de Débito,Matriz - Recife
6496,07-11-2025,Mochila Escolar,Papelaria,2,"203,43",Cartão de Débito,Matriz - Recife
6414,03/11/2025,Estojo Simples,Papelaria,3,"182,32",PIX,Matriz - Recife
579,2024-03-28,Amendoim Torrado,Alimentos,1,"155,10",Cartão de Crédito,Matriz - Recife
1544,28-06-2024,fone de ouvido bluetooth,Eletrônicos,2,"170,80",PIX,Matriz - Recife
6588,14/11/2025,Água de Coco 500ml,Alimentos,2,"59,22",Dinheiro,Matriz - Recife
3811,23-02-2025,Barra de Cereal,Alimentos,3,"134,04",Pix,Matriz - Recife
3060,2024-12-03,Biscoito Recheado,Alimentos,2,"52,09",Cartão de Crédito,Matriz - Recife
4746,2025-05-25,Biscoito Recheado,Alimentos,1,"59,20",Dinheiro,Matriz - Recife
4659,17/05/2025,Meia Esportiva,Vestuário,1,"14,75",pix,Matriz - Recife
5943,14/09/2025,Porta Sabonete,Casa e Utilidades,3,"164,69",Pix,Matriz - Recife
2289,22-09-2024,Mochila Escolar,Papelaria,2,"208,99",pix,Matriz - Recife
2320,25/09/2024,Caneta Esferográfica,PAPELARIA,3,"9,65",PIX,Matriz - Recife
5551,2025-08-03,Biscoito Recheado,Alimentos,2,"56,93",pix,Matriz - Recife
4369,24/04/2025,Chinelo de Dedo,Vestuário,3,"138,15",Pix,Matriz - Recife
4640,16/05/2025,Café Torrado 500g,Alimentos,2,"14,20",PIX,Matriz - Recife
696,11/04/2024,Caixa de Som Portátil,ELETRÔNICOS,2,"73,98",PIX,Matriz - Recife
1802,2024-07-26,Café Torrado 500g,Alimentos,1,"13,49",Cartão de Crédito,Matriz - Recife
4401,2025-04-28,Caneta Esferográfica,Papelaria,1,"9,98",Cartão de Crédito,Matriz - Recife
953,2024-05-09,Café Torrado 500g,Alimentos,3,"13,78",pix,Matriz - Recife
398,2024-03-08,Barra de Cereal,Alimentos,1,"130,22",pix,Matriz - Recife
5557,04-08-2025,porta sabonete,Casa e Utilidades,2,"149,47",Cartão de Débito,Matriz - Recife
2310,24/09/2024,Chinelo de Dedo,Vestuário,2,"136,90",Pix,Matriz - Recife
1114,2024-05-22,Jogo de Toalhas,Casa e Utilidades,-2,"90,52",Cartão de Débito,Matriz - Recife
4732,24-05-2025,Barra de Cereal,Alimentos,2,"130,78",Dinheiro,Matriz - Recife
4117,27/03/2025,organizador de gaveta,Casa e Utilidades,1,"29,71",PIX,Matriz - Recife
1324,09/06/2024,caderno universitário,Papelaria,5,"208,55",Dinheiro,Matriz - Recife
4166,2025-04-01,Jaqueta Corta-Vento,Vestuário,5,"57,12",Dinheiro,Matriz - Recife
3269,20/12/2024,Carregador USB-C,Eletrônicos,5,"14,64",Pix,Matriz - Recife
3191,14-12-2024,Carregador USB-C,ELETRÔNICOS,1,"14,46",Dinheiro,Matriz - Recife
4906,04-06-2025,Bermuda Jeans,Vestuário,2,"31,14",Dinheiro,Matriz - Recife
83,2024-01-14,Água de Coco 500ml,Alimentos,2,"59,12",PIX,Matriz - Recife
1356,12/06/2024,Barra de Cereal,Alimentos,1,"150,19",,Matriz - Recife
3142,10/12/2024,Jaqueta Corta-Vento,Vestuário,1,"58,34",PIX,Matriz - Recife
4132,2025-03-29,Carregador USB-C,Eletrônicos,2,"13,86",Cartão de Débito,Matriz - Recife
3419,30/12/2024,Marcador de Texto,Papelaria,1,"91,71",Cartão de Débito,Matriz - Recife
5961,15-09-2025,Organizador de Gaveta,Casa e Utilidades,1,"32,55",PIX,Matriz - Recife
4634,2025-05-15,Cabo HDMI,Eletrônicos,3,"66,51",PIX,Matriz - Recife
6519,09-11-2025,Mochila Escolar,Papelaria,2,"218,04",Cartão de Crédito,Matriz - Recife
1595,01-07-2024,Barra de Cereal,Alimentos,3,"137,43",pix,Matriz - Recife
984,11/05/2024,Jogo de Toalhas,Casa e Utilidades,5,"95,84",Cartão de Crédito,Matriz - Recife
4111,27/03/2025,Caixa de Som Portátil,ELETRÔNICOS,1,"72,50",PIX,Matriz - Recife
905,04-05-2024,Porta Sabonete,Casa e Utilidades,1,"159,24",pix,Matriz - Recife
1536,27/06/2024,Porta Sabonete,Casa e Utilidades,2,"164,95",pix,Matriz - Recife
3494,09/01/2025,Jaqueta Corta-Vento,Vestuário,1,"60,37",Dinheiro,Matriz - Recife
2771,11/11/2024,Mochila Escolar,Papelaria,1,"201,75",Pix,Matriz - Recife
7221,27-12-2025,Estojo Simples,Papelaria,1,"188,71",PIX,Matriz - Recife
5334,14/07/2025,Água de Coco 500ml,Alimentos,2,"58,97",Pix,Matriz - Recife
2643,30-10-2024,Barra de Cereal,ALIMENTOS,1,"141,08",PIX,Matriz - Recife
4346,21-04-2025,Cabo HDMI,Eletrônicos,3,"59,44",Cartão de Crédito,Matriz - Recife
95,17-01-2024,Marcador de Texto,Papelaria,2,"89,67",pix,Matriz - Recife
3751,2025-02-14,Biscoito Recheado,Alimentos,1,"55,52",Cartão de Débito,Matriz - Recife
958,2024-05-09,Marcador de Texto,Papelaria,1,"90,06",Pix,Matriz - Recife
6383,01-11-2025,Barra de Cereal,Alimentos,1,"142,92",Cartão de Débito,Matriz - Recife
6008,21-09-2025,Cabo HDMI,Eletrônicos,3,"66,23",PIX,Matriz - Recife
2247,17-09-2024,Cabo HDMI,Eletrônicos,5,"60,51",Cartão de Débito,Matriz - Recife
3840,28-02-2025,Escova de Limpeza,Casa e Utilidades,2,"223,78",PIX,Matriz - Recife
6211,2025-10-14,Chinelo de Dedo,Vestuário,1,"122,89",Pix,Matriz - Recife
6516,08-11-2025,Boné Aba Reta,Vestuário,4,"113,16",Cartão de Débito,Matriz - Recife
724,16/04/2024,Cabo HDMI,Eletrônicos,4,"58,67",PIX,Matriz - Recife
2548,2024-10-18,Escova de Limpeza,Casa e Utilidades,2,"226,13",pix,Matriz - Recife
1315,09/06/2024,Meia Esportiva,,1,"14,69",pix,Matriz - Recife
4684,19/05/2025,bermuda jeans,Vestuário,4,"31,05",PIX,Matriz - Recife
6843,30-11-2025,Cola Bastão,Papelaria,3,"49,09",Cartão de Crédito,Matriz - Recife
2559,20-10-2024,Meia Esportiva,Vestuário,1,"15,68",pix,Matriz - Recife
117,21/01/2024,Kit Panelas Antiaderente,CASA E UTILIDADES,2,"236,71",Pix,Matriz - Recife
2702,2024-11-04,Biscoito Recheado,Alimentos,2,"53,88",Cartão de Débito,Matriz - Recife
2303,2024-09-23,Carregador USB-C,ELETRÔNICOS,1,"13,52",PIX,Matriz - Recife
5213,29-06-2025,Power Bank 10000mAh,Eletrônicos,1,"196,73",Cartão de Crédito,Matriz - Recife
1040,2024-05-16,Mochila Escolar,,2,"187,68",pix,Matriz - Recife
1873,03/08/2024,Caneta Esferográfica,Papelaria,1,"9,45",Cartão de Débito,Matriz - Recife
6861,02-12-2025,Suco de Caju 1L,Alimentos,3,"162,97",PIX,Matriz - Recife
5086,2025-06-20,Bermuda Jeans,Vestuário,1,"28,97",Cartão de Crédito,Matriz - Recife
6592,14/11/2025,Caderno Universitário,Papelaria,4,"210,64",Cartão de Débito,Matriz - Recife
284,17/02/2024,Suco de Caju 1L,Alimentos,1,"173,66",Cartão de Débito,Matriz - Recife
936,07/05/2024,Cola Bastão,Papelaria,-1,"48,86",pix,Matriz - Recife
5315,12-07-2025,Caixa de Som Portátil,Eletrônicos,1,"71,95",Cartão de Débito,Matriz - Recife
2639,29-10-2024,Barra de Cereal,ALIMENTOS,1,"140,17",PIX,Matriz - Recife
3361,2024-12-27,Fone de Ouvido Bluetooth,Eletrônicos,2,"164,66",pix,Matriz - Recife
6306,24-10-2025,Marcador de Texto,Papelaria,-2,"96,62",pix,Matriz - Recife
1724,16/07/2024,cola bastão,Papelaria,1,"43,17",Pix,Matriz - Recife
2122,2024-09-02,Jaqueta Corta-Vento,Vestuário,1,"56,25",Cartão de Débito,Matriz - Recife
1875,04/08/2024,Mouse Sem Fio,Eletrônicos,1,"162,93",Dinheiro,Matriz - Recife
3198,2024-12-14,Porta Sabonete,Casa e Utilidades,3,"163,70",Cartão de Débito,Matriz - Recife
6502,08-11-2025,Jogo de Toalhas,CASA E UTILIDADES,3,"87,07",Dinheiro,Matriz - Recife
252,2024-02-12,Suco de Caju 1L,ALIMENTOS,2,"158,23",Pix,Matriz - Recife
449,2024-03-13,Amendoim Torrado,,1,"160,20",Pix,matriz-recife
184,01-02-2024,Fone de Ouvido Bluetooth,Eletrônicos,1,"169,55",Cartão de Crédito,Matriz - Recife
6208,14/10/2025,Jogo de Toalhas,Casa e Utilidades,3,"92,35",Dinheiro,Matriz - Recife
5629,12-08-2025,Biscoito Recheado,ALIMENTOS,2,"56,38",Dinheiro,Matriz - Recife
4598,13/05/2025,Camiseta Básica,Vestuário,1,"215,38",Dinheiro,Matriz - Recife
116,21/01/2024,Suco de Caju 1L,ALIMENTOS,5,"170,52",PIX,Matriz - Recife
6633,18/11/2025,Cola Bastão,Papelaria,4,"46,52",PIX,Matriz - Recife
5703,19/08/2025,Jaqueta Corta-Vento,Vestuário,1,"62,80",Cartão de Crédito,Matriz - Recife
667,2024-04-08,Caneta Esferográfica,Papelaria,1,"10,15",Cartão de Débito,Matriz - Recife
7227,27-12-2025,Mouse Sem Fio,ELETRÔNICOS,3,"177,63",pix,Matriz - Recife
2517,15-10-2024,Carregador USB-C,Eletrônicos,4,"14,22",Cartão de Débito,Matriz - Recife
6435,04/11/2025,Kit Panelas Antiaderente,Casa e Utilidades,-1,"256,84",Dinheiro,Matriz - Recife
827,26/04/2024,boné aba reta,Vestuário,1,"106,24",Pix,Matriz - Recife
5263,2025-07-04,Carregador USB-C,Eletrônicos,1,"13,17",pix,Matriz - Recife
3226,17-12-2024,biscoito recheado,Alimentos,3,"57,51",Dinheiro,Matriz - Recife
6118,04/10/2025,Escova de Limpeza,Casa e Utilidades,3,"223,53",PIX,Matriz - Recife
6103,03-10-2025,Estojo Simples,Papelaria,2,"169,48",Dinheiro,Matriz - Recife
5919,2025-09-11,Carregador USB-C,,1,"13,16",Dinheiro,Matriz - Recife
2154,05-09-2024,Meia Esportiva,Vestuário,3,"15,13",Cartão de Débito,Matriz - Recife
7119,20/12/2025,suco de caju 1l,Alimentos,1,"174,20",Cartão de Débito,Matriz - Recife
3790,2025-02-20,Jogo de Toalhas,,2,"85,26",Cartão de Crédito,Matriz - Recife
6316,2025-10-25,Porta Sabonete,Casa e Utilidades,1,"143,84",Cartão de Crédito,Matriz - Recife
4031,18/03/2025,Chinelo de Dedo,,3,"131,49",Pix,Matriz - Recife
3143,10/12/2024,Estojo Simples,Papelaria,3,"186,99",Dinheiro,Matriz - Recife
1004,12-05-2024,Barra de Cereal,ALIMENTOS,1,"139,00",Cartão de Débito,Matriz - Recife
1045,16/05/2024,Cabo HDMI,Eletrônicos,2,"59,52",Cartão de Débito,Matriz - Recife
6153,2025-10-08,Barra de Cereal,Alimentos,4,"148,13",PIX,Matriz - Recife
1159,2024-05-26,Biscoito Recheado,Alimentos,2,"60,45",Cartão de Crédito,Matriz - Recife
821,2024-04-26,Boné Aba Reta,Vestuário,-1,"111,35",Cartão de Crédito,Matriz - Recife
5380,2025-07-19,Barra de Cereal,Alimentos,1,"142,28",Pix,Matriz - Recife
5654,14-08-2025,Kit Panelas Antiaderente,CASA E UTILIDADES,3,"252,23",Dinheiro,Matriz - Recife
1033,2024-05-15,Bermuda Jeans,Vestuário,5,"29,04",Cartão de Débito,Matriz - Recife
3098,2024-12-07,Porta Sabonete,,1,"162,42",pix,Matriz - Recife
3061,03-12-2024,Jaqueta Corta-Vento,Vestuário,1,"57,57",pix,Matriz - Recife
6304,24/10/2025,Organizador de Gaveta,Casa e Utilidades,1,"30,97",PIX,Matriz - Recife
3034,2024-12-01,Barra de Cereal,Alimentos,2,"146,48",Pix,Matriz - Recife
6980,11/12/2025,Cabo HDMI,Eletrônicos,1,"66,74",pix,Matriz - Recife
4656,2025-05-17,Boné Aba Reta,Vestuário,5,"117,42",Pix,Matriz - Recife
2415,04/10/2024,Chinelo de Dedo,Vestuário,1,"136,58",Pix,Matriz - Recife
1002,12/05/2024,Jaqueta Corta-Vento,,1,"60,19",Cartão de Crédito,Matriz - Recife
7135,22/12/2025,Fone de Ouvido Bluetooth,Eletrônicos,2,"151,43",Cartão de Crédito,Matriz - Recife
2923,23-11-2024,Água de Coco 500ml,Alimentos,1,"57,28",pix,Matriz - Recife
7083,17/12/2025,Fone de Ouvido Bluetooth,Eletrônicos,2,"163,91",Pix,Matriz - Recife
4816,2025-05-29,Jaqueta Corta-Vento,Vestuário,1,"56,06",pix,Matriz - Recife
3022,30/11/2024,Meia Esportiva,VESTUÁRIO,5,"16,34",Dinheiro,Matriz - Recife
5447,24-07-2025,Cola Bastão,Papelaria,1,"46,98",pix,Matriz - Recife
4793,2025-05-28,Chinelo de Dedo,Vestuário,1,"129,52",pix,Matriz - Recife
616,01-04-2024,Porta Sabonete,Casa e Utilidades,2,"157,02",Cartão de Crédito,Matriz - Recife
3709,09-02-2025,Jogo de Toalhas,,1,"84,39",Pix,Matriz - Recife
5983,17/09/2025,Cabo HDMI,Eletrônicos,2,"59,78",Dinheiro,Matriz - Recife
329,25/02/2024,Biscoito Recheado,ALIMENTOS,3,"51,92",PIX,Matriz - Recife
102,19-01-2024,amendoim torrado,ALIMENTOS,1,"161,24",PIX,Matriz - Recife
6074,01/10/2025,Escova de Limpeza,Casa e Utilidades,2,"199,80",pix,Matriz - Recife
5709,20/08/2025,Biscoito Recheado,Alimentos,1,"53,56",Pix,Matriz - Recife
2417,2024-10-05,Amendoim Torrado,Alimentos,1,"161,18",,Matriz - Recife
2849,18-11-2024,escova de limpeza,Casa e Utilidades,2,"213,73",Cartão de Crédito,Matriz - Recife
1635,2024-07-06,Jogo de Toalhas,Casa e Utilidades,5,"88,62",Pix,Matriz - Recife
2506,14-10-2024,Escova de Limpeza,Casa e Utilidades,1,"222,08",Dinheiro,Matriz - Recife
5992,2025-09-19,Jaqueta Corta-Vento,Vestuário,1,"65,18",Cartão de Débito,Matriz - Recife
6205,13/10/2025,Fone de Ouvido Bluetooth,Eletrônicos,2,"167,60",Pix,Matriz - Recife
4853,31/05/2025,Chinelo de Dedo,VESTUÁRIO,1,"129,81",Cartão de Débito,Matriz - Recife
6024,24-09-2025,Vela Aromática,CASA E UTILIDADES,1,"29,38",PIX,Matriz - Recife
5210,2025-06-28,Porta Sabonete,Casa e Utilidades,1,"150,16",pix,Matriz - Recife
3907,06/03/2025,Marcador de Texto,,1,"93,05",PIX,Matriz - Recife
1020,13/05/2024,mochila escolar,Papelaria,3,"212,05",Cartão de Crédito,Matriz - Recife
5636,2025-08-13,porta sabonete,CASA E UTILIDADES,3,"145,86",Cartão de Débito,Matriz - Recife
1452,2024-06-21,Caderno Universitário,Papelaria,1,"192,85",Pix,Matriz - Recife
5771,26-08-2025,Caneta Esferográfica,PAPELARIA,1,"9,71",Dinheiro,Matriz - Recife
3946,2025-03-09,Bermuda Jeans,Vestuário,1,"28,63",Cartão de Crédito,Matriz - Recife
2149,05-09-2024,Jogo de Toalhas,CASA E UTILIDADES,1,"87,86",pix,Matriz - Recife
4912,2025-06-05,chinelo de dedo,Vestuário,2,"122,73",Pix,Matriz - Recife
2949,2024-11-25,Organizador de Gaveta,CASA E UTILIDADES,1,"33,20",Dinheiro,Matriz - Recife
6170,10-10-2025,Café Torrado 500g,Alimentos,1,"14,63",Cartão de Débito,Matriz - Recife
4771,2025-05-27,Amendoim Torrado,Alimentos,3,"151,66",PIX,Matriz - Recife
6420,2025-11-03,Suco de Caju 1L,Alimentos,1,"165,03",Cartão de Crédito,Matriz - Recife
4425,30/04/2025,Escova de Limpeza,Casa e Utilidades,1,"198,95",pix,Matriz - Recife
7,2024-01-01,Vela Aromática,Casa e Utilidades,5,"32,20",PIX,Matriz - Recife
923,06/05/2024,Barra de Cereal,ALIMENTOS,3,"142,61",Cartão de Crédito,Matriz - Recife
5312,12/07/2025,Água de Coco 500ml,ALIMENTOS,1,"62,26",Cartão de Débito,Matriz - Recife
3937,2025-03-09,Fone de Ouvido Bluetooth,Eletrônicos,5,"165,68",Cartão de Crédito,Matriz - Recife
3266,20/12/2024,Jaqueta Corta-Vento,VESTUÁRIO,1,"59,59",Pix,Matriz - Recife
5804,2025-08-30,Amendoim Torrado,ALIMENTOS,-1,"138,97",Pix,Matriz - Recife
7193,2025-12-25,Cabo HDMI,,2,"63,54",Cartão de Crédito,Matriz - Recife
6809,2025-11-29,Chinelo de Dedo,Vestuário,1,"134,43",PIX,Matriz - Recife
5394,20-07-2025,Escova de Limpeza,Casa e Utilidades,2,"198,82",Dinheiro,Matriz - Recife
3897,05-03-2025,Vela Aromática,Casa e Utilidades,3,"32,54",Cartão de Crédito,Matriz - Recife
2527,2024-10-16,Fone de Ouvido Bluetooth,Eletrônicos,5,"172,76",PIX,Matriz - Recife
6993,2025-12-12,Cola Bastão,Papelaria,1,"44,83",PIX,Matriz - Recife
1510,2024-06-25,Estojo Simples,Papelaria,4,"174,07",Pix,Matriz - Recife
5012,12/06/2025,Água de Coco 500ml,Alimentos,3,"61,36",,Matriz - Recife
5363,17/07/2025,Vela Aromática,CASA E UTILIDADES,2,"28,59",Pix,Matriz - Recife
2374,30/09/2024,Camiseta Básica,Vestuário,1,"229,56",Pix,Matriz - Recife
3976,13/03/2025,amendoim torrado,Alimentos,5,"140,36",pix,Matriz - Recife
5054,17/06/2025,Cola Bastão,Papelaria,3,"46,28",Cartão de Crédito,Matriz - Recife
3834,27-02-2025,Fone de Ouvido Bluetooth,Eletrônicos,2,"154,01",Pix,Matriz - Recife
1394,16/06/2024,barra de cereal,Alimentos,1,"133,81",PIX,Matriz - Recife
698,11-04-2024,Estojo Simples,Papelaria,1,"165,93",Cartão de Débito,Matriz - Recife
3466,2025-01-05,Suco de Caju 1L,Alimentos,2,"176,97",Dinheiro,Matriz - Recife
3400,2024-12-29,Boné Aba Reta,Vestuário,5,"106,47",PIX,Matriz - Recife
488,17/03/2024,Barra de Cereal,Alimentos,1,"140,01",PIX,Matriz - Recife
3360,27-12-2024,Chinelo de Dedo,Vestuário,2,"132,49",Cartão de Débito,Matriz - Recife
851,29/04/2024,Jogo de Toalhas,Casa e Utilidades,-3,"93,86",PIX,Matriz - Recife
896,03/05/2024,Amendoim Torrado,Alimentos,1,"152,87",pix,Matriz - Recife
1526,2024-06-26,Cabo HDMI,ELETRÔNICOS,3,"61,07",PIX,Matriz - Recife
6674,20-11-2025,Camiseta Básica,Vestuário,-1,"230,15",Cartão de Crédito,Matriz - Recife
3791,20/02/2025,Fone de Ouvido Bluetooth,Eletrônicos,4,"160,23",PIX,Matriz - Recife
6591,14-11-2025,Porta Sabonete,Casa e Utilidades,-1,"148,33",Dinheiro,Matriz - Recife
336,26-02-2024,Fone de Ouvido Bluetooth,Eletrônicos,2,"161,33",Cartão de Crédito,Matriz - Recife
6373,2025-10-31,Barra de Cereal,Alimentos,1,"132,67",Pix,Matriz - Recife
2367,30/09/2024,Boné Aba Reta,Vestuário,5,"115,23",pix,Matriz - Recife
138,25/01/2024,Caderno Universitário,Papelaria,3,"219,13",Cartão de Crédito,Matriz - Recife
5609,10/08/2025,Camiseta Básica,Vestuário,2,"218,21",Pix,Matriz - Recife
6025,24-09-2025,Jaqueta Corta-Vento,Vestuário,1,"60,08",Cartão de Crédito,Matriz - Recife
2958,26/11/2024,Estojo Simples,Papelaria,1,"183,62",Cartão de Débito,Matriz - Recife
4561,09-05-2025,Água de Coco 500ml,Alimentos,2,"64,71",Cartão de Crédito,Matriz - Recife
7262,2025-12-29,Organizador de Gaveta,Casa e Utilidades,1,"33,40",Dinheiro,Matriz - Recife
4789,28/05/2025,Camiseta Básica,Vestuário,1,"218,11",pix,Matriz - Recife
4120,28/03/2025,Água de Coco 500ml,ALIMENTOS,2,"59,12",Dinheiro,Matriz - Recife
3409,30/12/2024,Kit Panelas Antiaderente,Casa e Utilidades,3,"248,45",Cartão de Crédito,Matriz - Recife
5478,2025-07-27,Vela Aromática,Casa e Utilidades,4,"32,08",Cartão de Débito,Matriz - Recife
206,05-02-2024,Mochila Escolar,Papelaria,1,"205,08",PIX,Matriz - Recife
3170,2024-12-12,Estojo Simples,PAPELARIA,2,"172,61",PIX,Matriz - Recife
6397,02-11-2025,Meia Esportiva,VESTUÁRIO,1,"16,38",pix,Matriz - Recife
5303,11-07-2025,Barra de Cereal,Alimentos,1,"139,02",Pix,Matriz - Recife
2740,2024-11-08,Marcador de Texto,Papelaria,5,"88,47",pix,Matriz - Recife
5702,2025-08-19,Kit Panelas Antiaderente,Casa e Utilidades,1,"237,94",pix,Matriz - Recife
2223,14-09-2024,Fone de Ouvido Bluetooth,Eletrônicos,1,"156,06",Cartão de Crédito,Matriz - Recife
3726,2025-02-11,Vela Aromática,CASA E UTILIDADES,1,"28,59",Cartão de Crédito,Matriz - Recife
1766,21/07/2024,Power Bank 10000mAh,Eletrônicos,1,"193,44",Cartão de Débito,Matriz - Recife
339,26-02-2024,Caderno Universitário,Papelaria,-1,"214,60",Cartão de Débito,Matriz - Recife
5905,10-09-2025,Jogo de Toalhas,Casa e Utilidades,2,"84,18",Cartão de Débito,Matriz - Recife
4407,2025-04-28,Caneta Esferográfica,Papelaria,3,"9,36",pix,Matriz - Recife
4931,2025-06-06,Fone de Ouvido Bluetooth,ELETRÔNICOS,4,"167,87",Dinheiro,Matriz - Recife
3965,12-03-2025,caixa de som portátil,Eletrônicos,1,"73,49",Pix,Matriz - Recife
7104,19/12/2025,Jaqueta Corta-Vento,VESTUÁRIO,2,"65,31",Dinheiro,Matriz - Recife
3577,24/01/2025,Caixa de Som Portátil,Eletrônicos,2,"78,24",pix,Matriz - Recife
2825,2024-11-16,Chinelo de Dedo,VESTUÁRIO,2,"139,15",Dinheiro,Matriz - Recife
2529,16-10-2024,Mouse Sem Fio,ELETRÔNICOS,4,"176,42",Cartão de Crédito,Matriz - Recife
4924,06-06-2025,Água de Coco 500ml,Alimentos,4,"65,47",Cartão de Débito,Matriz - Recife
767,20-04-2024,escova de limpeza,CASA E UTILIDADES,4,"209,77",Cartão de Débito,Matriz - Recife
6980,11/12/2025,Cabo HDMI,Eletrônicos,1,"66,74",pix,Matriz - Recife
6969,10/12/2025,Meia Esportiva,Vestuário,1,"15,89",Cartão de Crédito,Matriz - Recife
5759,2025-08-25,água de coco 500ml,,2,"64,62",Dinheiro,Matriz - Recife
1211,01-06-2024,Chinelo de Dedo,,2,"123,12",pix,Matriz - Recife
6639,2025-11-18,Biscoito Recheado,Alimentos,1,"57,52",pix,Matriz - Recife
4979,09-06-2025,Cola Bastão,Papelaria,1,"47,71",PIX,Matriz - Recife
5205,28-06-2025,Café Torrado 500g,Alimentos,1,"13,79",Cartão de Débito,Matriz - Recife
1621,04/07/2024,Mochila Escolar,Papelaria,1,"194,45",Dinheiro,Matriz - Recife
519,21/03/2024,Caneta Esferográfica,Papelaria,3,"9,14",Cartão de Débito,Matriz - Recife
484,2024-03-17,Power Bank 10000mAh,Eletrônicos,2,"191,91",Cartão de Crédito,Matriz - Recife
2624,27/10/2024,Café Torrado 500g,Alimentos,3,"15,51",PIX,Matriz - Recife
1858,02/08/2024,caixa de som portátil,ELETRÔNICOS,2,"78,86",Dinheiro,Matriz - Recife
4873,01-06-2025,Caneta Esferográfica,Papelaria,2,"9,01",Cartão de Débito,Matriz - Recife
789,2024-04-22,Carregador USB-C,Eletrônicos,2,"14,28",PIX,Matriz - Recife
3569,23/01/2025,Meia Esportiva,VESTUÁRIO,2,"16,13",PIX,Matriz - Recife
6896,04/12/2025,Bermuda Jeans,VESTUÁRIO,3,"27,27",Cartão de Débito,Matriz - Recife
2436,06-10-2024,Mouse Sem Fio,Eletrônicos,1,"165,33",PIX,Matriz - Recife
3784,19-02-2025,chinelo de dedo,Vestuário,2,"139,98",pix,Matriz - Recife
1318,09-06-2024,Vela Aromática,Casa e Utilidades,3,"28,10",Cartão de Débito,Matriz - Recife
3848,01-03-2025,Barra de Cereal,ALIMENTOS,-1,"150,82",Cartão de Débito,matriz-recife
4011,2025-03-16,Suco de Caju 1L,Alimentos,1,"168,09",Pix,Matriz - Recife
24,2024-01-05,Mochila Escolar,Papelaria,4,"214,25",Cartão de Débito,Matriz - Recife
3156,11/12/2024,Camiseta Básica,VESTUÁRIO,2,"219,39",Pix,Matriz - Recife
5118,21-06-2025,Organizador de Gaveta,Casa e Utilidades,4,"32,53",Cartão de Débito,Matriz - Recife
4591,12-05-2025,Água de Coco 500ml,Alimentos,1,"60,55",Pix,Matriz - Recife
7263,29-12-2025,Caixa de Som Portátil,ELETRÔNICOS,1,"79,60",Dinheiro,Matriz - Recife
58,09/01/2024,Carregador USB-C,ELETRÔNICOS,1,"14,19",pix,Matriz - Recife
5262,2025-07-04,Camiseta Básica,Vestuário,5,"228,28",PIX,Matriz - Recife
6566,12/11/2025,Amendoim Torrado,Alimentos,3,"140,07",Cartão de Crédito,Matriz - Recife
482,2024-03-17,Cola Bastão,Papelaria,2,"45,09",Cartão de Débito,Matriz - Recife
849,2024-04-29,Água de Coco 500ml,ALIMENTOS,1,"59,61",Dinheiro,Matriz - Recife
6578,13-11-2025,Fone de Ouvido Bluetooth,Eletrônicos,-1,"158,05",PIX,Matriz - Recife
6560,2025-11-11,Amendoim Torrado,ALIMENTOS,2,"146,46",,Matriz - Recife
4414,2025-04-29,Jaqueta Corta-Vento,Vestuário,2,"60,67",Pix,Matriz - Recife
49,08/01/2024,Power Bank 10000mAh,Eletrônicos,2,"171,71",Pix,Matriz - Recife
445,2024-03-12,Cola Bastão,Papelaria,2,"47,26",Pix,Matriz - Recife
6117,2025-10-04,Camiseta Básica,Vestuário,3,"218,43",Cartão de Débito,Matriz - Recife
5060,2025-06-18,Kit Panelas Antiaderente,Casa e Utilidades,2,"242,47",Pix,Matriz - Recife
4951,07/06/2025,Chinelo de Dedo,Vestuário,2,"126,33",Pix,Matriz - Recife
3904,2025-03-06,Vela Aromática,Casa e Utilidades,1,"28,22",Cartão de Crédito,Matriz - Recife
400,09/03/2024,Mochila Escolar,PAPELARIA,2,"212,48",Pix,Matriz - Recife
6873,2025-12-02,Carregador USB-C,ELETRÔNICOS,1,"13,37",Cartão de Crédito,Matriz - Recife
5342,15/07/2025,mochila escolar,PAPELARIA,3,"211,44",Cartão de Crédito,Matriz - Recife
1731,2024-07-17,Suco de Caju 1L,Alimentos,3,"172,94",pix,Matriz - Recife
4948,07/06/2025,Carregador USB-C,Eletrônicos,1,"14,79",Cartão de Débito,Matriz - Recife
352,28-02-2024,Mochila Escolar,Papelaria,2,"208,29",pix,Matriz - Recife
6019,2025-09-23,escova de limpeza,,3,"202,77",Pix,Matriz - Recife
7013,2025-12-13,Porta Sabonete,Casa e Utilidades,1,"163,66",pix,Matriz - Recife
3813,23-02-2025,Porta Sabonete,Casa e Utilidades,2,"147,09",pix,Matriz - Recife
6902,05-12-2025,Organizador de Gaveta,CASA E UTILIDADES,2,"32,87",pix,Matriz - Recife
3214,15-12-2024,Suco de Caju 1L,Alimentos,1,"169,51",Dinheiro,Matriz - Recife
6635,18-11-2025,Vela Aromática,CASA E UTILIDADES,1,"28,97",Cartão de Débito,Matriz - Recife
5856,04/09/2025,Estojo Simples,Papelaria,1,"182,83",PIX,Matriz - Recife
6807,2025-11-29,Meia Esportiva,Vestuário,1,"16,32",PIX,Matriz - Recife
600,31/03/2024,Amendoim Torrado,Alimentos,1,"148,92",Cartão de Débito,Matriz - Recife
3338,25/12/2024,Água de Coco 500ml,Alimentos,3,"64,10",PIX,Matriz - Recife
4409,29/04/2025,Jaqueta Corta-Vento,Vestuário,1,"56,59",Pix,Matriz - Recife
3718,2025-02-10,Mochila Escolar,Papelaria,1,"193,82",Pix,Matriz - Recife
3719,10/02/2025,Chinelo de Dedo,Vestuário,1,"122,81",pix,Matriz - Recife
1861,02/08/2024,Jogo de Toalhas,Casa e Utilidades,3,"96,17",Pix,Matriz - Recife
4705,23-05-2025,Boné Aba Reta,Vestuário,3,"103,39",pix,Matriz - Recife
7186,25/12/2025,Caixa de Som Portátil,Eletrônicos,4,"77,16",Cartão de Crédito,Matriz - Recife
5143,2025-06-24,Barra de Cereal,ALIMENTOS,1,"150,35",Dinheiro,Matriz - Recife
426,10-03-2024,Amendoim Torrado,Alimentos,-4,"140,71",PIX,Matriz - Recife
4124,28-03-2025,Cabo HDMI,Eletrônicos,2,"58,71",pix,Matriz - Recife
2767,11/11/2024,Barra de Cereal,Alimentos,1,"138,43",Cartão de Crédito,Matriz - Recife
7158,2025-12-23,Cola Bastão,,5,"42,66",Dinheiro,Matriz - Recife
4648,2025-05-17,Jogo de Toalhas,Casa e Utilidades,1,"82,85",Pix,Matriz - Recife
1347,11-06-2024,Amendoim Torrado,Alimentos,1,"152,32",Pix,Matriz - Recife
3097,07-12-2024,Caixa de Som Portátil,,1,"76,03",PIX,Matriz - Recife
4588,12-05-2025,Jogo de Toalhas,Casa e Utilidades,3,"90,34",Cartão de Débito,Matriz - Recife
2205,12/09/2024,Fone de Ouvido Bluetooth,Eletrônicos,2,"173,20",Pix,Matriz - Recife
3523,16-01-2025,Jogo de Toalhas,Casa e Utilidades,2,"86,44",Pix,Matriz - Recife
5925,2025-09-12,Biscoito Recheado,ALIMENTOS,1,"52,97",,Matriz - Recife
295,20-02-2024,Água de Coco 500ml,Alimentos,1,"58,11",Cartão de Crédito,Matriz - Recife
5832,2025-09-02,Suco de Caju 1L,Alimentos,4,"158,77",PIX,Matriz - Recife
5512,2025-07-31,Organizador de Gaveta,Casa e Utilidades,2,"32,78",Cartão de Crédito,Matriz - Recife
4330,19-04-2025,Organizador de Gaveta,Casa e Utilidades,4,"31,69",PIX,Matriz - Recife
5150,24-06-2025,Caneta Esferográfica,Papelaria,2,"8,90",PIX,Matriz - Recife
5884,2025-09-07,Água de Coco 500ml,Alimentos,1,"62,50",PIX,Matriz - Recife
3440,2025-01-02,kit panelas antiaderente,CASA E UTILIDADES,1,"220,86",Pix,Matriz - Recife
2226,14-09-2024,Porta Sabonete,Casa e Utilidades,2,"143,89",,Matriz - Recife
2993,29/11/2024,Escova de Limpeza,Casa e Utilidades,4,"204,86",Cartão de Débito,Matriz - Recife
3386,28/12/2024,Chinelo de Dedo,Vestuário,3,"140,40",Pix,Matriz - Recife
5181,27/06/2025,Mouse Sem Fio,Eletrônicos,2,"165,70",pix,Matriz - Recife
4135,29-03-2025,Marcador de Texto,Papelaria,1,"85,71",Dinheiro,Matriz - Recife
3619,29/01/2025,Power Bank 10000mAh,Eletrônicos,1,"171,75",Dinheiro,Matriz - Recife
564,2024-03-26,Caderno Universitário,Papelaria,1,"203,53",Dinheiro,Matriz - Recife
5563,2025-08-05,Bermuda Jeans,VESTUÁRIO,4,"30,37",Cartão de Crédito,Matriz - Recife
2066,26/08/2024,Barra de Cereal,Alimentos,1,"135,93",Pix,Matriz - Recife
304,2024-02-22,Água de Coco 500ml,,2,"62,27",Pix,Matriz - Recife
5127,2025-06-22,Porta Sabonete,CASA E UTILIDADES,2,"151,94",Cartão de Débito,Matriz - Recife
2112,2024-09-01,café torrado 500g,Alimentos,1,"13,37",Cartão de Débito,Matriz - Recife
1210,01/06/2024,Amendoim Torrado,Alimentos,3,"147,55",Pix,Matriz - Recife
2358,29-09-2024,Mochila Escolar,Papelaria,1,"204,11",Cartão de Débito,Matriz - Recife
6005,2025-09-21,Estojo Simples,Papelaria,1,"165,08",Pix,Matriz - Recife
5788,28/08/2025,Organizador de Gaveta,Casa e Utilidades,2,"29,62",Dinheiro,Matriz - Recife
2410,04/10/2024,Suco de Caju 1L,Alimentos,2,"172,67",pix,Matriz - Recife
1105,21/05/2024,Biscoito Recheado,Alimentos,3,"59,32",Cartão de Crédito,Matriz - Recife
4738,2025-05-25,Bermuda Jeans,Vestuário,1,"29,50",Dinheiro,Matriz - Recife
6763,2025-11-25,Fone de Ouvido Bluetooth,Eletrônicos,1,"159,85",Pix,Matriz - Recife
4814,2025-05-29,Power Bank 10000mAh,Eletrônicos,4,"199,40",Cartão de Débito,Matriz - Recife
5667,2025-08-15,Kit Panelas Antiaderente,Casa e Utilidades,2,"224,71",Cartão de Crédito,Matriz - Recife
3804,22-02-2025,Chinelo de Dedo,Vestuário,5,"125,53",Cartão de Crédito,Matriz - Recife
4750,2025-05-26,Bermuda Jeans,Vestuário,3,"28,74",Dinheiro,Matriz - Recife
4556,09-05-2025,Barra de Cereal,Alimentos,1,"144,14",pix,Matriz - Recife
1974,15-08-2024,Carregador USB-C,Eletrônicos,4,"13,53",Cartão de Débito,Matriz - Recife
4179,2025-04-02,Biscoito Recheado,Alimentos,2,"59,94",PIX,Matriz - Recife
828,26-04-2024,Cola Bastão,Papelaria,4,"48,84",pix,Matriz - Recife
3147,10/12/2024,Suco de Caju 1L,Alimentos,2,"157,96",PIX,Matriz - Recife
4129,28/03/2025,Caderno Universitário,Papelaria,1,"211,83",pix,Matriz - Recife
6536,10/11/2025,Vela Aromática,CASA E UTILIDADES,2,"29,37",pix,Matriz - Recife
3780,2025-02-19,Organizador de Gaveta,Casa e Utilidades,3,"31,31",Dinheiro,Matriz - Recife
1714,15-07-2024,Camiseta Básica,Vestuário,4,"208,43",Pix,Matriz - Recife
996,12/05/2024,Bermuda Jeans,Vestuário,5,"27,92",PIX,Matriz - Recife
2871,2024-11-19,Jogo de Toalhas,Casa e Utilidades,4,"96,31",Cartão de Débito,Matriz - Recife
5434,23/07/2025,Carregador USB-C,Eletrônicos,2,"14,74",PIX,Matriz - Recife
1514,2024-06-25,Estojo Simples,Papelaria,2,"170,91",PIX,Matriz - Recife
3923,08/03/2025,Escova de Limpeza,CASA E UTILIDADES,2,"220,43",PIX,Matriz - Recife
6941,08-12-2025,Power Bank 10000mAh,Eletrônicos,2,"195,60",pix,Matriz - Recife
6218,14-10-2025,Amendoim Torrado,ALIMENTOS,2,"141,83",PIX,Matriz - Recife
1520,2024-06-26,Bermuda Jeans,Vestuário,2,"27,20",Cartão de Débito,Matriz - Recife
7060,2025-12-16,Suco de Caju 1L,Alimentos,1,"161,86",pix,Matriz - Recife
5854,04-09-2025,Caixa de Som Portátil,Eletrônicos,2,"73,19",Cartão de Débito,Matriz - Recife
6557,11-11-2025,Jogo de Toalhas,Casa e Utilidades,4,"91,64",Cartão de Débito,Matriz - Recife
2041,23-08-2024,Cola Bastão,Papelaria,3,"42,59",Dinheiro,Matriz - Recife
707,2024-04-13,Meia Esportiva,Vestuário,1,"14,52",PIX,Matriz - Recife
4761,2025-05-26,Porta Sabonete,CASA E UTILIDADES,4,"146,91",Cartão de Débito,Matriz - Recife
1205,31/05/2024,Caixa de Som Portátil,Eletrônicos,1,"75,73",PIX,Matriz - Recife
1321,09/06/2024,Escova de Limpeza,Casa e Utilidades,2,"199,32",Cartão de Crédito,Matriz - Recife
4936,06/06/2025,Caneta Esferográfica,Papelaria,1,"8,96",Dinheiro,Matriz - Recife
3063,04/12/2024,Jogo de Toalhas,Casa e Utilidades,2,"93,58",Dinheiro,Matriz - Recife
7019,13/12/2025,Carregador USB-C,Eletrônicos,-2,"13,93",pix,Matriz - Recife
6354,28/10/2025,Bermuda Jeans,Vestuário,1,"29,99",Pix,Matriz - Recife
5546,2025-08-03,Mochila Escolar,Papelaria,1,"208,33",Cartão de Crédito,Matriz - Recife
6909,2025-12-05,Mouse Sem Fio,Eletrônicos,1,"162,19",Pix,Matriz - Recife
1089,2024-05-21,Jogo de Toalhas,Casa e Utilidades,2,"89,90",pix,Matriz - Recife
538,2024-03-23,Carregador USB-C,Eletrônicos,2,"13,19",Dinheiro,Matriz - Recife
5738,2025-08-23,Barra de Cereal,Alimentos,4,"148,41",Dinheiro,Matriz - Recife
4265,2025-04-11,Caneta Esferográfica,Papelaria,1,"9,54",Cartão de Débito,Matriz - Recife
5401,20/07/2025,Bermuda Jeans,VESTUÁRIO,3,"31,00",PIX,Matriz - Recife
3451,2025-01-03,café torrado 500g,ALIMENTOS,4,"15,47",pix,Matriz - Recife
7146,2025-12-22,Boné Aba Reta,Vestuário,1,"113,08",Dinheiro,Matriz - Recife
5945,2025-09-14,Porta Sabonete,Casa e Utilidades,5,"144,06",PIX,Matriz - Recife
1333,2024-06-10,Kit Panelas Antiaderente,Casa e Utilidades,3,"225,34",Pix,Matriz - Recife
6882,03/12/2025,Amendoim Torrado,ALIMENTOS,1,"156,11",Cartão de Débito,Matriz - Recife
4505,2025-05-05,Biscoito Recheado,Alimentos,1,"56,45",Cartão de Débito,Matriz - Recife
5493,29/07/2025,cabo hdmi,Eletrônicos,1,"58,29",Cartão de Crédito,Matriz - Recife
4102,27-03-2025,Estojo Simples,Papelaria,3,"180,39",Pix,Matriz - Recife
7120,20-12-2025,Água de Coco 500ml,Alimentos,1,"61,74",Cartão de Crédito,Matriz - Recife
1680,2024-07-11,Amendoim Torrado,Alimentos,1,"149,04",Pix,Matriz - Recife
2084,29-08-2024,Mouse Sem Fio,Eletrônicos,2,"172,94",Pix,Matriz - Recife
1194,30/05/2024,Suco de Caju 1L,,1,"175,79",PIX,Matriz - Recife
3529,2025-01-17,Estojo Simples,Papelaria,5,"188,75",Dinheiro,Matriz - Recife
141,25-01-2024,Amendoim Torrado,Alimentos,1,"149,78",Cartão de Débito,Matriz - Recife
394,08/03/2024,Organizador de Gaveta,Casa e Utilidades,2,"32,11",Cartão de Crédito,Matriz - Recife
1702,14-07-2024,caderno universitário,Papelaria,1,"197,03",Cartão de Crédito,Matriz - Recife
2945,2024-11-25,Kit Panelas Antiaderente,Casa e Utilidades,4,"233,33",Cartão de Débito,Matriz - Recife
2906,21/11/2024,Amendoim Torrado,Alimentos,3,"158,89",Pix,Matriz - Recife
97,17/01/2024,Caderno Universitário,PAPELARIA,1,"190,35",pix,Matriz - Recife
1759,2024-07-20,Organizador de Gaveta,Casa e Utilidades,1,"30,81",Cartão de Débito,Matriz - Recife
6016,22/09/2025,Escova de Limpeza,Casa e Utilidades,1,"230,06",Dinheiro,Matriz - Recife
2147,05/09/2024,Caderno Universitário,Papelaria,2,"188,93",Cartão de Débito,Matriz - Recife
3236,18-12-2024,Cabo HDMI,Eletrônicos,1,"59,45",Cartão de Crédito,Matriz - Recife
1123,23-05-2024,Jaqueta Corta-Vento,Vestuário,1,"59,40",PIX,Matriz - Recife
5718,2025-08-21,Jogo de Toalhas,Casa e Utilidades,-2,"90,42",pix,Matriz - Recife
5410,2025-07-21,Vela Aromática,Casa e Utilidades,1,"28,46",Cartão de Débito,Matriz - Recife
620,02/04/2024,Porta Sabonete,Casa e Utilidades,2,"148,94",Pix,Matriz - Recife
1418,18/06/2024,Bermuda Jeans,Vestuário,4,"29,31",Pix,Matriz - Recife
3540,19/01/2025,Amendoim Torrado,Alimentos,2,"141,96",PIX,Matriz - Recife
4877,2025-06-02,Caixa de Som Portátil,Eletrônicos,2,"73,27",Cartão de Crédito,Matriz - Recife
4792,2025-05-28,Vela Aromática,Casa e Utilidades,4,"29,72",Dinheiro,Matriz - Recife
5701,19-08-2025,Mochila Escolar,Papelaria,2,"191,55",Cartão de Débito,Matriz - Recife
3686,06/02/2025,Kit Panelas Antiaderente,Casa e Utilidades,4,"252,40",Pix,Matriz - Recife
5384,19/07/2025,Fone de Ouvido Bluetooth,Eletrônicos,5,"162,94",pix,Matriz - Recife
4925,06-06-2025,Meia Esportiva,VESTUÁRIO,2,"14,99",PIX,Matriz - Recife
278,2024-02-16,Marcador de Texto,,4,"90,00",pix,Matriz - Recife
5506,31/07/2025,Caixa de Som Portátil,Eletrônicos,4,"80,24",pix,Matriz - Recife
786,22/04/2024,Suco de Caju 1L,Alimentos,1,"161,33",,Matriz - Recife
5179,2025-06-26,Caixa de Som Portátil,ELETRÔNICOS,2,"70,70",PIX,Matriz - Recife
3155,2024-12-11,Jogo de Toalhas,Casa e Utilidades,2,"92,20",Pix,Matriz - Recife
3660,03/02/2025,Chinelo de Dedo,Vestuário,4,"139,79",pix,Matriz - Recife
6073,2025-09-30,Suco de Caju 1L,Alimentos,1,"171,17",pix,Matriz - Recife
6407,03/11/2025,Power Bank 10000mAh,,1,"200,93",Cartão de Débito,Matriz - Recife
6411,2025-11-03,Amendoim Torrado,Alimentos,4,"144,43",Cartão de Débito,Matriz - Recife
507,2024-03-19,kit panelas antiaderente,Casa e Utilidades,1,"245,36",Pix,Matriz - Recife
4953,2025-06-07,boné aba reta,Vestuário,1,"110,32",pix,Matriz - Recife
1353,12/06/2024,Biscoito Recheado,Alimentos,3,"53,94",Dinheiro,Matriz - Recife
1081,2024-05-20,Bermuda Jeans,Vestuário,1,"27,10",Cartão de Crédito,Matriz - Recife
4959,08-06-2025,Suco de Caju 1L,Alimentos,1,"162,15",pix,Matriz - Recife
5096,20/06/2025,Estojo Simples,Papelaria,3,"173,03",Pix,Matriz - Recife
136,2024-01-24,Suco de Caju 1L,Alimentos,-1,"154,08",Dinheiro,Matriz - Recife
4400,28/04/2025,estojo simples,Papelaria,1,"169,55",Cartão de Crédito,Matriz - Recife
705,13-04-2024,Mouse Sem Fio,Eletrônicos,4,"167,01",PIX,Matriz - Recife
5091,20-06-2025,Chinelo de Dedo,Vestuário,3,"138,90",pix,Matriz - Recife
5947,2025-09-14,Jaqueta Corta-Vento,Vestuário,3,"61,34",PIX,Matriz - Recife
1975,15/08/2024,água de coco 500ml,Alimentos,4,"64,71",Cartão de Débito,Matriz - Recife
2855,18-11-2024,Estojo Simples,Papelaria,1,"166,88",pix,Matriz - Recife
6500,2025-11-07,Jogo de Toalhas,Casa e Utilidades,1,"90,88",pix,Matriz - Recife
2692,2024-11-04,Jogo de Toalhas,Casa e Utilidades,1,"86,19",Pix,Matriz - Recife
1734,17/07/2024,Cabo HDMI,ELETRÔNICOS,2,"57,52",Cartão de Débito,Matriz - Recife
1743,18-07-2024,jaqueta corta-vento,Vestuário,2,"65,75",pix,Matriz - Recife
4872,01/06/2025,Jaqueta Corta-Vento,Vestuário,1,"60,19",pix,Matriz - Recife
1071,19-05-2024,estojo simples,Papelaria,1,"184,62",PIX,Matriz - Recife
3541,19-01-2025,Vela Aromática,Casa e Utilidades,1,"28,02",Dinheiro,Matriz - Recife
5021,13-06-2025,Biscoito Recheado,Alimentos,3,"60,03",Dinheiro,Matriz - Recife
3424,31/12/2024,Jogo de Toalhas,CASA E UTILIDADES,2,"88,58",PIX,Matriz - Recife
3032,2024-12-01,Jogo de Toalhas,Casa e Utilidades,1,"84,61",Cartão de Débito,Matriz - Recife
4242,10/04/2025,Chinelo de Dedo,,3,"124,85",Dinheiro,Matriz - Recife
1742,18-07-2024,Mochila Escolar,PAPELARIA,1,"217,84",Pix,Matriz - Recife
987,2024-05-11,Água de Coco 500ml,Alimentos,4,"62,40",PIX,Matriz - Recife
2271,20/09/2024,Marcador de Texto,Papelaria,4,"89,21",Cartão de Crédito,Matriz - Recife
4539,2025-05-08,Café Torrado 500g,Alimentos,4,"13,92",PIX,Matriz - Recife
5881,07/09/2025,Bermuda Jeans,Vestuário,1,"29,51",Pix,Matriz - Recife
630,03/04/2024,Suco de Caju 1L,Alimentos,2,"154,30",pix,Matriz - Recife
1234,03/06/2024,Biscoito Recheado,Alimentos,2,"54,76",pix,Matriz - Recife
1185,29-05-2024,Meia Esportiva,Vestuário,2,"15,34",Cartão de Débito,Matriz - Recife
7099,2025-12-18,Café Torrado 500g,,2,"13,30",pix,Matriz - Recife
5450,24-07-2025,caixa de som portátil,Eletrônicos,3,"70,20",Cartão de Débito,Matriz - Recife
5501,30/07/2025,Café Torrado 500g,Alimentos,2,"15,09",Dinheiro,Matriz - Recife
1342,11/06/2024,Kit Panelas Antiaderente,Casa e Utilidades,1,"226,20",Cartão de Crédito,Matriz - Recife
3795,20-02-2025,Marcador de Texto,PAPELARIA,2,"91,64",Pix,Matriz - Recife
3050,03-12-2024,Mouse Sem Fio,Eletrônicos,3,"175,06",PIX,Matriz - Recife
2018,20/08/2024,Jaqueta Corta-Vento,VESTUÁRIO,1,"64,05",Dinheiro,Matriz - Recife
3582,2025-01-25,Marcador de Texto,Papelaria,2,"96,50",pix,Matriz - Recife
2272,20-09-2024,Escova de Limpeza,Casa e Utilidades,1,"197,33",Pix,Matriz - Recife
7161,23/12/2025,Café Torrado 500g,Alimentos,1,"15,01",Pix,Matriz - Recife
5614,2025-08-11,Caneta Esferográfica,Papelaria,2,"9,79",pix,Matriz - Recife
2565,21/10/2024,Água de Coco 500ml,,1,"57,68",pix,Matriz - Recife
4322,17-04-2025,Caixa de Som Portátil,Eletrônicos,4,"78,38",Dinheiro,Matriz - Recife
5228,30-06-2025,Fone de Ouvido Bluetooth,,1,"162,99",pix,Matriz - Recife
1206,31/05/2024,Barra de Cereal,Alimentos,1,"137,68",Pix,Matriz - Recife
3978,13/03/2025,Café Torrado 500g,Alimentos,1,"13,57",pix,Matriz - Recife
1410,18-06-2024,Caneta Esferográfica,Papelaria,5,"9,07",PIX,Matriz - Recife
6309,24-10-2025,Carregador USB-C,ELETRÔNICOS,3,"13,89",Dinheiro,matriz-recife
6273,21/10/2025,Cola Bastão,Papelaria,1,"43,72",Dinheiro,Matriz - Recife
5288,07-07-2025,Carregador USB-C,Eletrônicos,1,"14,64",Cartão de Crédito,Matriz - Recife
798,24-04-2024,Cola Bastão,Papelaria,1,"46,55",pix,Matriz - Recife
3480,2025-01-07,Fone de Ouvido Bluetooth,Eletrônicos,1,"167,11",Cartão de Débito,Matriz - Recife
865,01/05/2024,Kit Panelas Antiaderente,CASA E UTILIDADES,1,"221,10",Cartão de Crédito,Matriz - Recife
5467,2025-07-26,Escova de Limpeza,Casa e Utilidades,3,"203,70",Cartão de Débito,Matriz - Recife
1272,2024-06-06,Estojo Simples,Papelaria,1,"176,19",Pix,Matriz - Recife
3793,20/02/2025,Porta Sabonete,,2,"165,36",Pix,Matriz - Recife
593,30/03/2024,Boné Aba Reta,Vestuário,3,"104,27",Cartão de Débito,Matriz - Recife
4291,14-04-2025,Caixa de Som Portátil,Eletrônicos,1,"70,76",Dinheiro,Matriz - Recife
6146,2025-10-07,Cola Bastão,Papelaria,2,"43,21",,Matriz - Recife
2936,2024-11-25,Cola Bastão,Papelaria,5,"47,16",Dinheiro,Matriz - Recife
4292,14-04-2025,Café Torrado 500g,Alimentos,2,"14,38",Cartão de Débito,Matriz - Recife
6713,2025-11-22,Cola Bastão,Papelaria,1,"48,65",Dinheiro,Matriz - Recife
2742,08-11-2024,Bermuda Jeans,Vestuário,1,"28,22",Cartão de Débito,Matriz - Recife
6180,11-10-2025,Cola Bastão,Papelaria,2,"44,22",pix,Matriz - Recife
7043,15/12/2025,Jogo de Toalhas,Casa e Utilidades,4,"91,35",Cartão de Débito,Matriz - Recife
5222,2025-06-30,Caneta Esferográfica,Papelaria,1,"10,33",Cartão de Débito,Matriz - Recife
920,06-05-2024,escova de limpeza,Casa e Utilidades,1,"223,38",Cartão de Crédito,Matriz - Recife
3740,13/02/2025,cola bastão,Papelaria,1,"43,84",pix,Matriz - Recife
2312,24/09/2024,Bermuda Jeans,Vestuário,1,"30,82",Dinheiro,Matriz - Recife
5963,16-09-2025,Caderno Universitário,Papelaria,-1,"189,63",Dinheiro,Matriz - Recife
5378,19-07-2025,Jogo de Toalhas,Casa e Utilidades,4,"87,81",pix,Matriz - Recife
3218,16/12/2024,Organizador de Gaveta,Casa e Utilidades,2,"31,58",pix,Matriz - Recife
2370,30/09/2024,Barra de Cereal,Alimentos,3,"144,96",pix,Matriz - Recife
3871,2025-03-03,Porta Sabonete,Casa e Utilidades,1,"158,65",Cartão de Débito,Matriz - Recife
4006,16-03-2025,Power Bank 10000mAh,Eletrônicos,2,"185,90",Dinheiro,Matriz - Recife
272,2024-02-16,Meia Esportiva,Vestuário,1,"14,18",Pix,Matriz - Recife
7034,14/12/2025,Barra de Cereal,Alimentos,4,"132,06",Dinheiro,Matriz - Recife
6670,2025-11-20,Meia Esportiva,Vestuário,3,"16,38",pix,Matriz - Recife
6517,2025-11-09,Mochila Escolar,Papelaria,2,"205,63",Cartão de Crédito,Matriz - Recife
3843,01/03/2025,Amendoim Torrado,Alimentos,4,"139,65",Cartão de Crédito,Matriz - Recife
1525,26/06/2024,Porta Sabonete,Casa e Utilidades,-1,"149,54",Dinheiro,Matriz - Recife
5345,2025-07-16,Meia Esportiva,Vestuário,1,"15,71",PIX,Matriz - Recife
5431,23/07/2025,Organizador de Gaveta,Casa e Utilidades,1,"31,62",Pix,Matriz - Recife
4945,2025-06-07,Boné Aba Reta,Vestuário,1,"118,16",Dinheiro,Matriz - Recife
3375,27-12-2024,Caneta Esferográfica,Papelaria,2,"9,22",pix,Matriz - Recife
5494,29-07-2025,Camiseta Básica,Vestuário,2,"210,95",PIX,Matriz - Recife
6801,28-11-2025,Cabo HDMI,ELETRÔNICOS,1,"61,48",PIX,Matriz - Recife
6341,27-10-2025,Mochila Escolar,Papelaria,4,"217,62",Dinheiro,Matriz - Recife
5072,2025-06-19,estojo simples,Papelaria,1,"181,72",PIX,Matriz - Recife
6702,2025-11-22,Cabo HDMI,Eletrônicos,1,"58,65",PIX,Matriz - Recife
950,2024-05-09,Suco de Caju 1L,Alimentos,-5,"171,97",Cartão de Débito,Matriz - Recife
4762,26-05-2025,Estojo Simples,Papelaria,1,"190,77",Dinheiro,Matriz - Recife
3047,02/12/2024,Kit Panelas Antiaderente,CASA E UTILIDADES,3,"255,61",Pix,Matriz - Recife
6465,05-11-2025,boné aba reta,Vestuário,5,"116,87",Pix,Matriz - Recife
661,08/04/2024,Fone de Ouvido Bluetooth,ELETRÔNICOS,2,"174,10",PIX,Matriz - Recife
6045,27/09/2025,Camiseta Básica,,1,"239,28",PIX,Matriz - Recife
6808,29/11/2025,Bermuda Jeans,Vestuário,1,"28,68",Pix,Matriz - Recife
6708,22-11-2025,Chinelo de Dedo,Vestuário,-1,"122,56",PIX,Matriz - Recife
960,09/05/2024,Organizador de Gaveta,Casa e Utilidades,2,"29,04",Cartão de Crédito,Matriz - Recife
1236,03-06-2024,Amendoim Torrado,Alimentos,1,"152,96",Cartão de Débito,Matriz - Recife
699,12-04-2024,Caneta Esferográfica,Papelaria,2,"10,24",Cartão de Débito,Matriz - Recife
6478,06/11/2025,Caixa de Som Portátil,ELETRÔNICOS,1,"79,10",Cartão de Débito,Matriz - Recife
1987,2024-08-17,Jogo de Toalhas,CASA E UTILIDADES,1,"87,80",Pix,Matriz - Recife
6682,20-11-2025,Boné Aba Reta,Vestuário,1,"107,94",pix,Matriz - Recife
2770,2024-11-11,Suco de Caju 1L,ALIMENTOS,1,"168,85",Cartão de Débito,Matriz - Recife
6166,2025-10-09,Boné Aba Reta,Vestuário,1,"111,77",PIX,Matriz - Recife
240,11-02-2024,jaqueta corta-vento,Vestuário,1,"61,75",Cartão de Débito,Matriz - Recife
7114,19/12/2025,Chinelo de Dedo,VESTUÁRIO,2,"138,22",Pix,Matriz - Recife
7283,2025-12-30,Biscoito Recheado,Alimentos,5,"56,12",PIX,Matriz - Recife
3311,23-12-2024,Power Bank 10000mAh,Eletrônicos,3,"174,68",Cartão de Crédito,Matriz - Recife
1564,29/06/2024,Café Torrado 500g,Alimentos,3,"15,33",Cartão de Débito,Matriz - Recife
379,2024-03-05,Mouse Sem Fio,Eletrônicos,5,"171,56",pix,Matriz - Recife
383,05/03/2024,Meia Esportiva,Vestuário,3,"14,90",Cartão de Débito,Matriz - Recife
3369,2024-12-27,Café Torrado 500g,,3,"14,05",,Matriz - Recife
5163,2025-06-26,Carregador USB-C,Eletrônicos,4,"15,05",Cartão de Débito,Matriz - Recife
2757,10/11/2024,Caixa de Som Portátil,Eletrônicos,3,"68,69",Cartão de Débito,Matriz - Recife
306,22/02/2024,Caderno Universitário,PAPELARIA,2,"207,72",Cartão de Crédito,Matriz - Recife
2845,2024-11-17,Amendoim Torrado,ALIMENTOS,2,"146,29",Pix,Matriz - Recife
4677,19-05-2025,Porta Sabonete,Casa e Utilidades,1,"144,83",Cartão de Crédito,Matriz - Recife
267,2024-02-15,Vela Aromática,Casa e Utilidades,1,"30,87",Dinheiro,Matriz - Recife
1084,20/05/2024,Bermuda Jeans,Vestuário,1,"26,77",pix,Matriz - Recife
230,10/02/2024,Café Torrado 500g,Alimentos,2,"13,84",PIX,Matriz - Recife
4660,2025-05-17,fone de ouvido bluetooth,Eletrônicos,1,"150,12",PIX,Matriz - Recife
2593,24-10-2024,Organizador de Gaveta,,1,"29,48",Cartão de Crédito,Matriz - Recife
3511,2025-01-13,Cabo HDMI,Eletrônicos,2,"57,25",Cartão de Crédito,matriz-recife
1433,20/06/2024,Jaqueta Corta-Vento,Vestuário,4,"61,30",PIX,Matriz - Recife
2047,2024-08-24,Chinelo de Dedo,VESTUÁRIO,3,"120,13",Cartão de Crédito,Matriz - Recife
4605,2025-05-13,Suco de Caju 1L,Alimentos,1,"170,15",pix,Matriz - Recife
2705,04-11-2024,Marcador de Texto,Papelaria,1,"97,24",PIX,Matriz - Recife
100,18-01-2024,Escova de Limpeza,Casa e Utilidades,2,"215,02",PIX,Matriz - Recife
1663,2024-07-09,Camiseta Básica,VESTUÁRIO,1,"209,08",Cartão de Crédito,Matriz - Recife
4295,2025-04-14,Power Bank 10000mAh,Eletrônicos,2,"195,16",pix,Matriz - Recife
265,2024-02-14,Café Torrado 500g,Alimentos,1,"14,62",Cartão de Crédito,Matriz - Recife
4439,2025-05-01,biscoito recheado,ALIMENTOS,1,"57,49",Pix,Matriz - Recife
7154,23-12-2025,Meia Esportiva,Vestuário,4,"14,91",PIX,Matriz - Recife
1350,12/06/2024,Mouse Sem Fio,Eletrônicos,1,"168,39",pix,Matriz - Recife
5204,28-06-2025,Organizador de Gaveta,Casa e Utilidades,1,"30,61",Cartão de Crédito,Matriz - Recife
3992,15/03/2025,Mouse Sem Fio,ELETRÔNICOS,1,"175,73",pix,Matriz - Recife
4927,2025-06-06,Caixa de Som Portátil,Eletrônicos,2,"75,85",Pix,Matriz - Recife
4266,11-04-2025,Barra de Cereal,Alimentos,2,"140,77",Dinheiro,Matriz - Recife
1740,18-07-2024,Kit Panelas Antiaderente,Casa e Utilidades,3,"244,51",Dinheiro,Matriz - Recife
1512,2024-06-25,Camiseta Básica,VESTUÁRIO,1,"231,60",PIX,Matriz - Recife
4140,29/03/2025,kit panelas antiaderente,Casa e Utilidades,-2,"234,64",Cartão de Crédito,Matriz - Recife
6790,27/11/2025,Água de Coco 500ml,ALIMENTOS,1,"63,04",Dinheiro,Matriz - Recife
1723,2024-07-16,Kit Panelas Antiaderente,Casa e Utilidades,1,"242,12",Pix,Matriz - Recife
6148,2025-10-08,organizador de gaveta,Casa e Utilidades,4,"31,33",Cartão de Crédito,Matriz - Recife
5245,01/07/2025,Chinelo de Dedo,Vestuário,2,"125,32",Cartão de Débito,Matriz - Recife
4944,07-06-2025,Boné Aba Reta,Vestuário,5,"108,69",Cartão de Débito,Matriz - Recife
7266,29/12/2025,Estojo Simples,Papelaria,2,"181,29",Cartão de Débito,Matriz - Recife
4982,10-06-2025,Cola Bastão,Papelaria,3,"44,83",PIX,Matriz - Recife
4974,09-06-2025,Bermuda Jeans,Vestuário,1,"28,54",pix,Matriz - Recife
4528,2025-05-07,Água de Coco 500ml,Alimentos,1,"65,08",pix,Matriz - Recife
3911,2025-03-06,barra de cereal,Alimentos,1,"140,70",PIX,Matriz - Recife
3380,27-12-2024,Power Bank 10000mAh,Eletrônicos,1,"187,67",PIX,Matriz - Recife
4404,2025-04-28,Jaqueta Corta-Vento,Vestuário,3,"58,43",Cartão de Débito,Matriz - Recife
829,26/04/2024,Água de Coco 500ml,ALIMENTOS,3,"65,79",PIX,Matriz - Recife
2302,23/09/2024,Bermuda Jeans,Vestuário,2,"30,61",Cartão de Crédito,Matriz - Recife
2963,27/11/2024,Cola Bastão,Papelaria,1,"44,62",Pix,Matriz - Recife
3452,2025-01-03,Cola Bastão,Papelaria,1,"44,42",pix,Matriz - Recife
1836,2024-07-30,estojo simples,Papelaria,2,"190,22",pix,Matriz - Recife
4409,29/04/2025,Jaqueta Corta-Vento,Vestuário,1,"56,59",Pix,Matriz - Recife
4157,2025-03-31,Amendoim Torrado,ALIMENTOS,4,"142,12",Dinheiro,Matriz - Recife
4482,04-05-2025,Cabo HDMI,Eletrônicos,5,"64,24",Cartão de Crédito,Matriz - Recife
2619,26-10-2024,Marcador de Texto,Papelaria,1,"89,29",Pix,Matriz - Recife
6113,04/10/2025,Bermuda Jeans,Vestuário,3,"28,03",Pix,Matriz - Recife
5751,25/08/2025,Caneta Esferográfica,PAPELARIA,2,"9,49",Cartão de Crédito,Matriz - Recife
670,08-04-2024,Fone de Ouvido Bluetooth,ELETRÔNICOS,1,"172,90",Cartão de Crédito,Matriz - Recife
5445,24/07/2025,Mochila Escolar,,1,"213,06",Pix,Matriz - Recife
2764,2024-11-11,Mochila Escolar,Papelaria,3,"215,06",pix,Matriz - Recife
2883,19-11-2024,biscoito recheado,Alimentos,2,"55,66",PIX,Matriz - Recife
5837,2025-09-02,Organizador de Gaveta,Casa e Utilidades,1,"32,96",Dinheiro,Matriz - Recife
777,21/04/2024,Camiseta Básica,VESTUÁRIO,2,"238,19",Cartão de Débito,Matriz - Recife
2431,2024-10-06,Carregador USB-C,,2,"14,21",Cartão de Crédito,Matriz - Recife
1905,2024-08-07,Chinelo de Dedo,VESTUÁRIO,2,"133,04",Dinheiro,Matriz - Recife
111,2024-01-20,Suco de Caju 1L,Alimentos,2,"161,35",Dinheiro,Matriz - Recife
1499,24/06/2024,Cabo HDMI,Eletrônicos,1,"65,56",PIX,Matriz - Recife
4447,01/05/2025,Caderno Universitário,,4,"209,03",Pix,Matriz - Recife
2340,2024-09-27,Caneta Esferográfica,Papelaria,4,"8,82",Dinheiro,Matriz - Recife
2155,2024-09-06,cola bastão,Papelaria,2,"44,83",Dinheiro,Matriz - Recife
2160,07/09/2024,Bermuda Jeans,,3,"29,41",PIX,Matriz - Recife
2878,2024-11-19,Amendoim Torrado,Alimentos,2,"146,25",Pix,Matriz - Recife
2116,01/09/2024,Kit Panelas Antiaderente,Casa e Utilidades,1,"234,93",Dinheiro,Matriz - Recife
2760,2024-11-11,Power Bank 10000mAh,Eletrônicos,4,"185,80",PIX,Matriz - Recife
5023,2025-06-13,Jaqueta Corta-Vento,Vestuário,2,"63,31",Pix,Matriz - Recife
5083,20-06-2025,Carregador USB-C,Eletrônicos,2,"14,95",Dinheiro,Matriz - Recife
5604,2025-08-10,Café Torrado 500g,Alimentos,1,"15,04",Cartão de Débito,Matriz - Recife
3265,2024-12-20,Marcador de Texto,Papelaria,2,"90,36",pix,matriz-recife
4658,17/05/2025,cola bastão,,2,"48,54",Cartão de Débito,Matriz - Recife
2253,17-09-2024,Café Torrado 500g,Alimentos,3,"14,94",Dinheiro,Matriz - Recife
2614,26/10/2024,Boné Aba Reta,VESTUÁRIO,1,"113,79",PIX,Matriz - Recife
5713,2025-08-20,Barra de Cereal,Alimentos,1,"134,54",Cartão de Débito,Matriz - Recife
5971,2025-09-17,Suco de Caju 1L,ALIMENTOS,2,"160,15",Dinheiro,Matriz - Recife
4521,06/05/2025,Porta Sabonete,Casa e Utilidades,1,"162,02",Cartão de Débito,Matriz - Recife
3723,11/02/2025,Power Bank 10000mAh,Eletrônicos,1,"173,56",Pix,Matriz - Recife
5171,26-06-2025,barra de cereal,Alimentos,1,"137,32",pix,Matriz - Recife
5549,2025-08-03,power bank 10000mah,Eletrônicos,3,"184,01",PIX,Matriz - Recife
108,20-01-2024,Biscoito Recheado,Alimentos,1,"53,14",Cartão de Crédito,Matriz - Recife
388,2024-03-07,Vela Aromática,Casa e Utilidades,2,"32,66",Pix,Matriz - Recife
885,02/05/2024,Mochila Escolar,Papelaria,1,"189,67",Pix,Matriz - Recife
5408,2025-07-21,Porta Sabonete,,5,"152,53",pix,Matriz - Recife
5144,24/06/2025,Organizador de Gaveta,Casa e Utilidades,1,"29,19",PIX,Matriz - Recife
2294,22/09/2024,bermuda jeans,Vestuário,4,"27,32",Dinheiro,Matriz - Recife
3513,14/01/2025,Amendoim Torrado,Alimentos,5,"158,06",pix,Matriz - Recife
6871,02-12-2025,Biscoito Recheado,ALIMENTOS,2,"52,96",Cartão de Crédito,Matriz - Recife
3146,10/12/2024,Boné Aba Reta,Vestuário,2,"109,59",PIX,Matriz - Recife
5383,19-07-2025,Caderno Universitário,Papelaria,4,"213,16",PIX,Matriz - Recife
7219,26/12/2025,Mouse Sem Fio,Eletrônicos,1,"182,59",Cartão de Débito,Matriz - Recife
6199,13/10/2025,carregador usb-c,Eletrônicos,3,"14,84",Dinheiro,Matriz - Recife
2369,30/09/2024,Caixa de Som Portátil,Eletrônicos,1,"75,80",Pix,Matriz - Recife
6154,08/10/2025,Kit Panelas Antiaderente,Casa e Utilidades,3,"252,53",Cartão de Débito,Matriz - Recife
4808,29-05-2025,Caixa de Som Portátil,ELETRÔNICOS,1,"69,61",Pix,Matriz - Recife
1910,07-08-2024,Organizador de Gaveta,CASA E UTILIDADES,1,"33,00",Cartão de Débito,Matriz - Recife
2572,22-10-2024,Meia Esportiva,VESTUÁRIO,1,"14,13",PIX,Matriz - Recife
3562,22/01/2025,Caderno Universitário,Papelaria,3,"192,50",Pix,Matriz - Recife
2068,2024-08-26,Marcador de Texto,Papelaria,1,"95,35",Pix,Matriz - Recife
4441,2025-05-01,Jogo de Toalhas,Casa e Utilidades,1,"86,07",,Matriz - Recife
4866,01-06-2025,Porta Sabonete,Casa e Utilidades,1,"147,93",Pix,Matriz - Recife
3233,18-12-2024,Porta Sabonete,Casa e Utilidades,1,"164,84",Cartão de Débito,Matriz - Recife
1549,28-06-2024,Boné Aba Reta,VESTUÁRIO,4,"103,97",PIX,Matriz - Recife
2313,24-09-2024,Café Torrado 500g,Alimentos,1,"14,50",Pix,Matriz - Recife
2094,30/08/2024,mouse sem fio,Eletrônicos,3,"176,29",Dinheiro,Matriz - Recife
489,2024-03-17,Porta Sabonete,Casa e Utilidades,1,"152,78",Dinheiro,Matriz - Recife
2623,2024-10-27,Meia Esportiva,Vestuário,1,"15,54",Dinheiro,Matriz - Recife
5435,23-07-2025,Fone de Ouvido Bluetooth,Eletrônicos,1,"159,79",PIX,Matriz - Recife
3134,2024-12-09,Fone de Ouvido Bluetooth,Eletrônicos,4,"158,01",,Matriz - Recife
4985,2025-06-10,Cola Bastão,Papelaria,2,"48,78",Dinheiro,Matriz - Recife
2558,20-10-2024,jaqueta corta-vento,Vestuário,1,"63,50",PIX,Matriz - Recife
7075,16-12-2025,Meia Esportiva,Vestuário,1,"15,96",pix,Matriz - Recife
7279,2025-12-30,Mouse Sem Fio,Eletrônicos,3,"162,64",Cartão de Crédito,Matriz - Recife
2382,01-10-2024,caneta esferográfica,Papelaria,1,"9,64",pix,Matriz - Recife
1898,06-08-2024,Organizador de Gaveta,Casa e Utilidades,1,"30,75",pix,Matriz - Recife
6512,08/11/2025,água de coco 500ml,Alimentos,2,"58,69",Cartão de Débito,Matriz - Recife
2388,02/10/2024,Power Bank 10000mAh,Eletrônicos,3,"184,90",Cartão de Débito,Matriz - Recife
6336,2025-10-27,Marcador de Texto,Papelaria,1,"87,23",Pix,Matriz - Recife
7028,14/12/2025,carregador usb-c,Eletrônicos,1,"13,15",,Matriz - Recife
4883,03-06-2025,Porta Sabonete,Casa e Utilidades,3,"159,96",Pix,Matriz - Recife
1214,01/06/2024,Suco de Caju 1L,Alimentos,1,"157,56",PIX,Matriz - Recife
2334,26/09/2024,Fone de Ouvido Bluetooth,Eletrônicos,2,"153,74",pix,Matriz - Recife
4118,28-03-2025,Meia Esportiva,Vestuário,1,"14,07",Pix,Matriz - Recife
1316,09/06/2024,Amendoim Torrado,Alimentos,1,"143,39",Pix,Matriz - Recife
1158,26/05/2024,Amendoim Torrado,,3,"157,51",Pix,Matriz - Recife
4655,2025-05-17,Mochila Escolar,Papelaria,1,"218,79",Dinheiro,Matriz - Recife
3291,2024-12-21,Cabo HDMI,Eletrônicos,4,"64,61",Dinheiro,Matriz - Recife
1762,2024-07-20,Caneta Esferográfica,Papelaria,2,"8,94",Pix,Matriz - Recife
3820,2025-02-25,Kit Panelas Antiaderente,Casa e Utilidades,-1,"223,53",Cartão de Crédito,Matriz - Recife
2337,26-09-2024,Água de Coco 500ml,Alimentos,2,"65,51",Dinheiro,Matriz - Recife
5142,24-06-2025,suco de caju 1l,Alimentos,2,"159,52",Pix,Matriz - Recife
6671,20/11/2025,Vela Aromática,Casa e Utilidades,3,"31,27",Cartão de Crédito,Matriz - Recife
3180,13-12-2024,Organizador de Gaveta,Casa e Utilidades,2,"33,05",Cartão de Débito,Matriz - Recife
5909,2025-09-10,Carregador USB-C,Eletrônicos,3,"13,71",Pix,Matriz - Recife
2164,07-09-2024,Kit Panelas Antiaderente,Casa e Utilidades,3,"235,22",PIX,Matriz - Recife
3149,10-12-2024,Bermuda Jeans,Vestuário,4,"29,45",Pix,Matriz - Recife
5796,29/08/2025,Caixa de Som Portátil,Eletrônicos,3,"70,53",Pix,Matriz - Recife
283,17-02-2024,Carregador USB-C,Eletrônicos,1,"13,25",PIX,Matriz - Recife
4701,2025-05-22,Caneta Esferográfica,Papelaria,1,"9,90",Cartão de Débito,Matriz - Recife
5569,2025-08-06,Vela Aromática,Casa e Utilidades,3,"30,68",pix,Matriz - Recife
2000,18/08/2024,Vela Aromática,CASA E UTILIDADES,5,"28,56",PIX,Matriz - Recife
3420,30/12/2024,amendoim torrado,Alimentos,1,"160,21",PIX,Matriz - Recife
2843,17/11/2024,Boné Aba Reta,Vestuário,3,"117,65",pix,Matriz - Recife
5916,11-09-2025,Bermuda Jeans,Vestuário,2,"27,50",Dinheiro,Matriz - Recife
4107,27/03/2025,Café Torrado 500g,Alimentos,1,"14,96",Cartão de Débito,Matriz - Recife
3436,2025-01-02,Meia Esportiva,Vestuário,5,"14,23",Cartão de Crédito,Matriz - Recife
3339,26/12/2024,Amendoim Torrado,Alimentos,1,"153,46",Cartão de Débito,Matriz - Recife
4921,2025-06-06,Cabo HDMI,Eletrônicos,1,"60,54",Pix,Matriz - Recife
2492,2024-10-12,Marcador de Texto,Papelaria,1,"96,58",Dinheiro,Matriz - Recife
1958,12-08-2024,Fone de Ouvido Bluetooth,Eletrônicos,1,"167,41",Dinheiro,Matriz - Recife
1644,07/07/2024,Camiseta Básica,Vestuário,1,"215,96",Cartão de Débito,Matriz - Recife
4765,2025-05-26,cabo hdmi,ELETRÔNICOS,4,"65,34",PIX,Matriz - Recife
3389,28-12-2024,Mouse Sem Fio,Eletrônicos,1,"183,55",Cartão de Débito,Matriz - Recife
5193,27-06-2025,Escova de Limpeza,Casa e Utilidades,5,"202,46",PIX,Matriz - Recife
129,23-01-2024,Biscoito Recheado,Alimentos,1,"56,53",PIX,Matriz - Recife
7025,14-12-2025,Porta Sabonete,Casa e Utilidades,1,"162,94",Dinheiro,Matriz - Recife
6318,25-10-2025,Cabo HDMI,Eletrônicos,2,"65,86",Cartão de Débito,Matriz - Recife
4587,12/05/2025,Amendoim Torrado,Alimentos,1,"142,32",Cartão de Débito,Matriz - Recife
280,17-02-2024,Caneta Esferográfica,Papelaria,5,"9,76",Pix,Matriz - Recife
6898,04-12-2025,Estojo Simples,PAPELARIA,2,"181,41",Dinheiro,Matriz - Recife
6718,2025-11-23,Caderno Universitário,Papelaria,1,"206,83",Dinheiro,Matriz - Recife
3972,12-03-2025,cabo hdmi,ELETRÔNICOS,2,"64,35",Cartão de Crédito,Matriz - Recife
5812,31-08-2025,Marcador de Texto,Papelaria,3,"93,19",Dinheiro,Matriz - Recife
1729,2024-07-17,Porta Sabonete,CASA E UTILIDADES,1,"156,38",pix,Matriz - Recife
995,2024-05-12,Chinelo de Dedo,Vestuário,3,"122,64",Pix,Matriz - Recife
4550,08/05/2025,Jogo de Toalhas,Casa e Utilidades,-3,"89,91",Dinheiro,Matriz - Recife
5988,19-09-2025,Marcador de Texto,Papelaria,1,"97,41",Dinheiro,Matriz - Recife
3561,22/01/2025,Caixa de Som Portátil,Eletrônicos,1,"69,58",Cartão de Crédito,Matriz - Recife
7212,2025-12-26,Carregador USB-C,Eletrônicos,5,"14,62",Cartão de Débito,Matriz - Recife
264,2024-02-14,fone de ouvido bluetooth,Eletrônicos,1,"165,39",Cartão de Débito,Matriz - Recife
6164,09/10/2025,Camiseta Básica,Vestuário,-4,"229,16",,Matriz - Recife
2817,15/11/2024,café torrado 500g,ALIMENTOS,4,"15,16",pix,Matriz - Recife
1603,2024-07-02,Cabo HDMI,ELETRÔNICOS,4,"65,21",Dinheiro,Matriz - Recife
1894,05-08-2024,Escova de Limpeza,CASA E UTILIDADES,1,"224,58",Pix,Matriz - Recife
4335,19/04/2025,Cola Bastão,Papelaria,3,"42,75",Dinheiro,Matriz - Recife
70,2024-01-11,Escova de Limpeza,Casa e Utilidades,3,"200,70",pix,matriz-recife
3001,29/11/2024,Caneta Esferográfica,Papelaria,3,"9,01",Cartão de Débito,Matriz - Recife
4690,20/05/2025,Porta Sabonete,CASA E UTILIDADES,1,"159,82",Dinheiro,Matriz - Recife
635,04-04-2024,Caneta Esferográfica,Papelaria,4,"8,93",pix,Matriz - Recife
314,23-02-2024,Porta Sabonete,Casa e Utilidades,2,"165,88",Pix,Matriz - Recife
4637,16-05-2025,Fone de Ouvido Bluetooth,ELETRÔNICOS,4,"171,47",Pix,Matriz - Recife
2052,2024-08-24,Jaqueta Corta-Vento,Vestuário,1,"58,26",Cartão de Débito,Matriz - Recife
1091,21/05/2024,Mochila Escolar,Papelaria,1,"203,72",Dinheiro,Matriz - Recife
2276,20-09-2024,Barra de Cereal,Alimentos,1,"135,98",PIX,Matriz - Recife
2943,25-11-2024,Bermuda Jeans,VESTUÁRIO,3,"30,17",PIX,Matriz - Recife
291,2024-02-19,Estojo Simples,Papelaria,-4,"175,79",Dinheiro,Matriz - Recife
6425,2025-11-03,Jogo de Toalhas,Casa e Utilidades,5,"90,30",pix,Matriz - Recife
1813,2024-07-27,Amendoim Torrado,Alimentos,4,"143,23",Dinheiro,Matriz - Recife
6378,2025-10-31,Chinelo de Dedo,,1,"122,22",Cartão de Débito,Matriz - Recife
808,25/04/2024,Caixa de Som Portátil,Eletrônicos,4,"76,49",,Matriz - Recife
3501,11/01/2025,Amendoim Torrado,Alimentos,1,"152,89",Cartão de Débito,Matriz - Recife
3330,2024-12-25,Marcador de Texto,Papelaria,3,"92,43",Cartão de Débito,Matriz - Recife
7301,31/12/2025,Bermuda Jeans,Vestuário,2,"28,06",PIX,Matriz - Recife
4501,2025-05-05,power bank 10000mah,Eletrônicos,4,"174,53",PIX,Matriz - Recife
2130,03-09-2024,Jaqueta Corta-Vento,VESTUÁRIO,4,"63,25",Cartão de Crédito,Matriz - Recife
2422,2024-10-05,Suco de Caju 1L,ALIMENTOS,1,"167,77",Cartão de Crédito,Matriz - Recife
323,2024-02-24,Marcador de Texto,Papelaria,2,"90,46",PIX,Matriz - Recife
5305,2025-07-11,Carregador USB-C,Eletrônicos,3,"13,53",Pix,Matriz - Recife
56,09-01-2024,Jogo de Toalhas,Casa e Utilidades,1,"96,25",Dinheiro,Matriz - Recife
21,2024-01-05,Fone de Ouvido Bluetooth,ELETRÔNICOS,2,"175,72",Dinheiro,Matriz - Recife
1271,2024-06-05,Estojo Simples,Papelaria,2,"171,26",Cartão de Crédito,Matriz - Recife
2110,2024-09-01,Caixa de Som Portátil,Eletrônicos,1,"74,13",Pix,Matriz - Recife
5106,21/06/2025,Porta Sabonete,Casa e Utilidades,1,"147,30",pix,Matriz - Recife
6668,20/11/2025,Kit Panelas Antiaderente,Casa e Utilidades,4,"227,94",Cartão de Crédito,Matriz - Recife
1998,2024-08-18,Suco de Caju 1L,Alimentos,1,"175,10",Cartão de Débito,Matriz - Recife
5246,01-07-2025,Camiseta Básica,VESTUÁRIO,2,"230,58",Cartão de Débito,Matriz - Recife
1936,10/08/2024,Cabo HDMI,ELETRÔNICOS,1,"61,94",Dinheiro,Matriz - Recife
255,13-02-2024,Cabo HDMI,Eletrônicos,4,"62,58",Dinheiro,Matriz - Recife
654,2024-04-07,Carregador USB-C,Eletrônicos,3,"14,39",Cartão de Débito,Matriz - Recife
5800,2025-08-30,Estojo Simples,Papelaria,2,"184,25",pix,Matriz - Recife
1832,30-07-2024,Café Torrado 500g,Alimentos,2,"15,44",Cartão de Crédito,Matriz - Recife
6513,08-11-2025,Camiseta Básica,Vestuário,4,"241,68",Cartão de Crédito,Matriz - Recife
6484,2025-11-07,Mouse Sem Fio,,1,"164,26",Dinheiro,Matriz - Recife
5178,26-06-2025,Bermuda Jeans,Vestuário,1,"29,44",PIX,Matriz - Recife
597,2024-03-30,cola bastão,PAPELARIA,1,"46,34",Cartão de Crédito,Matriz - Recife
3125,2024-12-09,Cola Bastão,Papelaria,1,"47,57",Cartão de Crédito,Matriz - Recife
6978,11/12/2025,Vela Aromática,,1,"31,50",Pix,Matriz - Recife
5787,28/08/2025,caderno universitário,Papelaria,2,"193,35",Cartão de Débito,Matriz - Recife
3669,2025-02-04,Estojo Simples,Papelaria,5,"165,16",PIX,Matriz - Recife
2493,12/10/2024,Caixa de Som Portátil,Eletrônicos,1,"69,62",Cartão de Débito,Matriz - Recife
4725,2025-05-24,Biscoito Recheado,Alimentos,4,"60,59",Cartão de Crédito,Matriz - Recife
2590,2024-10-24,Cola Bastão,Papelaria,1,"48,05",PIX,Matriz - Recife
5781,2025-08-28,Marcador de Texto,PAPELARIA,1,"89,64",Pix,Matriz - Recife
682,2024-04-10,Fone de Ouvido Bluetooth,Eletrônicos,1,"173,78",PIX,Matriz - Recife
3402,29/12/2024,carregador usb-c,ELETRÔNICOS,1,"13,18",Cartão de Crédito,Matriz - Recife
6660,19-11-2025,Escova de Limpeza,Casa e Utilidades,1,"225,52",PIX,Matriz - Recife
5136,23/06/2025,biscoito recheado,Alimentos,1,"59,34",PIX,Matriz - Recife
2618,2024-10-26,Bermuda Jeans,Vestuário,3,"30,98",Cartão de Débito,Matriz - Recife
4053,21/03/2025,Vela Aromática,Casa e Utilidades,3,"31,72",Cartão de Crédito,Matriz - Recife
2489,11-10-2024,Café Torrado 500g,Alimentos,1,"14,28",PIX,Matriz - Recife
6119,2025-10-04,meia esportiva,Vestuário,1,"14,97",PIX,Matriz - Recife
4480,04-05-2025,Organizador de Gaveta,Casa e Utilidades,4,"33,77",Dinheiro,Matriz - Recife
349,28-02-2024,Estojo Simples,PAPELARIA,1,"171,44",Cartão de Débito,Matriz - Recife
407,09/03/2024,Boné Aba Reta,Vestuário,4,"109,85",pix,Matriz - Recife
4014,17/03/2025,Chinelo de Dedo,Vestuário,2,"120,15",Cartão de Crédito,Matriz - Recife
2097,2024-08-31,Porta Sabonete,Casa e Utilidades,2,"156,82",PIX,Matriz - Recife
1092,2024-05-21,Biscoito Recheado,ALIMENTOS,4,"57,14",Cartão de Débito,Matriz - Recife
2800,14/11/2024,Água de Coco 500ml,Alimentos,1,"65,00",pix,Matriz - Recife
1068,19-05-2024,Vela Aromática,Casa e Utilidades,4,"31,49",Dinheiro,Matriz - Recife
4406,2025-04-28,Biscoito Recheado,Alimentos,3,"53,87",pix,Matriz - Recife
3160,2024-12-11,biscoito recheado,ALIMENTOS,1,"58,27",Cartão de Crédito,Matriz - Recife
4549,08-05-2025,Marcador de Texto,Papelaria,2,"89,81",Pix,Matriz - Recife
1338,2024-06-10,Kit Panelas Antiaderente,Casa e Utilidades,1,"227,78",PIX,Matriz - Recife
1240,03-06-2024,biscoito recheado,Alimentos,3,"59,94",Dinheiro,Matriz - Recife
4206,2025-04-06,Escova de Limpeza,Casa e Utilidades,1,"198,58",PIX,Matriz - Recife
3401,2024-12-29,Vela Aromática,Casa e Utilidades,3,"30,58",Pix,Matriz - Recife
7303,31/12/2025,Estojo Simples,Papelaria,2,"167,08",Pix,Matriz - Recife
5397,2025-07-20,Caderno Universitário,Papelaria,1,"208,26",Dinheiro,Matriz - Recife
5797,29/08/2025,Bermuda Jeans,Vestuário,1,"26,98",Cartão de Débito,Matriz - Recife
6722,2025-11-23,Vela Aromática,Casa e Utilidades,5,"28,71",pix,Matriz - Recife
7175,24-12-2025,Vela Aromática,Casa e Utilidades,1,"30,43",PIX,Matriz - Recife
7084,17-12-2025,Carregador USB-C,Eletrônicos,1,"13,65",Pix,Matriz - Recife
4913,05/06/2025,Carregador USB-C,Eletrônicos,2,"14,71",Cartão de Débito,Matriz - Recife
793,23-04-2024,Carregador USB-C,Eletrônicos,1,"14,07",Cartão de Débito,Matriz - Recife
1048,17-05-2024,Caneta Esferográfica,Papelaria,1,"9,71",Dinheiro,Matriz - Recife
483,17-03-2024,Organizador de Gaveta,Casa e Utilidades,3,"30,09",Dinheiro,Matriz - Recife
4145,2025-03-30,mouse sem fio,Eletrônicos,4,"169,46",Dinheiro,Matriz - Recife
3088,2024-12-06,Camiseta Básica,Vestuário,2,"225,50",Dinheiro,Matriz - Recife
1831,30/07/2024,Caixa de Som Portátil,Eletrônicos,2,"79,76",Cartão de Crédito,Matriz - Recife
1087,21-05-2024,Meia Esportiva,Vestuário,3,"14,29",Dinheiro,Matriz - Recife
5372,2025-07-18,Vela Aromática,Casa e Utilidades,2,"32,09",Cartão de Débito,Matriz - Recife
6685,20/11/2025,Biscoito Recheado,ALIMENTOS,3,"57,87",Cartão de Crédito,Matriz - Recife
5358,17-07-2025,Power Bank 10000mAh,Eletrônicos,5,"189,94",pix,Matriz - Recife
1878,04/08/2024,Suco de Caju 1L,Alimentos,3,"154,10",Cartão de Débito,Matriz - Recife
2467,2024-10-09,Kit Panelas Antiaderente,Casa e Utilidades,2,"249,02",Pix,Matriz - Recife
4645,2025-05-16,porta sabonete,Casa e Utilidades,1,"144,37",PIX,Matriz - Recife
6934,06-12-2025,Jogo de Toalhas,Casa e Utilidades,4,"87,49",Cartão de Crédito,Matriz - Recife
1352,12-06-2024,Mouse Sem Fio,Eletrônicos,2,"159,05",Cartão de Débito,Matriz - Recife
931,2024-05-07,Biscoito Recheado,Alimentos,1,"51,79",Cartão de Débito,Matriz - Recife
5587,2025-08-07,jogo de toalhas,Casa e Utilidades,1,"90,72",Cartão de Crédito,Matriz - Recife
7217,26-12-2025,Power Bank 10000mAh,,3,"190,74",Pix,Matriz - Recife
3089,2024-12-06,Meia Esportiva,Vestuário,5,"15,46",PIX,Matriz - Recife
4395,27/04/2025,Cabo HDMI,Eletrônicos,5,"66,65",Dinheiro,Matriz - Recife
513,2024-03-20,Barra de Cereal,Alimentos,1,"133,96",pix,Matriz - Recife
3779,18/02/2025,Camiseta Básica,VESTUÁRIO,5,"213,22",Cartão de Débito,Matriz - Recife
3332,25/12/2024,mouse sem fio,Eletrônicos,3,"172,46",Pix,Matriz - Recife
2224,2024-09-14,Caderno Universitário,PAPELARIA,1,"197,70",Cartão de Débito,Matriz - Recife
3245,18/12/2024,Cabo HDMI,Eletrônicos,1,"64,69",Cartão de Crédito,Matriz - Recife
5158,25/06/2025,Meia Esportiva,Vestuário,2,"16,41",Dinheiro,Matriz - Recife
3461,04-01-2025,Amendoim Torrado,,1,"147,03",Dinheiro,Matriz - Recife
2303,2024-09-23,Carregador USB-C,ELETRÔNICOS,1,"13,52",PIX,Matriz - Recife
5544,2025-08-03,Marcador de Texto,Papelaria,1,"89,64",Pix,Matriz - Recife
1072,2024-05-20,vela aromática,Casa e Utilidades,3,"29,55",pix,Matriz - Recife
5452,24-07-2025,Porta Sabonete,Casa e Utilidades,4,"153,19",Cartão de Débito,Matriz - Recife
6455,2025-11-05,Jogo de Toalhas,Casa e Utilidades,1,"88,98",Cartão de Débito,Matriz - Recife
6374,31-10-2025,Marcador de Texto,Papelaria,5,"93,37",pix,Matriz - Recife
5077,2025-06-19,Mochila Escolar,Papelaria,2,"202,72",Cartão de Crédito,Matriz - Recife
5845,03/09/2025,amendoim torrado,Alimentos,-1,"144,16",Cartão de Débito,Matriz - Recife
208,05/02/2024,Cabo HDMI,Eletrônicos,5,"61,81",Dinheiro,Matriz - Recife
1133,24/05/2024,Caixa de Som Portátil,Eletrônicos,1,"71,46",Pix,Matriz - Recife
3064,04/12/2024,Bermuda Jeans,Vestuário,1,"31,02",Dinheiro,Matriz - Recife
6815,2025-11-29,Organizador de Gaveta,Casa e Utilidades,1,"29,85",Dinheiro,Matriz - Recife
5156,2025-06-25,Marcador de Texto,Papelaria,2,"95,15",Pix,Matriz - Recife
4175,2025-04-02,Jaqueta Corta-Vento,Vestuário,3,"57,85",pix,Matriz - Recife
7280,30-12-2025,Meia Esportiva,VESTUÁRIO,1,"14,57",pix,Matriz - Recife
4681,2025-05-19,escova de limpeza,Casa e Utilidades,3,"201,45",PIX,Matriz - Recife
6392,2025-11-02,Vela Aromática,Casa e Utilidades,1,"28,39",Pix,Matriz - Recife
6133,2025-10-06,Jaqueta Corta-Vento,Vestuário,4,"56,21",Cartão de Crédito,Matriz - Recife
2111,01/09/2024,Cabo HDMI,Eletrônicos,1,"58,31",Cartão de Débito,Matriz - Recife
1984,2024-08-16,Cabo HDMI,Eletrônicos,2,"60,87",Cartão de Crédito,Matriz - Recife
644,06/04/2024,Organizador de Gaveta,Casa e Utilidades,1,"33,39",Cartão de Crédito,Matriz - Recife
2969,27-11-2024,Barra de Cereal,Alimentos,1,"138,62",Dinheiro,Matriz - Recife
2140,2024-09-04,Café Torrado 500g,ALIMENTOS,3,"15,50",Cartão de Crédito,Matriz - Recife
3299,22-12-2024,Marcador de Texto,Papelaria,3,"96,30",Dinheiro,Matriz - Recife
57,2024-01-09,Estojo Simples,Papelaria,1,"168,01",Pix,Matriz - Recife
3004,2024-11-29,Camiseta Básica,Vestuário,5,"218,75",Dinheiro,Matriz - Recife
5893,08/09/2025,Caneta Esferográfica,PAPELARIA,5,"9,53",Cartão de Débito,Matriz - Recife
2696,2024-11-04,Cola Bastão,Papelaria,5,"43,85",pix,Matriz - Recife
7073,16/12/2025,Power Bank 10000mAh,Eletrônicos,1,"197,05",PIX,Matriz - Recife
2891,20-11-2024,Cola Bastão,,3,"42,45",pix,Matriz - Recife
2673,02/11/2024,Caderno Universitário,Papelaria,1,"201,27",PIX,Matriz - Recife
1392,2024-06-16,Cabo HDMI,ELETRÔNICOS,4,"62,90",Cartão de Débito,Matriz - Recife
2470,10-10-2024,Café Torrado 500g,Alimentos,1,"14,58",pix,Matriz - Recife
4691,21-05-2025,Mochila Escolar,,5,"194,42",Dinheiro,Matriz - Recife
2151,05/09/2024,Bermuda Jeans,Vestuário,4,"28,86",Cartão de Crédito,Matriz - Recife
1667,10/07/2024,Meia Esportiva,Vestuário,2,"15,66",Cartão de Débito,matriz-recife
4418,2025-04-29,Água de Coco 500ml,Alimentos,2,"57,43",Pix,Matriz - Recife
5888,07/09/2025,Vela Aromática,Casa e Utilidades,5,"30,98",Cartão de Débito,Matriz - Recife
4100,26/03/2025,Fone de Ouvido Bluetooth,Eletrônicos,1,"171,68",PIX,Matriz - Recife
212,2024-02-06,Caneta Esferográfica,Papelaria,2,"9,34",PIX,Matriz - Recife
3889,2025-03-04,Café Torrado 500g,ALIMENTOS,4,"13,27",PIX,Matriz - Recife
5739,2025-08-24,Cabo HDMI,Eletrônicos,1,"59,36",Dinheiro,Matriz - Recife
6201,13/10/2025,cola bastão,Papelaria,1,"48,50",pix,Matriz - Recife
5042,16-06-2025,Mochila Escolar,Papelaria,2,"191,45",Pix,Matriz - Recife
1204,31-05-2024,Chinelo de Dedo,VESTUÁRIO,1,"119,92",PIX,Matriz - Recife
2450,07/10/2024,Power Bank 10000mAh,Eletrônicos,3,"185,35",Dinheiro,Matriz - Recife
1996,18-08-2024,Boné Aba Reta,Vestuário,3,"107,95",,Matriz - Recife
1761,20-07-2024,kit panelas antiaderente,Casa e Utilidades,1,"238,30",pix,Matriz - Recife
6345,2025-10-27,Biscoito Recheado,ALIMENTOS,1,"54,35",Dinheiro,Matriz - Recife
3578,2025-01-25,Boné Aba Reta,Vestuário,3,"115,35",pix,Matriz - Recife
5295,2025-07-09,Fone de Ouvido Bluetooth,ELETRÔNICOS,1,"173,42",PIX,Matriz - Recife
35,07-01-2024,chinelo de dedo,Vestuário,1,"130,62",Cartão de Crédito,Matriz - Recife
6331,26-10-2025,Cabo HDMI,Eletrônicos,1,"63,28",PIX,Matriz - Recife
3607,28/01/2025,Porta Sabonete,Casa e Utilidades,2,"161,40",Cartão de Débito,Matriz - Recife
2931,24/11/2024,Boné Aba Reta,Vestuário,1,"110,76",Cartão de Débito,Matriz - Recife
7182,25-12-2025,Estojo Simples,Papelaria,1,"180,72",Cartão de Débito,Matriz - Recife
2476,2024-10-10,Suco de Caju 1L,Alimentos,1,"152,44",pix,Matriz - Recife
4905,04/06/2025,Fone de Ouvido Bluetooth,Eletrônicos,2,"164,07",PIX,Matriz - Recife
4196,04-04-2025,Escova de Limpeza,Casa e Utilidades,1,"209,65",PIX,Matriz - Recife
1730,17-07-2024,Carregador USB-C,Eletrônicos,1,"14,14",Cartão de Crédito,Matriz - Recife
721,2024-04-16,Caderno Universitário,Papelaria,3,"201,51",PIX,Matriz - Recife
4432,01/05/2025,Jaqueta Corta-Vento,Vestuário,4,"64,13",Pix,Matriz - Recife
1170,27-05-2024,Fone de Ouvido Bluetooth,ELETRÔNICOS,1,"158,68",PIX,Matriz - Recife
2075,2024-08-27,Escova de Limpeza,Casa e Utilidades,1,"206,00",Cartão de Crédito,Matriz - Recife
2652,31-10-2024,Amendoim Torrado,Alimentos,1,"155,60",Cartão de Débito,Matriz - Recife
7319,31/12/2025,Caneta Esferográfica,Papelaria,2,"9,05",Cartão de Débito,Matriz - Recife
2390,02-10-2024,Suco de Caju 1L,Alimentos,1,"157,80",Cartão de Crédito,Matriz - Recife
5343,15/07/2025,Mochila Escolar,Papelaria,2,"193,45",Cartão de Débito,Matriz - Recife
3906,06/03/2025,Chinelo de Dedo,Vestuário,2,"126,58",PIX,Matriz - Recife
1819,28/07/2024,Camiseta Básica,Vestuário,1,"208,55",PIX,Matriz - Recife
7223,27-12-2025,Mochila Escolar,Papelaria,2,"195,72",Dinheiro,Matriz - Recife
6079,2025-10-01,Caneta Esferográfica,PAPELARIA,1,"9,81",pix,Matriz - Recife
1336,10-06-2024,Chinelo de Dedo,Vestuário,2,"130,67",Cartão de Crédito,Matriz - Recife
2361,29-09-2024,bermuda jeans,,1,"30,14",Pix,Matriz - Recife
7177,24-12-2025,Vela Aromática,Casa e Utilidades,2,"30,77",PIX,Matriz - Recife
4048,21/03/2025,Carregador USB-C,Eletrônicos,3,"13,46",Dinheiro,Matriz - Recife
930,07/05/2024,Organizador de Gaveta,Casa e Utilidades,1,"30,28",Dinheiro,Matriz - Recife
59,09-01-2024,Organizador de Gaveta,Casa e Utilidades,2,"31,12",PIX,Matriz - Recife
1630,05/07/2024,Kit Panelas Antiaderente,Casa e Utilidades,2,"235,13",PIX,Matriz - Recife
5631,12/08/2025,Mochila Escolar,Papelaria,5,"190,00",PIX,Matriz - Recife
4807,2025-05-29,Fone de Ouvido Bluetooth,Eletrônicos,1,"151,85",Dinheiro,Matriz - Recife
954,09-05-2024,Café Torrado 500g,Alimentos,1,"15,42",Dinheiro,Matriz - Recife
1397,2024-06-16,Caixa de Som Portátil,Eletrônicos,2,"73,93",PIX,Matriz - Recife
6740,2025-11-24,organizador de gaveta,CASA E UTILIDADES,1,"29,42",pix,Matriz - Recife
6122,05-10-2025,caneta esferográfica,Papelaria,4,"9,47",pix,Matriz - Recife
5285,07-07-2025,cola bastão,Papelaria,1,"48,93",Cartão de Débito,Matriz - Recife
1012,13/05/2024,Marcador de Texto,Papelaria,1,"89,96",Pix,Matriz - Recife
5802,30/08/2025,Cola Bastão,Papelaria,5,"46,41",Cartão de Débito,Matriz - Recife
2622,26/10/2024,Caneta Esferográfica,,1,"9,80",Cartão de Débito,Matriz - Recife
5566,05-08-2025,Caneta Esferográfica,Papelaria,2,"10,19",pix,Matriz - Recife
5310,2025-07-11,Caixa de Som Portátil,Eletrônicos,1,"70,29",pix,Matriz - Recife
2306,23-09-2024,Caixa de Som Portátil,Eletrônicos,1,"76,02",pix,Matriz - Recife
6742,24/11/2025,Caneta Esferográfica,Papelaria,1,"10,12",PIX,Matriz - Recife
3390,28/12/2024,Barra de Cereal,Alimentos,1,"136,13",Pix,Matriz - Recife
3459,04-01-2025,Café Torrado 500g,Alimentos,1,"14,89",Cartão de Débito,Matriz - Recife
760,2024-04-20,Mouse Sem Fio,ELETRÔNICOS,3,"164,54",pix,Matriz - Recife
1582,2024-06-30,Carregador USB-C,Eletrônicos,1,"13,36",Pix,Matriz - Recife
4412,29-04-2025,Bermuda Jeans,Vestuário,1,"31,29",Cartão de Crédito,Matriz - Recife
7081,17-12-2025,Mouse Sem Fio,,1,"168,98",pix,Matriz - Recife
6970,10-12-2025,Mouse Sem Fio,Eletrônicos,3,"158,22",Dinheiro,Matriz - Recife
4067,22-03-2025,Fone de Ouvido Bluetooth,,1,"175,29",Cartão de Débito,Matriz - Recife
3888,2025-03-04,Barra de Cereal,Alimentos,2,"150,97",Pix,Matriz - Recife
2920,23-11-2024,Barra de Cereal,Alimentos,1,"140,21",Cartão de Crédito,Matriz - Recife
2587,23-10-2024,Cabo HDMI,Eletrônicos,2,"60,65",pix,Matriz - Recife
5439,23-07-2025,Suco de Caju 1L,Alimentos,2,"162,33",PIX,Matriz - Recife
207,05/02/2024,Mochila Escolar,Papelaria,3,"189,02",Cartão de Débito,Matriz - Recife
5887,07/09/2025,escova de limpeza,Casa e Utilidades,1,"209,82",pix,Matriz - Recife
4831,30/05/2025,Vela Aromática,Casa e Utilidades,3,"28,28",Dinheiro,Matriz - Recife
6203,13-10-2025,Biscoito Recheado,Alimentos,1,"58,98",PIX,Matriz - Recife
5769,26/08/2025,Caderno Universitário,Papelaria,2,"219,71",Cartão de Débito,Matriz - Recife
3211,15-12-2024,Fone de Ouvido Bluetooth,,1,"173,58",pix,Matriz - Recife
5630,12/08/2025,organizador de gaveta,Casa e Utilidades,4,"33,52",PIX,Matriz - Recife
6936,06/12/2025,Escova de Limpeza,Casa e Utilidades,1,"204,73",Cartão de Débito,Matriz - Recife
3615,29/01/2025,Marcador de Texto,Papelaria,1,"97,21",PIX,Matriz - Recife
2034,23/08/2024,Estojo Simples,Papelaria,2,"188,02",pix,Matriz - Recife
4511,05/05/2025,Cabo HDMI,,1,"63,85",Cartão de Débito,Matriz - Recife
2032,22/08/2024,porta sabonete,Casa e Utilidades,1,"152,02",Cartão de Débito,Matriz - Recife
3368,27-12-2024,Fone de Ouvido Bluetooth,Eletrônicos,5,"174,44",Cartão de Crédito,Matriz - Recife
5675,2025-08-16,Meia Esportiva,Vestuário,-1,"14,60",pix,Matriz - Recife
7252,28-12-2025,Power Bank 10000mAh,Eletrônicos,2,"190,32",Pix,Matriz - Recife
224,09-02-2024,Suco de Caju 1L,Alimentos,2,"177,23",Pix,Matriz - Recife
1865,03-08-2024,Boné Aba Reta,Vestuário,1,"105,12",Cartão de Débito,Matriz - Recife
6264,2025-10-19,Escova de Limpeza,,3,"196,50",Cartão de Crédito,Matriz - Recife
1565,29/06/2024,suco de caju 1l,Alimentos,2,"177,52",Cartão de Débito,Matriz - Recife
6379,31/10/2025,amendoim torrado,Alimentos,4,"150,07",Cartão de Crédito,Matriz - Recife
3598,27-01-2025,Power Bank 10000mAh,Eletrônicos,1,"184,15",Cartão de Crédito,Matriz - Recife
847,28-04-2024,jaqueta corta-vento,Vestuário,5,"57,91",PIX,Matriz - Recife
3340,26-12-2024,Mochila Escolar,Papelaria,1,"217,95",pix,Matriz - Recife
5545,2025-08-03,Jogo de Toalhas,,2,"83,08",Pix,Matriz - Recife
4047,2025-03-20,Boné Aba Reta,Vestuário,2,"107,83",Dinheiro,Matriz - Recife
3807,22-02-2025,Escova de Limpeza,Casa e Utilidades,1,"213,30",Pix,Matriz - Recife
5862,05/09/2025,Suco de Caju 1L,Alimentos,1,"156,89",pix,Matriz - Recife
1622,2024-07-04,mouse sem fio,Eletrônicos,1,"179,31",Cartão de Débito,Matriz - Recife
6413,03-11-2025,Mouse Sem Fio,ELETRÔNICOS,4,"171,03",pix,Matriz - Recife
2651,31/10/2024,Suco de Caju 1L,ALIMENTOS,2,"163,42",Dinheiro,Matriz - Recife
6237,17-10-2025,Caderno Universitário,Papelaria,1,"210,48",Cartão de Débito,Matriz - Recife
3903,2025-03-06,Fone de Ouvido Bluetooth,Eletrônicos,2,"165,76",Cartão de Crédito,Matriz - Recife
194,2024-02-03,Organizador de Gaveta,CASA E UTILIDADES,1,"28,94",Dinheiro,Matriz - Recife
1173,2024-05-28,Estojo Simples,PAPELARIA,4,"175,94",Cartão de Débito,Matriz - Recife
6305,24-10-2025,barra de cereal,Alimentos,2,"134,09",PIX,Matriz - Recife
4050,21-03-2025,Cabo HDMI,Eletrônicos,2,"63,54",Pix,Matriz - Recife
6175,2025-10-10,Escova de Limpeza,Casa e Utilidades,2,"201,66",Dinheiro,Matriz - Recife
6637,2025-11-18,Porta Sabonete,Casa e Utilidades,1,"144,68",Cartão de Crédito,Matriz - Recife
1183,29-05-2024,Jogo de Toalhas,Casa e Utilidades,3,"91,55",pix,Matriz - Recife
3554,2025-01-21,Boné Aba Reta,VESTUÁRIO,1,"102,41",Pix,Matriz - Recife
5603,2025-08-10,Água de Coco 500ml,Alimentos,1,"63,92",Dinheiro,Matriz - Recife
5978,17-09-2025,Carregador USB-C,Eletrônicos,3,"13,29",pix,Matriz - Recife
4181,03-04-2025,Vela Aromática,Casa e Utilidades,4,"28,42",Cartão de Crédito,Matriz - Recife
4861,01-06-2025,Cola Bastão,Papelaria,1,"45,93",PIX,Matriz - Recife
7318,2025-12-31,Barra de Cereal,Alimentos,1,"129,09",pix,Matriz - Recife
6991,12-12-2025,Porta Sabonete,CASA E UTILIDADES,1,"144,42",Pix,Matriz - Recife
3941,09/03/2025,Porta Sabonete,,-5,"151,78",Cartão de Crédito,Matriz - Recife
3345,2024-12-26,Jaqueta Corta-Vento,Vestuário,1,"61,07",Cartão de Débito,Matriz - Recife
1689,12/07/2024,Caneta Esferográfica,Papelaria,1,"8,96",Cartão de Débito,Matriz - Recife
892,03/05/2024,Boné Aba Reta,Vestuário,1,"111,07",Cartão de Débito,Matriz - Recife
237,2024-02-11,Cola Bastão,Papelaria,2,"45,84",pix,Matriz - Recife
6586,13/11/2025,Marcador de Texto,,5,"83,92",Pix,Matriz - Recife
2005,2024-08-19,Vela Aromática,Casa e Utilidades,1,"30,68",Cartão de Débito,Matriz - Recife
7285,2025-12-30,Mouse Sem Fio,Eletrônicos,1,"166,32",PIX,Matriz - Recife
3285,21-12-2024,Jogo de Toalhas,Casa e Utilidades,4,"87,67",PIX,Matriz - Recife
2212,13-09-2024,Jogo de Toalhas,CASA E UTILIDADES,1,"87,55",Cartão de Crédito,Matriz - Recife
919,2024-05-06,Power Bank 10000mAh,Eletrônicos,5,"182,29",Dinheiro,Matriz - Recife
6388,02-11-2025,Porta Sabonete,Casa e Utilidades,2,"148,64",PIX,Matriz - Recife
6491,2025-11-07,Porta Sabonete,Casa e Utilidades,1,"158,42",Pix,Matriz - Recife
2055,25/08/2024,Cola Bastão,Papelaria,4,"47,97",Pix,Matriz - Recife
2159,07/09/2024,Porta Sabonete,Casa e Utilidades,1,"145,75",Cartão de Débito,Matriz - Recife
6001,21-09-2025,caixa de som portátil,Eletrônicos,5,"72,62",Pix,Matriz - Recife
2877,19-11-2024,Bermuda Jeans,Vestuário,1,"30,41",,Matriz - Recife
279,2024-02-17,Jogo de Toalhas,Casa e Utilidades,1,"93,14",Dinheiro,Matriz - Recife
5819,31/08/2025,Cabo HDMI,Eletrônicos,-2,"60,09",PIX,Matriz - Recife
1687,2024-07-12,Meia Esportiva,Vestuário,3,"16,27",pix,Matriz - Recife
3017,2024-11-30,água de coco 500ml,Alimentos,1,"59,10",Pix,Matriz - Recife
26,2024-01-05,Camiseta Básica,Vestuário,1,"238,20",pix,Matriz - Recife
6174,2025-10-10,carregador usb-c,Eletrônicos,4,"13,23",PIX,Matriz - Recife
2536,17/10/2024,Cola Bastão,Papelaria,1,"44,20",Cartão de Crédito,Matriz - Recife
3560,2025-01-22,Caixa de Som Portátil,Eletrônicos,1,"75,07",PIX,Matriz - Recife
4617,14/05/2025,Suco de Caju 1L,Alimentos,1,"170,96",Dinheiro,Matriz - Recife
4222,08/04/2025,Cabo HDMI,Eletrônicos,2,"59,27",Cartão de Débito,Matriz - Recife
351,28/02/2024,Escova de Limpeza,Casa e Utilidades,2,"222,47",Cartão de Débito,Matriz - Recife
4278,12/04/2025,Bermuda Jeans,VESTUÁRIO,1,"29,96",,Matriz - Recife
3315,2024-12-23,Água de Coco 500ml,Alimentos,1,"58,13",Cartão de Crédito,Matriz - Recife
4833,30/05/2025,Boné Aba Reta,Vestuário,2,"114,59",Pix,Matriz - Recife
2564,2024-10-20,Porta Sabonete,Casa e Utilidades,1,"159,28",Cartão de Débito,Matriz - Recife
4591,12-05-2025,Água de Coco 500ml,Alimentos,1,"60,55",Pix,Matriz - Recife
5898,09-09-2025,Kit Panelas Antiaderente,Casa e Utilidades,4,"231,04",Pix,Matriz - Recife
3649,01-02-2025,Mouse Sem Fio,Eletrônicos,1,"161,60",PIX,Matriz - Recife
3016,30-11-2024,Estojo Simples,Papelaria,1,"163,74",pix,Matriz - Recife
5188,2025-06-27,Kit Panelas Antiaderente,Casa e Utilidades,1,"229,16",Dinheiro,Matriz - Recife
5964,16/09/2025,Amendoim Torrado,Alimentos,5,"138,85",Dinheiro,Matriz - Recife
2089,30/08/2024,Estojo Simples,Papelaria,-2,"164,46",Cartão de Débito,Matriz - Recife
2600,25/10/2024,Biscoito Recheado,Alimentos,1,"60,32",pix,Matriz - Recife
1594,2024-07-01,Camiseta Básica,Vestuário,3,"214,63",Dinheiro,Matriz - Recife
1767,21/07/2024,Suco de Caju 1L,Alimentos,-1,"176,45",pix,Matriz - Recife
4799,29/05/2025,Organizador de Gaveta,CASA E UTILIDADES,2,"32,08",PIX,Matriz - Recife
4289,13-04-2025,Barra de Cereal,Alimentos,2,"143,14",Pix,Matriz - Recife
5276,05/07/2025,Suco de Caju 1L,Alimentos,1,"154,66",Dinheiro,Matriz - Recife
2872,19/11/2024,Caneta Esferográfica,Papelaria,5,"9,04",Dinheiro,Matriz - Recife
3150,11-12-2024,Organizador de Gaveta,Casa e Utilidades,2,"32,31",Cartão de Débito,Matriz - Recife
6652,2025-11-19,Boné Aba Reta,Vestuário,2,"102,62",Cartão de Débito,Matriz - Recife
3985,2025-03-14,Chinelo de Dedo,Vestuário,3,"136,40",Cartão de Crédito,Matriz - Recife
2797,14-11-2024,Marcador de Texto,Papelaria,1,"90,46",Dinheiro,Matriz - Recife
1856,2024-08-02,Porta Sabonete,,4,"147,98",Dinheiro,Matriz - Recife
912,05/05/2024,Power Bank 10000mAh,ELETRÔNICOS,1,"194,64",Dinheiro,Matriz - Recife
6131,06-10-2025,Caderno Universitário,Papelaria,1,"190,27",Pix,Matriz - Recife
1177,28-05-2024,Meia Esportiva,Vestuário,2,"16,32",Dinheiro,Matriz - Recife
6849,01/12/2025,Caderno Universitário,PAPELARIA,1,"218,37",Dinheiro,Matriz - Recife
4546,08/05/2025,Amendoim Torrado,Alimentos,1,"140,92",Cartão de Crédito,Matriz - Recife
6706,2025-11-22,kit panelas antiaderente,Casa e Utilidades,1,"227,66",Pix,Matriz - Recife
1168,2024-05-27,Chinelo de Dedo,Vestuário,1,"135,76",PIX,Matriz - Recife
937,07-05-2024,Água de Coco 500ml,Alimentos,3,"63,73",PIX,Matriz - Recife
1683,11-07-2024,Vela Aromática,Casa e Utilidades,2,"30,57",Dinheiro,Matriz - Recife
6889,03-12-2025,Caixa de Som Portátil,Eletrônicos,4,"75,48",Dinheiro,Matriz - Recife
5389,2025-07-19,Mochila Escolar,Papelaria,3,"190,24",Cartão de Crédito,Matriz - Recife
3902,2025-03-05,Vela Aromática,Casa e Utilidades,2,"28,77",PIX,Matriz - Recife
615,01-04-2024,Vela Aromática,,4,"28,52",Pix,Matriz - Recife
5448,24-07-2025,Carregador USB-C,ELETRÔNICOS,1,"13,21",Cartão de Débito,Matriz - Recife
1443,21-06-2024,Carregador USB-C,Eletrônicos,2,"14,05",Cartão de Débito,Matriz - Recife
967,10/05/2024,Organizador de Gaveta,Casa e Utilidades,1,"31,94",Pix,Matriz - Recife
663,08-04-2024,Chinelo de Dedo,Vestuário,1,"138,01",PIX,Matriz - Recife
1972,15/08/2024,Cabo HDMI,,1,"60,02",Dinheiro,Matriz - Recife
2753,10/11/2024,Organizador de Gaveta,Casa e Utilidades,1,"32,76",pix,Matriz - Recife
3464,05-01-2025,Suco de Caju 1L,ALIMENTOS,4,"172,70",Cartão de Débito,Matriz - Recife
6474,06/11/2025,Marcador de Texto,Papelaria,3,"96,68",Cartão de Crédito,Matriz - Recife
1963,13-08-2024,Caderno Universitário,Papelaria,3,"219,23",Cartão de Crédito,matriz-recife
4680,19-05-2025,barra de cereal,Alimentos,1,"130,07",Dinheiro,Matriz - Recife
6576,13-11-2025,Vela Aromática,Casa e Utilidades,2,"29,67",Cartão de Débito,Matriz - Recife
6488,2025-11-07,Kit Panelas Antiaderente,Casa e Utilidades,3,"250,68",PIX,Matriz - Recife
3861,02/03/2025,Kit Panelas Antiaderente,Casa e Utilidades,3,"249,19",Dinheiro,Matriz - Recife
4428,30-04-2025,Camiseta Básica,Vestuário,2,"226,70",pix,Matriz - Recife
5509,31/07/2025,Marcador de Texto,Papelaria,3,"89,76",pix,Matriz - Recife
755,19-04-2024,Organizador de Gaveta,Casa e Utilidades,1,"32,64",pix,Matriz - Recife
1309,2024-06-08,Meia Esportiva,Vestuário,2,"14,14",Cartão de Débito,Matriz - Recife
3618,29-01-2025,Biscoito Recheado,Alimentos,1,"52,63",pix,Matriz - Recife
1646,07/07/2024,Boné Aba Reta,Vestuário,2,"112,37",pix,Matriz - Recife
4667,18-05-2025,Escova de Limpeza,Casa e Utilidades,1,"220,92",Pix,Matriz - Recife
3683,2025-02-05,Mouse Sem Fio,ELETRÔNICOS,1,"180,20",PIX,Matriz - Recife
5244,2025-07-01,Estojo Simples,Papelaria,4,"188,61",PIX,Matriz - Recife
1562,29/06/2024,Vela Aromática,Casa e Utilidades,1,"31,66",Dinheiro,Matriz - Recife
3439,2025-01-02,Camiseta Básica,Vestuário,1,"221,85",Dinheiro,Matriz - Recife
4062,22/03/2025,amendoim torrado,Alimentos,5,"145,06",Cartão de Crédito,Matriz - Recife
5337,15-07-2025,Caderno Universitário,Papelaria,1,"216,66",Dinheiro,Matriz - Recife
6422,03/11/2025,Cabo HDMI,Eletrônicos,1,"66,96",Pix,Matriz - Recife
5101,21-06-2025,Cabo HDMI,Eletrônicos,2,"60,09",pix,Matriz - Recife
2495,2024-10-12,Boné Aba Reta,Vestuário,1,"101,32",PIX,Matriz - Recife
3951,10-03-2025,Caixa de Som Portátil,Eletrônicos,1,"70,85",Cartão de Débito,Matriz - Recife
7313,31-12-2025,Organizador de Gaveta,Casa e Utilidades,1,"30,01",pix,Matriz - Recife
3766,16-02-2025,Boné Aba Reta,Vestuário,1,"108,39",Cartão de Débito,Matriz - Recife
2355,29-09-2024,Kit Panelas Antiaderente,Casa e Utilidades,2,"256,77",Pix,Matriz - Recife
1228,02-06-2024,Cabo HDMI,Eletrônicos,2,"66,86",Cartão de Débito,Matriz - Recife
3444,2025-01-02,Barra de Cereal,Alimentos,3,"136,92",pix,Matriz - Recife
7160,23/12/2025,Chinelo de Dedo,Vestuário,2,"131,04",pix,Matriz - Recife
2638,2024-10-29,Barra de Cereal,ALIMENTOS,1,"135,31",Pix,Matriz - Recife
2054,24/08/2024,Carregador USB-C,Eletrônicos,1,"14,08",Cartão de Crédito,Matriz - Recife
1061,19-05-2024,Camiseta Básica,Vestuário,4,"231,05",Cartão de Débito,Matriz - Recife
5613,11-08-2025,Kit Panelas Antiaderente,Casa e Utilidades,1,"233,76",pix,Matriz - Recife
317,23/02/2024,Marcador de Texto,Papelaria,1,"95,49",,Matriz - Recife
3641,2025-01-31,Estojo Simples,PAPELARIA,2,"185,22",Cartão de Débito,Matriz - Recife
4983,2025-06-10,Camiseta Básica,VESTUÁRIO,4,"240,68",pix,Matriz - Recife
6169,2025-10-09,Escova de Limpeza,Casa e Utilidades,1,"228,39",Pix,Matriz - Recife
3175,12/12/2024,Café Torrado 500g,Alimentos,5,"14,84",Cartão de Crédito,Matriz - Recife
787,22/04/2024,Barra de Cereal,Alimentos,1,"142,26",Dinheiro,Matriz - Recife
2045,24-08-2024,Kit Panelas Antiaderente,Casa e Utilidades,2,"224,21",Cartão de Crédito,Matriz - Recife
2592,24-10-2024,Bermuda Jeans,Vestuário,2,"30,35",Pix,Matriz - Recife
2773,12/11/2024,Biscoito Recheado,Alimentos,1,"57,02",PIX,Matriz - Recife
148,2024-01-26,Boné Aba Reta,Vestuário,4,"114,01",Cartão de Crédito,Matriz - Recife
1383,2024-06-14,Organizador de Gaveta,Casa e Utilidades,2,"32,05",,Matriz - Recife
7314,31/12/2025,Power Bank 10000mAh,Eletrônicos,2,"180,60",pix,Matriz - Recife
754,2024-04-19,mochila escolar,PAPELARIA,2,"201,23",pix,Matriz - Recife
4719,24-05-2025,Carregador USB-C,Eletrônicos,1,"14,22",Cartão de Débito,Matriz - Recife
2532,16/10/2024,fone de ouvido bluetooth,Eletrônicos,1,"161,07",PIX,Matriz - Recife
5736,23-08-2025,Chinelo de Dedo,Vestuário,1,"131,95",Dinheiro,Matriz - Recife
4307,2025-04-16,Bermuda Jeans,Vestuário,1,"26,79",,Matriz - Recife
3213,15-12-2024,Vela Aromática,Casa e Utilidades,1,"28,53",Cartão de Débito,Matriz - Recife
1286,07-06-2024,Vela Aromática,Casa e Utilidades,2,"32,34",Dinheiro,Matriz - Recife
2321,2024-09-25,Água de Coco 500ml,Alimentos,1,"61,28",pix,Matriz - Recife
7178,24-12-2025,Barra de Cereal,Alimentos,2,"132,45",Dinheiro,Matriz - Recife
1099,21/05/2024,Caneta Esferográfica,Papelaria,2,"9,14",pix,Matriz - Recife
2174,08-09-2024,Barra de Cereal,Alimentos,3,"148,20",Cartão de Crédito,Matriz - Recife
1354,2024-06-12,Marcador de Texto,Papelaria,2,"95,81",PIX,Matriz - Recife
1504,25/06/2024,Carregador USB-C,,2,"14,91",Pix,Matriz - Recife
6302,23-10-2025,Biscoito Recheado,,1,"57,16",,Matriz - Recife
3,2024-01-01,Power Bank 10000mAh,Eletrônicos,2,"187,25",pix,Matriz - Recife
3387,28/12/2024,Porta Sabonete,Casa e Utilidades,1,"152,56",pix,Matriz - Recife
3613,2025-01-28,cola bastão,PAPELARIA,2,"44,80",Pix,Matriz - Recife
4356,22-04-2025,Camiseta Básica,Vestuário,1,"206,09",Dinheiro,Matriz - Recife
1455,21/06/2024,Marcador de Texto,Papelaria,4,"92,36",pix,Matriz - Recife
4503,05-05-2025,Barra de Cereal,Alimentos,2,"144,70",Cartão de Débito,Matriz - Recife
5157,25-06-2025,Jogo de Toalhas,Casa e Utilidades,1,"88,32",Pix,Matriz - Recife
2258,18-09-2024,Chinelo de Dedo,Vestuário,4,"125,51",Dinheiro,Matriz - Recife
3417,2024-12-30,Café Torrado 500g,Alimentos,3,"13,87",PIX,Matriz - Recife
3140,10/12/2024,Jaqueta Corta-Vento,Vestuário,1,"59,35",Cartão de Débito,Matriz - Recife
1137,24-05-2024,Mochila Escolar,Papelaria,2,"196,02",Cartão de Débito,Matriz - Recife
6129,05-10-2025,porta sabonete,Casa e Utilidades,4,"153,63",pix,Matriz - Recife
5325,2025-07-13,vela aromática,Casa e Utilidades,2,"28,02",Dinheiro,Matriz - Recife
5513,31-07-2025,Cabo HDMI,Eletrônicos,2,"65,07",PIX,Matriz - Recife
672,09/04/2024,Estojo Simples,,4,"180,33",pix,Matriz - Recife
3743,14/02/2025,Power Bank 10000mAh,Eletrônicos,1,"198,93",Pix,Matriz - Recife
5386,2025-07-19,Chinelo de Dedo,VESTUÁRIO,1,"128,34",Cartão de Crédito,Matriz - Recife
4471,03-05-2025,Caderno Universitário,Papelaria,3,"207,47",,Matriz - Recife
2494,12/10/2024,Porta Sabonete,Casa e Utilidades,-1,"159,06",PIX,Matriz - Recife
1039,16/05/2024,Amendoim Torrado,Alimentos,1,"153,83",Cartão de Débito,Matriz - Recife
6207,14-10-2025,Cabo HDMI,ELETRÔNICOS,1,"62,15",Pix,Matriz - Recife
6472,2025-11-06,Porta Sabonete,CASA E UTILIDADES,1,"156,62",Dinheiro,Matriz - Recife
2359,29-09-2024,Água de Coco 500ml,Alimentos,1,"64,05",Cartão de Crédito,Matriz - Recife
2751,09/11/2024,Vela Aromática,Casa e Utilidades,1,"28,47",Cartão de Crédito,Matriz - Recife
680,2024-04-10,amendoim torrado,Alimentos,1,"158,97",Dinheiro,Matriz - Recife
6097,03-10-2025,Suco de Caju 1L,Alimentos,1,"166,41",PIX,Matriz - Recife
2235,15/09/2024,Chinelo de Dedo,Vestuário,2,"127,69",Pix,Matriz - Recife
192,2024-02-02,Caneta Esferográfica,Papelaria,1,"8,95",Pix,Matriz - Recife
2785,12-11-2024,Água de Coco 500ml,Alimentos,1,"59,99",Dinheiro,Matriz - Recife
5858,04-09-2025,Camiseta Básica,Vestuário,1,"214,62",Cartão de Débito,Matriz - Recife
7297,30-12-2025,Caderno Universitário,PAPELARIA,3,"187,58",Pix,Matriz - Recife
1602,02/07/2024,Marcador de Texto,Papelaria,1,"92,62",,Matriz - Recife
4357,22/04/2025,Organizador de Gaveta,Casa e Utilidades,3,"32,33",Dinheiro,Matriz - Recife
2119,02-09-2024,Cabo HDMI,ELETRÔNICOS,2,"64,97",Pix,Matriz - Recife
3106,2024-12-07,Mouse Sem Fio,Eletrônicos,1,"176,02",Dinheiro,Matriz - Recife
3721,2025-02-10,Camiseta Básica,Vestuário,4,"206,66",Cartão de Débito,Matriz - Recife
6943,2025-12-08,Água de Coco 500ml,Alimentos,2,"59,24",pix,Matriz - Recife
2685,03-11-2024,Barra de Cereal,Alimentos,1,"145,06",PIX,Matriz - Recife
4438,2025-05-01,porta sabonete,Casa e Utilidades,4,"151,33",Cartão de Crédito,Matriz - Recife
6086,2025-10-02,Amendoim Torrado,Alimentos,1,"154,39",pix,Matriz - Recife
2181,09/09/2024,Água de Coco 500ml,Alimentos,2,"61,00",pix,Matriz - Recife
1070,19/05/2024,Boné Aba Reta,,1,"116,76",PIX,Matriz - Recife
5020,2025-06-13,Caneta Esferográfica,Papelaria,1,"9,37",Cartão de Crédito,Matriz - Recife
3565,2025-01-22,Suco de Caju 1L,Alimentos,4,"171,58",pix,Matriz - Recife
732,2024-04-17,Caixa de Som Portátil,Eletrônicos,-1,"70,08",Dinheiro,Matriz - Recife
6104,2025-10-03,Bermuda Jeans,Vestuário,1,"27,13",PIX,Matriz - Recife
2793,14/11/2024,organizador de gaveta,Casa e Utilidades,2,"30,06",Cartão de Débito,Matriz - Recife
5904,10-09-2025,Kit Panelas Antiaderente,Casa e Utilidades,2,"228,07",PIX,Matriz - Recife
5841,02-09-2025,Escova de Limpeza,Casa e Utilidades,3,"197,28",Dinheiro,Matriz - Recife
2137,04-09-2024,Estojo Simples,Papelaria,2,"173,58",PIX,Matriz - Recife
5377,2025-07-18,Biscoito Recheado,ALIMENTOS,1,"57,48",Dinheiro,Matriz - Recife
910,2024-05-05,Carregador USB-C,Eletrônicos,1,"13,24",Cartão de Débito,Matriz - Recife
7137,22/12/2025,Fone de Ouvido Bluetooth,Eletrônicos,1,"167,13",PIX,Matriz - Recife
228,10-02-2024,Suco de Caju 1L,Alimentos,1,"167,33",Dinheiro,Matriz - Recife
6247,17/10/2025,Mochila Escolar,,2,"201,87",Cartão de Débito,Matriz - Recife
3916,2025-03-06,Caderno Universitário,Papelaria,1,"189,24",Cartão de Débito,Matriz - Recife
7309,31-12-2025,Camiseta Básica,VESTUÁRIO,1,"240,06",Cartão de Débito,Matriz - Recife
4427,2025-04-30,Meia Esportiva,Vestuário,4,"15,58",pix,Matriz - Recife
17,04/01/2024,Caderno Universitário,Papelaria,1,"187,64",PIX,Matriz - Recife
860,30/04/2024,Vela Aromática,Casa e Utilidades,1,"28,56",Cartão de Crédito,Matriz - Recife
403,09/03/2024,Escova de Limpeza,Casa e Utilidades,1,"212,45",Dinheiro,Matriz - Recife
4706,2025-05-23,Barra de Cereal,,1,"140,86",Cartão de Débito,Matriz - Recife
5939,2025-09-14,Amendoim Torrado,Alimentos,1,"161,11",Cartão de Débito,Matriz - Recife
5756,2025-08-25,Porta Sabonete,CASA E UTILIDADES,2,"157,97",,Matriz - Recife
3274,21-12-2024,Kit Panelas Antiaderente,CASA E UTILIDADES,4,"240,37",Cartão de Crédito,Matriz - Recife
3229,17/12/2024,Mochila Escolar,Papelaria,3,"192,53",Cartão de Crédito,Matriz - Recife
262,14/02/2024,Carregador USB-C,Eletrônicos,2,"15,14",pix,Matriz - Recife
4972,09-06-2025,Escova de Limpeza,Casa e Utilidades,4,"209,63",pix,Matriz - Recife
3962,12-03-2025,Vela Aromática,Casa e Utilidades,2,"29,46",PIX,Matriz - Recife
6595,2025-11-14,Cabo HDMI,Eletrônicos,1,"64,93",Cartão de Débito,Matriz - Recife
3359,27/12/2024,Porta Sabonete,Casa e Utilidades,2,"152,64",PIX,Matriz - Recife
3845,01-03-2025,Mouse Sem Fio,Eletrônicos,2,"175,48",Dinheiro,Matriz - Recife
5392,20-07-2025,Amendoim Torrado,Alimentos,3,"157,41",pix,Matriz - Recife
6951,08-12-2025,Vela Aromática,Casa e Utilidades,3,"29,92",pix,Matriz - Recife
3018,30-11-2024,Mochila Escolar,Papelaria,4,"203,14",Cartão de Débito,Matriz - Recife
1054,18/05/2024,Organizador de Gaveta,Casa e Utilidades,3,"30,25",Cartão de Crédito,Matriz - Recife
1217,01/06/2024,Cola Bastão,PAPELARIA,1,"46,39",Cartão de Débito,Matriz - Recife
6821,30-11-2025,Porta Sabonete,Casa e Utilidades,3,"159,73",Cartão de Débito,Matriz - Recife
5005,11/06/2025,vela aromática,Casa e Utilidades,2,"30,86",,Matriz - Recife
5823,31-08-2025,Cola Bastão,Papelaria,5,"44,40",Cartão de Débito,Matriz - Recife
6828,30/11/2025,Porta Sabonete,Casa e Utilidades,1,"147,68",Cartão de Débito,Matriz - Recife
2516,2024-10-15,Água de Coco 500ml,Alimentos,2,"64,12",Pix,Matriz - Recife
5460,25-07-2025,Escova de Limpeza,,2,"219,77",Pix,Matriz - Recife
1454,21-06-2024,Chinelo de Dedo,Vestuário,2,"120,03",pix,Matriz - Recife
3543,20-01-2025,Água de Coco 500ml,ALIMENTOS,1,"66,04",PIX,Matriz - Recife
3185,13/12/2024,Escova de Limpeza,Casa e Utilidades,1,"198,25",PIX,Matriz - Recife
1400,17/06/2024,Porta Sabonete,Casa e Utilidades,2,"154,28",pix,Matriz - Recife
6581,13/11/2025,Mochila Escolar,Papelaria,1,"212,53",Cartão de Crédito,Matriz - Recife
5049,16-06-2025,Power Bank 10000mAh,Eletrônicos,1,"196,32",Pix,Matriz - Recife
3251,2024-12-19,Cabo HDMI,Eletrônicos,1,"57,73",Cartão de Débito,Matriz - Recife
455,14/03/2024,Porta Sabonete,Casa e Utilidades,1,"156,78",pix,Matriz - Recife
5950,2025-09-14,Meia Esportiva,Vestuário,1,"14,08",Dinheiro,Matriz - Recife
6110,2025-10-04,Caneta Esferográfica,PAPELARIA,2,"9,09",Pix,Matriz - Recife
5039,2025-06-16,Power Bank 10000mAh,Eletrônicos,4,"198,45",Pix,Matriz - Recife
4114,27-03-2025,Jogo de Toalhas,Casa e Utilidades,1,"84,93",Cartão de Crédito,Matriz - Recife
7138,2025-12-22,Água de Coco 500ml,Alimentos,2,"58,04",Cartão de Crédito,Matriz - Recife
2583,2024-10-23,café torrado 500g,Alimentos,-3,"15,09",pix,Matriz - Recife
5336,14-07-2025,Cabo HDMI,ELETRÔNICOS,2,"60,89",pix,Matriz - Recife
6663,2025-11-20,Mouse Sem Fio,ELETRÔNICOS,1,"163,85",Cartão de Crédito,Matriz - Recife
3724,11/02/2025,Meia Esportiva,Vestuário,1,"15,53",Pix,Matriz - Recife
6923,2025-12-05,Jogo de Toalhas,Casa e Utilidades,1,"94,48",pix,Matriz - Recife
2373,30-09-2024,Carregador USB-C,Eletrônicos,4,"14,87",PIX,Matriz - Recife
4846,31/05/2025,Camiseta Básica,Vestuário,1,"228,95",Cartão de Crédito,Matriz - Recife
5321,2025-07-13,kit panelas antiaderente,Casa e Utilidades,3,"257,16",Cartão de Crédito,Matriz - Recife
5795,29-08-2025,Cabo HDMI,Eletrônicos,4,"66,18",Cartão de Débito,Matriz - Recife
5782,2025-08-28,Água de Coco 500ml,Alimentos,3,"60,81",Cartão de Débito,Matriz - Recife
4867,2025-06-01,amendoim torrado,Alimentos,3,"152,57",Pix,Matriz - Recife
2670,02-11-2024,Cola Bastão,Papelaria,4,"43,50",pix,Matriz - Recife
4392,27-04-2025,Caderno Universitário,Papelaria,1,"206,33",Dinheiro,Matriz - Recife
3348,26/12/2024,Kit Panelas Antiaderente,CASA E UTILIDADES,1,"238,51",Dinheiro,Matriz - Recife
269,15-02-2024,Biscoito Recheado,Alimentos,2,"60,28",,Matriz - Recife
4485,2025-05-04,Café Torrado 500g,Alimentos,1,"13,56",PIX,Matriz - Recife
33,06/01/2024,Água de Coco 500ml,Alimentos,1,"60,45",Pix,Matriz - Recife
374,2024-03-03,Power Bank 10000mAh,Eletrônicos,1,"180,10",pix,Matriz - Recife
3030,01/12/2024,Suco de Caju 1L,Alimentos,5,"174,08",Pix,Matriz - Recife
2563,2024-10-20,Meia Esportiva,Vestuário,2,"15,83",Cartão de Débito,Matriz - Recife
2161,07-09-2024,caderno universitário,Papelaria,3,"198,48",PIX,Matriz - Recife
1626,05-07-2024,Porta Sabonete,CASA E UTILIDADES,2,"145,12",PIX,Matriz - Recife
3406,29-12-2024,Jogo de Toalhas,Casa e Utilidades,1,"91,59",PIX,Matriz - Recife
2888,20-11-2024,Café Torrado 500g,Alimentos,1,"14,89",PIX,Matriz - Recife
2482,11-10-2024,Amendoim Torrado,,1,"159,61",Dinheiro,Matriz - Recife
6369,30/10/2025,Marcador de Texto,,1,"84,11",Cartão de Crédito,Matriz - Recife
1904,2024-08-07,suco de caju 1l,Alimentos,3,"160,68",pix,Matriz - Recife
3646,31/01/2025,Marcador de Texto,Papelaria,3,"92,59",PIX,Matriz - Recife
3418,30/12/2024,Organizador de Gaveta,Casa e Utilidades,3,"30,33",Dinheiro,Matriz - Recife
6802,2025-11-28,Barra de Cereal,Alimentos,2,"132,65",Cartão de Crédito,Matriz - Recife
742,18/04/2024,Cola Bastão,Papelaria,2,"46,08",Dinheiro,Matriz - Recife
3307,2024-12-23,Fone de Ouvido Bluetooth,Eletrônicos,1,"167,71",Dinheiro,Matriz - Recife
147,26/01/2024,Água de Coco 500ml,ALIMENTOS,2,"59,57",Pix,Matriz - Recife
5578,07-08-2025,Mochila Escolar,Papelaria,1,"203,26",pix,Matriz - Recife
186,01/02/2024,Estojo Simples,Papelaria,2,"172,97",PIX,Matriz - Recife
5542,03-08-2025,Camiseta Básica,,1,"224,18",pix,Matriz - Recife
82,14/01/2024,caixa de som portátil,Eletrônicos,3,"68,99",Cartão de Débito,Matriz - Recife
2777,12-11-2024,Caixa de Som Portátil,Eletrônicos,3,"79,07",PIX,Matriz - Recife
3934,2025-03-09,Caixa de Som Portátil,Eletrônicos,2,"80,01",Cartão de Débito,Matriz - Recife
416,10-03-2024,Organizador de Gaveta,Casa e Utilidades,4,"33,43",Pix,Matriz - Recife
2960,26/11/2024,Vela Aromática,Casa e Utilidades,1,"31,61",Pix,Matriz - Recife
2852,18-11-2024,Caixa de Som Portátil,Eletrônicos,2,"75,26",Cartão de Débito,Matriz - Recife
3479,07-01-2025,Caneta Esferográfica,PAPELARIA,3,"9,59",Dinheiro,Matriz - Recife
1014,2024-05-13,Fone de Ouvido Bluetooth,Eletrônicos,4,"161,70",Cartão de Crédito,Matriz - Recife
7008,13/12/2025,Boné Aba Reta,Vestuário,2,"106,08",Pix,Matriz - Recife
4339,20/04/2025,Boné Aba Reta,Vestuário,1,"114,01",Cartão de Débito,Matriz - Recife
5082,20-06-2025,Mochila Escolar,Papelaria,1,"209,27",Cartão de Débito,Matriz - Recife
2723,06/11/2024,Power Bank 10000mAh,Eletrônicos,1,"187,49",pix,Matriz - Recife
1066,19-05-2024,Chinelo de Dedo,Vestuário,-2,"129,34",Cartão de Crédito,Matriz - Recife
4960,2025-06-08,Kit Panelas Antiaderente,Casa e Utilidades,3,"245,12",PIX,Matriz - Recife
855,2024-04-30,Café Torrado 500g,Alimentos,-1,"13,33",Cartão de Débito,Matriz - Recife
2697,04/11/2024,mochila escolar,Papelaria,3,"188,04",Cartão de Débito,Matriz - Recife
3919,07/03/2025,Carregador USB-C,Eletrônicos,2,"13,92",pix,Matriz - Recife
6245,2025-10-17,Caderno Universitário,PAPELARIA,1,"209,90",pix,Matriz - Recife
3454,2025-01-03,caneta esferográfica,Papelaria,1,"9,21",pix,Matriz - Recife
690,11-04-2024,Biscoito Recheado,,3,"60,59",Cartão de Crédito,Matriz - Recife
547,24/03/2024,caixa de som portátil,Eletrônicos,2,"75,46",Cartão de Débito,Matriz - Recife
5616,11-08-2025,Camiseta Básica,Vestuário,2,"224,80",Dinheiro,Matriz - Recife
1016,2024-05-13,Camiseta Básica,Vestuário,2,"210,51",PIX,Matriz - Recife
1678,2024-07-11,Kit Panelas Antiaderente,Casa e Utilidades,1,"258,39",pix,Matriz - Recife
3703,08-02-2025,carregador usb-c,,5,"15,15",Cartão de Crédito,Matriz - Recife
610,2024-04-01,Água de Coco 500ml,ALIMENTOS,1,"62,63",PIX,Matriz - Recife
6919,2025-12-05,barra de cereal,Alimentos,1,"148,38",PIX,Matriz - Recife
6874,02-12-2025,Porta Sabonete,CASA E UTILIDADES,1,"164,70",Pix,Matriz - Recife
6404,2025-11-02,Chinelo de Dedo,,1,"132,82",pix,Matriz - Recife
2975,28-11-2024,água de coco 500ml,Alimentos,1,"65,56",Cartão de Débito,Matriz - Recife
3261,2024-12-20,Jogo de Toalhas,CASA E UTILIDADES,4,"88,98",Pix,Matriz - Recife
531,2024-03-22,Barra de Cereal,Alimentos,5,"140,81",Cartão de Débito,Matriz - Recife
1122,2024-05-23,Kit Panelas Antiaderente,Casa e Utilidades,1,"235,23",Cartão de Débito,Matriz - Recife
3248,19-12-2024,Kit Panelas Antiaderente,Casa e Utilidades,2,"237,43",PIX,Matriz - Recife
755,19-04-2024,Organizador de Gaveta,Casa e Utilidades,1,"32,64",pix,Matriz - Recife
2471,2024-10-10,Café Torrado 500g,ALIMENTOS,-2,"15,11",Dinheiro,Matriz - Recife
4021,18-03-2025,caixa de som portátil,Eletrônicos,3,"76,90",PIX,Matriz - Recife
5715,21/08/2025,Biscoito Recheado,Alimentos,2,"53,67",Dinheiro,Matriz - Recife
3263,20/12/2024,Água de Coco 500ml,Alimentos,1,"63,06",Pix,matriz-recife
2121,02-09-2024,Camiseta Básica,Vestuário,4,"219,56",Pix,Matriz - Recife
3940,09/03/2025,Marcador de Texto,Papelaria,2,"83,75",Cartão de Débito,matriz-recife
5857,04/09/2025,Meia Esportiva,,3,"16,15",pix,Matriz - Recife
6741,24/11/2025,Água de Coco 500ml,ALIMENTOS,1,"56,65",Cartão de Crédito,Matriz - Recife
4052,21/03/2025,Chinelo de Dedo,Vestuário,1,"121,97",pix,Matriz - Recife
2968,2024-11-27,cabo hdmi,Eletrônicos,3,"63,80",Dinheiro,Matriz - Recife
5716,21/08/2025,Bermuda Jeans,Vestuário,4,"28,40",,Matriz - Recife
877,01-05-2024,Marcador de Texto,Papelaria,1,"92,96",pix,Matriz - Recife
6701,22-11-2025,Marcador de Texto,Papelaria,1,"88,79",Dinheiro,Matriz - Recife
5308,11-07-2025,Mouse Sem Fio,Eletrônicos,1,"169,99",PIX,Matriz - Recife
4358,22/04/2025,Jogo de Toalhas,Casa e Utilidades,1,"83,84",Pix,Matriz - Recife
458,2024-03-14,Suco de Caju 1L,ALIMENTOS,2,"160,61",Dinheiro,Matriz - Recife
1491,24-06-2024,Mochila Escolar,Papelaria,2,"206,79",PIX,Matriz - Recife
2243,2024-09-17,Power Bank 10000mAh,Eletrônicos,2,"191,08",PIX,Matriz - Recife
704,13-04-2024,Jaqueta Corta-Vento,Vestuário,1,"56,30",Cartão de Débito,Matriz - Recife
271,15-02-2024,Caderno Universitário,Papelaria,3,"213,30",Dinheiro,Matriz - Recife
5792,2025-08-29,Suco de Caju 1L,Alimentos,5,"155,22",Dinheiro,Matriz - Recife
2964,27/11/2024,Café Torrado 500g,,4,"13,79",PIX,Matriz - Recife
6942,2025-12-08,Mouse Sem Fio,Eletrônicos,2,"160,33",Cartão de Débito,Matriz - Recife
5607,2025-08-10,Meia Esportiva,VESTUÁRIO,3,"16,03",pix,Matriz - Recife
3385,2024-12-28,Chinelo de Dedo,Vestuário,3,"132,27",Pix,Matriz - Recife
4306,2025-04-16,Meia Esportiva,Vestuário,1,"16,34",Pix,Matriz - Recife
406,09-03-2024,Carregador USB-C,Eletrônicos,-2,"13,64",Cartão de Débito,Matriz - Recife
1755,2024-07-20,Cola Bastão,Papelaria,2,"47,12",pix,Matriz - Recife
550,24/03/2024,Carregador USB-C,Eletrônicos,2,"13,76",pix,Matriz - Recife
5537,2025-08-02,amendoim torrado,Alimentos,1,"156,95",Dinheiro,Matriz - Recife
3632,30-01-2025,fone de ouvido bluetooth,Eletrônicos,3,"152,15",Dinheiro,Matriz - Recife
6732,2025-11-23,Amendoim Torrado,Alimentos,1,"160,42",Dinheiro,Matriz - Recife
2519,2024-10-15,Escova de Limpeza,Casa e Utilidades,2,"212,74",Cartão de Crédito,Matriz - Recife
4044,20-03-2025,Cabo HDMI,Eletrônicos,1,"64,47",PIX,Matriz - Recife
6587,13/11/2025,Água de Coco 500ml,Alimentos,4,"58,29",PIX,Matriz - Recife
6906,2025-12-05,Estojo Simples,PAPELARIA,1,"165,72",Pix,Matriz - Recife
5198,28-06-2025,Kit Panelas Antiaderente,Casa e Utilidades,3,"250,92",PIX,Matriz - Recife
5503,30/07/2025,Power Bank 10000mAh,Eletrônicos,2,"197,42",Pix,Matriz - Recife
2654,31-10-2024,Caderno Universitário,Papelaria,-5,"212,35",Pix,Matriz - Recife
3725,2025-02-11,Biscoito Recheado,ALIMENTOS,1,"53,49",Dinheiro,Matriz - Recife
4631,15/05/2025,Caixa de Som Portátil,Eletrônicos,2,"75,00",Dinheiro,Matriz - Recife
4929,06/06/2025,fone de ouvido bluetooth,Eletrônicos,1,"169,72",Cartão de Débito,Matriz - Recife
6149,08-10-2025,Mouse Sem Fio,ELETRÔNICOS,2,"183,93",pix,Matriz - Recife
3855,02/03/2025,Meia Esportiva,Vestuário,2,"16,11",pix,Matriz - Recife
1852,01/08/2024,porta sabonete,Casa e Utilidades,1,"144,89",Cartão de Crédito,Matriz - Recife
1262,2024-06-05,Água de Coco 500ml,Alimentos,1,"66,18",PIX,Matriz - Recife
1050,17-05-2024,Vela Aromática,Casa e Utilidades,5,"29,46",Pix,Matriz - Recife
925,2024-05-06,Organizador de Gaveta,Casa e Utilidades,1,"33,75",Pix,Matriz - Recife
7209,2025-12-26,Vela Aromática,Casa e Utilidades,2,"28,33",Pix,Matriz - Recife
6260,2025-10-19,Caderno Universitário,PAPELARIA,1,"198,59",Cartão de Débito,Matriz - Recife
469,15/03/2024,Escova de Limpeza,Casa e Utilidades,2,"219,57",PIX,Matriz - Recife
4850,31-05-2025,Organizador de Gaveta,Casa e Utilidades,3,"30,06",Pix,Matriz - Recife
6010,2025-09-22,Estojo Simples,Papelaria,4,"168,99",PIX,Matriz - Recife
1872,2024-08-03,Caderno Universitário,Papelaria,-2,"201,79",Dinheiro,Matriz - Recife
2776,2024-11-12,Bermuda Jeans,Vestuário,-1,"27,49",Pix,Matriz - Recife
6056,28-09-2025,Café Torrado 500g,Alimentos,1,"13,32",pix,Matriz - Recife
5726,2025-08-22,Fone de Ouvido Bluetooth,ELETRÔNICOS,1,"169,17",Pix,Matriz - Recife
1124,23-05-2024,Jogo de Toalhas,CASA E UTILIDADES,3,"88,67",Cartão de Crédito,Matriz - Recife
6200,2025-10-13,Vela Aromática,CASA E UTILIDADES,1,"28,45",Pix,Matriz - Recife
2599,25-10-2024,Cola Bastão,Papelaria,2,"46,73",Cartão de Débito,Matriz - Recife
889,2024-05-02,Mochila Escolar,PAPELARIA,1,"198,21",pix,Matriz - Recife
5465,25-07-2025,Barra de Cereal,Alimentos,2,"133,02",Dinheiro,Matriz - Recife
5623,2025-08-11,Caderno Universitário,Papelaria,1,"198,97",pix,Matriz - Recife
3316,23/12/2024,Barra de Cereal,Alimentos,3,"148,20",Dinheiro,Matriz - Recife
3053,2024-12-03,Power Bank 10000mAh,Eletrônicos,-1,"176,95",Cartão de Crédito,Matriz - Recife
7199,25/12/2025,Mouse Sem Fio,ELETRÔNICOS,1,"160,82",Pix,Matriz - Recife
3167,2024-12-12,Vela Aromática,Casa e Utilidades,3,"29,75",PIX,Matriz - Recife
6545,10-11-2025,Amendoim Torrado,Alimentos,3,"145,48",Cartão de Crédito,Matriz - Recife
647,2024-04-06,Cola Bastão,Papelaria,1,"42,63",pix,Matriz - Recife
1542,2024-06-27,Água de Coco 500ml,ALIMENTOS,2,"63,83",Pix,Matriz - Recife
4879,02/06/2025,Caixa de Som Portátil,ELETRÔNICOS,1,"75,65",PIX,Matriz - Recife
1641,06/07/2024,Água de Coco 500ml,Alimentos,1,"62,38",PIX,Matriz - Recife
6192,12-10-2025,Bermuda Jeans,Vestuário,2,"27,06",Cartão de Débito,Matriz - Recife
4379,25/04/2025,Camiseta Básica,Vestuário,3,"241,74",pix,Matriz - Recife
1441,20-06-2024,Biscoito Recheado,,5,"59,46",pix,Matriz - Recife
4077,24-03-2025,Cabo HDMI,ELETRÔNICOS,1,"61,61",Cartão de Crédito,Matriz - Recife
6272,2025-10-21,Amendoim Torrado,Alimentos,2,"156,17",PIX,Matriz - Recife
4724,2025-05-24,Porta Sabonete,Casa e Utilidades,5,"152,14",Dinheiro,Matriz - Recife
1291,2024-06-07,Porta Sabonete,Casa e Utilidades,2,"161,00",PIX,Matriz - Recife
6683,20-11-2025,Mochila Escolar,Papelaria,4,"199,65",Cartão de Débito,Matriz - Recife
243,12-02-2024,Água de Coco 500ml,Alimentos,1,"63,43",pix,Matriz - Recife
4340,20-04-2025,Camiseta Básica,Vestuário,2,"228,08",Cartão de Crédito,Matriz - Recife
5838,2025-09-02,suco de caju 1l,Alimentos,4,"157,15",PIX,Matriz - Recife
2318,24-09-2024,Mouse Sem Fio,Eletrônicos,3,"167,80",Pix,Matriz - Recife
2745,08/11/2024,Meia Esportiva,Vestuário,1,"14,29",Cartão de Crédito,Matriz - Recife
1696,13-07-2024,Boné Aba Reta,Vestuário,1,"111,91",Cartão de Débito,Matriz - Recife
668,08/04/2024,Mouse Sem Fio,Eletrônicos,2,"158,79",Cartão de Crédito,Matriz - Recife
576,2024-03-28,Escova de Limpeza,Casa e Utilidades,2,"222,07",Pix,Matriz - Recife
1751,19-07-2024,Escova de Limpeza,Casa e Utilidades,3,"226,77",pix,Matriz - Recife
3866,03-03-2025,Água de Coco 500ml,Alimentos,3,"60,64",Cartão de Débito,Matriz - Recife
4518,06/05/2025,Organizador de Gaveta,CASA E UTILIDADES,1,"32,33",PIX,Matriz - Recife
2269,2024-09-19,Jogo de Toalhas,Casa e Utilidades,1,"91,18",Dinheiro,Matriz - Recife
856,30/04/2024,Mouse Sem Fio,Eletrônicos,2,"161,50",Cartão de Crédito,Matriz - Recife
6590,14/11/2025,Suco de Caju 1L,Alimentos,4,"166,38",Pix,Matriz - Recife
1412,2024-06-18,Cola Bastão,Papelaria,1,"43,89",pix,Matriz - Recife
1283,07/06/2024,Amendoim Torrado,Alimentos,5,"148,73",Cartão de Débito,Matriz - Recife
110,20-01-2024,Organizador de Gaveta,Casa e Utilidades,2,"33,33",Cartão de Débito,Matriz - Recife
6088,02-10-2025,Caderno Universitário,Papelaria,1,"215,65",,Matriz - Recife
980,2024-05-11,Camiseta Básica,Vestuário,2,"209,69",pix,Matriz - Recife
249,12-02-2024,Café Torrado 500g,Alimentos,3,"14,13",Pix,Matriz - Recife
2749,2024-11-08,Água de Coco 500ml,Alimentos,-2,"61,22",PIX,Matriz - Recife
2578,2024-10-22,mochila escolar,Papelaria,2,"201,65",pix,Matriz - Recife
3772,18-02-2025,Bermuda Jeans,Vestuário,2,"27,05",Pix,Matriz - Recife
5483,2025-07-28,Caderno Universitário,Papelaria,1,"197,11",pix,Matriz - Recife
5073,19/06/2025,jaqueta corta-vento,Vestuário,1,"58,46",Cartão de Crédito,Matriz - Recife
2118,02/09/2024,biscoito recheado,ALIMENTOS,2,"57,45",PIX,Matriz - Recife
3624,29/01/2025,Bermuda Jeans,Vestuário,1,"30,81",Pix,Matriz - Recife
6202,13/10/2025,Cola Bastão,Papelaria,2,"46,70",Pix,Matriz - Recife
7078,17-12-2025,Porta Sabonete,Casa e Utilidades,3,"155,26",Dinheiro,Matriz - Recife
333,25/02/2024,Jaqueta Corta-Vento,Vestuário,3,"56,09",Dinheiro,Matriz - Recife
3224,2024-12-17,Mochila Escolar,Papelaria,1,"215,37",Cartão de Crédito,Matriz - Recife
6563,2025-11-12,Porta Sabonete,Casa e Utilidades,1,"158,48",PIX,Matriz - Recife
1632,2024-07-05,Barra de Cereal,Alimentos,1,"129,81",PIX,Matriz - Recife
2521,2024-10-15,Caderno Universitário,Papelaria,1,"204,78",Dinheiro,Matriz - Recife
5573,2025-08-06,Boné Aba Reta,VESTUÁRIO,2,"103,22",Cartão de Crédito,Matriz - Recife
7018,2025-12-13,Cabo HDMI,Eletrônicos,5,"59,29",Cartão de Crédito,Matriz - Recife
1937,2024-08-10,Café Torrado 500g,Alimentos,-2,"15,54",pix,Matriz - Recife
3317,24-12-2024,Caixa de Som Portátil,Eletrônicos,1,"74,58",Dinheiro,Matriz - Recife
2344,27-09-2024,Meia Esportiva,Vestuário,3,"14,91",Cartão de Crédito,Matriz - Recife
4641,16-05-2025,Água de Coco 500ml,Alimentos,1,"66,13",Cartão de Débito,Matriz - Recife
4499,04-05-2025,Mochila Escolar,Papelaria,2,"188,12",Pix,Matriz - Recife
3019,2024-11-30,Boné Aba Reta,Vestuário,2,"116,78",Cartão de Débito,Matriz - Recife
3762,2025-02-16,Marcador de Texto,Papelaria,2,"94,55",Cartão de Crédito,Matriz - Recife
4449,01/05/2025,estojo simples,Papelaria,1,"179,91",Cartão de Débito,Matriz - Recife
3736,12/02/2025,Caneta Esferográfica,Papelaria,1,"10,16",Dinheiro,Matriz - Recife
128,23/01/2024,Caderno Universitário,Papelaria,2,"219,57",PIX,Matriz - Recife
3367,27/12/2024,Porta Sabonete,Casa e Utilidades,1,"159,96",Cartão de Débito,Matriz - Recife
5197,28-06-2025,Cola Bastão,PAPELARIA,1,"47,42",Pix,Matriz - Recife
5326,13/07/2025,Água de Coco 500ml,Alimentos,2,"65,41",Pix,Matriz - Recife
3748,2025-02-14,Escova de Limpeza,CASA E UTILIDADES,4,"213,59",Dinheiro,Matriz - Recife
3628,30/01/2025,Estojo Simples,Papelaria,1,"181,65",Dinheiro,Matriz - Recife
474,16/03/2024,Organizador de Gaveta,Casa e Utilidades,3,"31,09",PIX,Matriz - Recife
6,2024-01-01,Organizador de Gaveta,Casa e Utilidades,1,"29,13",Pix,Matriz - Recife
105,19-01-2024,Cola Bastão,Papelaria,1,"42,92",Dinheiro,Matriz - Recife
6848,01/12/2025,Vela Aromática,Casa e Utilidades,2,"28,75",PIX,Matriz - Recife
7272,29/12/2025,café torrado 500g,Alimentos,3,"14,81",PIX,Matriz - Recife
4223,08-04-2025,Café Torrado 500g,ALIMENTOS,1,"13,28",pix,Matriz - Recife
2604,25/10/2024,Jaqueta Corta-Vento,Vestuário,3,"57,80",PIX,Matriz - Recife
6833,30/11/2025,Cola Bastão,PAPELARIA,1,"47,81",Dinheiro,Matriz - Recife
6662,19-11-2025,Boné Aba Reta,VESTUÁRIO,5,"106,97",pix,Matriz - Recife
6007,21/09/2025,Suco de Caju 1L,Alimentos,5,"165,10",Cartão de Crédito,Matriz - Recife
1684,12-07-2024,caderno universitário,PAPELARIA,3,"211,88",pix,Matriz - Recife
915,05/05/2024,Carregador USB-C,Eletrônicos,1,"14,76",Dinheiro,Matriz - Recife
5424,22-07-2025,Porta Sabonete,Casa e Utilidades,1,"144,86",Cartão de Débito,Matriz - Recife
2438,2024-10-06,Caixa de Som Portátil,Eletrônicos,1,"75,69",PIX,Matriz - Recife
3278,21-12-2024,Power Bank 10000mAh,Eletrônicos,5,"196,39",PIX,Matriz - Recife
7141,22/12/2025,Estojo Simples,Papelaria,1,"171,83",Cartão de Crédito,Matriz - Recife
1323,09/06/2024,Fone de Ouvido Bluetooth,Eletrônicos,2,"175,13",Dinheiro,Matriz - Recife
3450,2025-01-03,Meia Esportiva,Vestuário,1,"15,37",Cartão de Débito,Matriz - Recife
3319,24/12/2024,Estojo Simples,PAPELARIA,1,"188,75",Cartão de Crédito,Matriz - Recife
2035,23/08/2024,Suco de Caju 1L,ALIMENTOS,3,"155,23",Dinheiro,Matriz - Recife
750,18-04-2024,Mouse Sem Fio,ELETRÔNICOS,1,"176,01",Cartão de Débito,Matriz - Recife
5700,2025-08-19,Organizador de Gaveta,Casa e Utilidades,1,"33,34",PIX,Matriz - Recife
924,2024-05-06,Amendoim Torrado,Alimentos,3,"141,97",Pix,Matriz - Recife
1436,20-06-2024,Organizador de Gaveta,CASA E UTILIDADES,3,"33,47",pix,Matriz - Recife
189,2024-02-02,Biscoito Recheado,Alimentos,1,"56,54",Dinheiro,Matriz - Recife
2566,2024-10-21,Bermuda Jeans,Vestuário,-2,"28,98",Dinheiro,Matriz - Recife
6994,2025-12-12,Caneta Esferográfica,PAPELARIA,1,"9,55",PIX,Matriz - Recife
347,2024-02-28,Camiseta Básica,Vestuário,1,"208,50",pix,Matriz - Recife
3661,2025-02-03,Camiseta Básica,Vestuário,-1,"237,59",PIX,Matriz - Recife
2699,04-11-2024,Meia Esportiva,Vestuário,3,"15,86",Cartão de Crédito,Matriz - Recife
5746,24-08-2025,Camiseta Básica,Vestuário,2,"232,68",PIX,Matriz - Recife
791,23-04-2024,Vela Aromática,CASA E UTILIDADES,4,"30,19",pix,Matriz - Recife
5779,28/08/2025,Fone de Ouvido Bluetooth,Eletrônicos,4,"174,03",Cartão de Débito,Matriz - Recife
5523,02/08/2025,Power Bank 10000mAh,ELETRÔNICOS,2,"187,51",pix,Matriz - Recife
6575,13/11/2025,Fone de Ouvido Bluetooth,Eletrônicos,3,"152,04",PIX,Matriz - Recife
3329,25/12/2024,Caixa de Som Portátil,Eletrônicos,1,"71,34",Dinheiro,Matriz - Recife
846,28/04/2024,Caderno Universitário,Papelaria,1,"192,57",Cartão de Débito,Matriz - Recife
6781,2025-11-27,Fone de Ouvido Bluetooth,Eletrônicos,4,"155,12",Cartão de Débito,Matriz - Recife
1870,2024-08-03,Power Bank 10000mAh,Eletrônicos,1,"182,38",Dinheiro,Matriz - Recife
2981,28/11/2024,Boné Aba Reta,VESTUÁRIO,3,"103,41",PIX,Matriz - Recife
5025,13-06-2025,Água de Coco 500ml,Alimentos,1,"61,67",Cartão de Crédito,Matriz - Recife
174,2024-01-30,cabo hdmi,Eletrônicos,1,"57,09",Dinheiro,Matriz - Recife
558,25/03/2024,Carregador USB-C,Eletrônicos,3,"15,13",Dinheiro,Matriz - Recife
2113,2024-09-01,Organizador de Gaveta,Casa e Utilidades,1,"29,21",Dinheiro,Matriz - Recife
2935,2024-11-24,Biscoito Recheado,Alimentos,1,"54,23",Cartão de Débito,Matriz - Recife
1238,03-06-2024,Barra de Cereal,Alimentos,2,"150,87",Pix,Matriz - Recife
1665,09-07-2024,Jogo de Toalhas,Casa e Utilidades,1,"90,72",Dinheiro,Matriz - Recife
1659,08/07/2024,Cabo HDMI,Eletrônicos,3,"64,23",Pix,Matriz - Recife
124,2024-01-22,Mouse Sem Fio,ELETRÔNICOS,2,"179,77",PIX,Matriz - Recife
5253,03/07/2025,Cola Bastão,PAPELARIA,2,"48,59",PIX,Matriz - Recife
6070,2025-09-30,Jogo de Toalhas,CASA E UTILIDADES,1,"94,16",Pix,Matriz - Recife
1494,24-06-2024,Cabo HDMI,Eletrônicos,2,"57,67",Cartão de Crédito,Matriz - Recife
1750,2024-07-19,Marcador de Texto,Papelaria,5,"97,35",Dinheiro,Matriz - Recife
6095,03-10-2025,Mouse Sem Fio,Eletrônicos,1,"158,24",Cartão de Crédito,Matriz - Recife
1220,2024-06-01,Camiseta Básica,Vestuário,1,"223,42",Pix,Matriz - Recife
1419,19/06/2024,Bermuda Jeans,Vestuário,2,"28,29",PIX,Matriz - Recife
2511,2024-10-14,Cabo HDMI,Eletrônicos,3,"61,37",PIX,Matriz - Recife
2539,18-10-2024,Camiseta Básica,Vestuário,1,"240,53",Dinheiro,Matriz - Recife
2397,03/10/2024,barra de cereal,ALIMENTOS,4,"134,60",Dinheiro,Matriz - Recife
5914,2025-09-11,Suco de Caju 1L,ALIMENTOS,1,"165,36",Cartão de Crédito,Matriz - Recife
3086,05-12-2024,Porta Sabonete,Casa e Utilidades,2,"153,38",Cartão de Crédito,Matriz - Recife
345,27-02-2024,Biscoito Recheado,ALIMENTOS,1,"57,43",Dinheiro,Matriz - Recife
5926,2025-09-12,Cabo HDMI,ELETRÔNICOS,3,"62,41",PIX,Matriz - Recife
2911,22/11/2024,Fone de Ouvido Bluetooth,ELETRÔNICOS,3,"151,48",pix,Matriz - Recife
1472,23-06-2024,Kit Panelas Antiaderente,Casa e Utilidades,1,"246,72",Pix,Matriz - Recife
1010,13-05-2024,Kit Panelas Antiaderente,Casa e Utilidades,2,"223,65",Cartão de Débito,Matriz - Recife
4523,06-05-2025,Cola Bastão,,4,"43,34",PIX,Matriz - Recife
991,12/05/2024,Água de Coco 500ml,Alimentos,1,"62,96",pix,Matriz - Recife
1699,14-07-2024,Café Torrado 500g,Alimentos,5,"13,71",Cartão de Crédito,Matriz - Recife
6282,2025-10-22,Amendoim Torrado,ALIMENTOS,4,"140,57",Cartão de Crédito,Matriz - Recife
972,2024-05-10,Amendoim Torrado,Alimentos,2,"148,35",Pix,Matriz - Recife
2270,19-09-2024,Porta Sabonete,Casa e Utilidades,4,"154,67",PIX,Matriz - Recife
2838,17/11/2024,Água de Coco 500ml,Alimentos,2,"60,53",Cartão de Débito,Matriz - Recife
998,2024-05-12,Escova de Limpeza,Casa e Utilidades,3,"223,12",Dinheiro,Matriz - Recife
1212,01/06/2024,Mouse Sem Fio,Eletrônicos,-5,"164,67",Cartão de Débito,Matriz - Recife
2343,27/09/2024,Mouse Sem Fio,ELETRÔNICOS,4,"184,70",Dinheiro,Matriz - Recife
4189,04/04/2025,Mochila Escolar,Papelaria,2,"211,78",Cartão de Débito,Matriz - Recife
2648,30-10-2024,Bermuda Jeans,Vestuário,1,"31,20",Pix,Matriz - Recife
7291,30/12/2025,cabo hdmi,Eletrônicos,1,"58,30",Cartão de Débito,Matriz - Recife
3377,27/12/2024,Escova de Limpeza,Casa e Utilidades,1,"211,40",Cartão de Crédito,Matriz - Recife
5162,26-06-2025,Amendoim Torrado,Alimentos,2,"160,30",Dinheiro,Matriz - Recife
2538,17-10-2024,Caneta Esferográfica,Papelaria,2,"9,88",Cartão de Crédito,Matriz - Recife
2240,2024-09-16,bermuda jeans,Vestuário,2,"28,02",pix,Matriz - Recife
7242,28-12-2025,Bermuda Jeans,Vestuário,2,"29,81",Cartão de Débito,Matriz - Recife
492,17/03/2024,Estojo Simples,PAPELARIA,1,"177,81",pix,Matriz - Recife
720,16/04/2024,Boné Aba Reta,Vestuário,4,"109,78",PIX,Matriz - Recife
4963,08-06-2025,Jogo de Toalhas,CASA E UTILIDADES,1,"90,93",Dinheiro,Matriz - Recife
4994,2025-06-11,Caneta Esferográfica,Papelaria,1,"9,92",Cartão de Crédito,Matriz - Recife
2830,16-11-2024,Meia Esportiva,Vestuário,4,"16,07",Cartão de Crédito,Matriz - Recife
1860,02-08-2024,Biscoito Recheado,Alimentos,1,"52,47",PIX,Matriz - Recife
2902,2024-11-21,Chinelo de Dedo,Vestuário,1,"132,95",Pix,Matriz - Recife
201,04-02-2024,Fone de Ouvido Bluetooth,,1,"152,14",Dinheiro,Matriz - Recife
2507,2024-10-14,Organizador de Gaveta,CASA E UTILIDADES,2,"29,89",PIX,Matriz - Recife
6908,05-12-2025,Amendoim Torrado,Alimentos,1,"158,76",Dinheiro,Matriz - Recife
1775,2024-07-22,camiseta básica,,1,"217,78",Pix,Matriz - Recife
4878,02/06/2025,água de coco 500ml,Alimentos,1,"60,74",Cartão de Crédito,Matriz - Recife
2962,27-11-2024,Caixa de Som Portátil,Eletrônicos,4,"78,20",pix,Matriz - Recife
5678,2025-08-17,Jogo de Toalhas,Casa e Utilidades,2,"95,30",Pix,Matriz - Recife
6657,19/11/2025,Jogo de Toalhas,,1,"87,46",Cartão de Crédito,Matriz - Recife
5124,22/06/2025,Mouse Sem Fio,Eletrônicos,1,"162,42",,Matriz - Recife
6831,2025-11-30,Água de Coco 500ml,Alimentos,2,"60,31",Cartão de Crédito,Matriz - Recife
360,2024-03-01,Caneta Esferográfica,Papelaria,1,"9,43",Cartão de Crédito,Matriz - Recife
1779,23/07/2024,power bank 10000mah,Eletrônicos,1,"201,13",pix,Matriz - Recife
4046,20/03/2025,Organizador de Gaveta,CASA E UTILIDADES,1,"33,86",PIX,Matriz - Recife
6987,2025-12-11,cola bastão,Papelaria,1,"44,72",Cartão de Crédito,Matriz - Recife
182,01-02-2024,Organizador de Gaveta,CASA E UTILIDADES,1,"30,03",Pix,Matriz - Recife
7005,2025-12-13,Jogo de Toalhas,Casa e Utilidades,1,"90,73",Pix,Matriz - Recife
5234,01-07-2025,Água de Coco 500ml,Alimentos,2,"65,37",Cartão de Débito,Matriz - Recife
3794,2025-02-20,Cola Bastão,Papelaria,4,"46,80",Cartão de Débito,Matriz - Recife
1,01-01-2024,Kit Panelas Antiaderente,Casa e Utilidades,5,"234,99",Cartão de Débito,Matriz - Recife
1651,07/07/2024,Chinelo de Dedo,Vestuário,1,"133,69",Dinheiro,Matriz - Recife
2889,20/11/2024,barra de cereal,Alimentos,1,"139,82",Dinheiro,Matriz - Recife
1568,29-06-2024,Mouse Sem Fio,Eletrônicos,3,"173,72",Dinheiro,Matriz - Recife
535,2024-03-23,jogo de toalhas,Casa e Utilidades,1,"87,59",Cartão de Crédito,Matriz - Recife
3776,2025-02-18,Meia Esportiva,Vestuário,2,"15,77",Cartão de Crédito,Matriz - Recife
5122,22/06/2025,Água de Coco 500ml,Alimentos,4,"58,26",Cartão de Crédito,Matriz - Recife
3434,2025-01-01,Caderno Universitário,Papelaria,2,"215,17",Cartão de Débito,Matriz - Recife
7228,2025-12-27,Escova de Limpeza,Casa e Utilidades,2,"220,34",Cartão de Débito,Matriz - Recife
5464,25/07/2025,Power Bank 10000mAh,Eletrônicos,3,"173,77",Pix,Matriz - Recife
4747,25/05/2025,Kit Panelas Antiaderente,Casa e Utilidades,1,"225,50",Cartão de Débito,Matriz - Recife
5902,2025-09-09,Bermuda Jeans,VESTUÁRIO,2,"30,89",Pix,Matriz - Recife
1778,22-07-2024,Cola Bastão,Papelaria,3,"46,89",pix,Matriz - Recife
3037,02-12-2024,Porta Sabonete,CASA E UTILIDADES,3,"150,20",Cartão de Débito,Matriz - Recife
266,2024-02-15,Kit Panelas Antiaderente,Casa e Utilidades,1,"232,85",Cartão de Crédito,Matriz - Recife
540,2024-03-23,Mochila Escolar,Papelaria,2,"203,39",Cartão de Crédito,Matriz - Recife
2778,12/11/2024,caderno universitário,Papelaria,1,"200,13",PIX,Matriz - Recife
7288,2025-12-30,Vela Aromática,Casa e Utilidades,2,"29,28",Cartão de Débito,Matriz - Recife
1757,20-07-2024,Caneta Esferográfica,Papelaria,3,"10,31",Cartão de Crédito,Matriz - Recife
6946,08-12-2025,Vela Aromática,Casa e Utilidades,1,"31,38",Cartão de Débito,Matriz - Recife
2368,2024-09-30,cabo hdmi,Eletrônicos,1,"62,36",Dinheiro,Matriz - Recife
1200,2024-05-31,Cola Bastão,Papelaria,1,"47,60",Cartão de Débito,Matriz - Recife
6426,04-11-2025,Mochila Escolar,Papelaria,2,"194,88",Dinheiro,Matriz - Recife
3412,30-12-2024,Kit Panelas Antiaderente,Casa e Utilidades,1,"221,16",Dinheiro,Matriz - Recife
2784,12-11-2024,Cabo HDMI,Eletrônicos,3,"57,25",pix,Matriz - Recife
1143,2024-05-25,Carregador USB-C,Eletrônicos,4,"14,46",Dinheiro,Matriz - Recife
5747,24/08/2025,Organizador de Gaveta,Casa e Utilidades,2,"29,31",Pix,Matriz - Recife
1368,13-06-2024,Fone de Ouvido Bluetooth,Eletrônicos,1,"159,37",pix,Matriz - Recife
6992,2025-12-12,Mouse Sem Fio,Eletrônicos,3,"163,03",Cartão de Débito,Matriz - Recife
7127,20/12/2025,vela aromática,Casa e Utilidades,1,"31,16",pix,Matriz - Recife
3482,07-01-2025,Caderno Universitário,PAPELARIA,1,"210,05",Cartão de Débito,Matriz - Recife
1546,2024-06-28,Jogo de Toalhas,Casa e Utilidades,4,"88,20",PIX,Matriz - Recife
818,2024-04-25,Café Torrado 500g,Alimentos,2,"15,52",PIX,Matriz - Recife
4871,01-06-2025,Estojo Simples,Papelaria,5,"167,00",Pix,Matriz - Recife
1531,27/06/2024,Escova de Limpeza,Casa e Utilidades,4,"215,33",Dinheiro,Matriz - Recife
467,15-03-2024,Power Bank 10000mAh,Eletrônicos,2,"174,38",Cartão de Crédito,Matriz - Recife
3115,08-12-2024,Chinelo de Dedo,Vestuário,1,"119,96",Cartão de Débito,Matriz - Recife
1265,2024-06-05,Biscoito Recheado,Alimentos,1,"59,85",Dinheiro,Matriz - Recife
3423,31/12/2024,Chinelo de Dedo,Vestuário,1,"122,82",Dinheiro,Matriz - Recife
2488,11/10/2024,Fone de Ouvido Bluetooth,Eletrônicos,1,"163,62",Cartão de Débito,Matriz - Recife
775,21/04/2024,Mouse Sem Fio,Eletrônicos,2,"168,84",Pix,Matriz - Recife
3433,01/01/2025,Jaqueta Corta-Vento,Vestuário,-2,"64,90",Dinheiro,Matriz - Recife
4937,07-06-2025,Barra de Cereal,Alimentos,1,"141,15",pix,Matriz - Recife
2180,09-09-2024,Porta Sabonete,CASA E UTILIDADES,4,"155,03",pix,Matriz - Recife
1880,2024-08-04,Escova de Limpeza,Casa e Utilidades,1,"219,51",Dinheiro,matriz-recife
4704,22-05-2025,Vela Aromática,Casa e Utilidades,2,"28,17",PIX,Matriz - Recife
2816,15-11-2024,Marcador de Texto,Papelaria,1,"87,95",Dinheiro,Matriz - Recife
2219,14-09-2024,Suco de Caju 1L,ALIMENTOS,-4,"171,63",Dinheiro,Matriz - Recife
2973,27/11/2024,Marcador de Texto,Papelaria,2,"91,98",Cartão de Débito,Matriz - Recife
3701,07/02/2025,chinelo de dedo,Vestuário,2,"140,14",Cartão de Débito,Matriz - Recife
7290,2025-12-30,Meia Esportiva,Vestuário,2,"14,41",Cartão de Débito,Matriz - Recife
220,2024-02-08,Café Torrado 500g,Alimentos,1,"14,51",pix,Matriz - Recife
1349,12/06/2024,Suco de Caju 1L,Alimentos,4,"153,17",Cartão de Débito,Matriz - Recife
3114,2024-12-08,Fone de Ouvido Bluetooth,Eletrônicos,2,"164,52",Pix,Matriz - Recife
4819,2025-05-29,Mouse Sem Fio,Eletrônicos,1,"176,76",pix,Matriz - Recife
3819,25/02/2025,Mouse Sem Fio,,2,"180,63",Pix,Matriz - Recife
3654,02/02/2025,Vela Aromática,Casa e Utilidades,1,"32,53",Dinheiro,Matriz - Recife
1429,20-06-2024,Caixa de Som Portátil,Eletrônicos,1,"69,67",Dinheiro,Matriz - Recife
3304,23/12/2024,Carregador USB-C,Eletrônicos,2,"13,37",pix,Matriz - Recife
6454,2025-11-04,Camiseta Básica,Vestuário,1,"213,34",Dinheiro,Matriz - Recife
965,10-05-2024,Carregador USB-C,Eletrônicos,1,"12,98",Pix,Matriz - Recife
6395,02-11-2025,Carregador USB-C,,3,"13,77",Pix,Matriz - Recife
4101,2025-03-26,bermuda jeans,Vestuário,2,"30,94",Pix,Matriz - Recife
5931,2025-09-13,Amendoim Torrado,Alimentos,2,"145,46",pix,Matriz - Recife
6301,23/10/2025,Caderno Universitário,Papelaria,1,"199,55",PIX,Matriz - Recife
5948,2025-09-14,Kit Panelas Antiaderente,Casa e Utilidades,1,"255,10",PIX,Matriz - Recife
6689,21/11/2025,Camiseta Básica,Vestuário,1,"236,68",pix,Matriz - Recife
7222,27-12-2025,Caixa de Som Portátil,Eletrônicos,1,"71,71",Dinheiro,Matriz - Recife
5648,2025-08-14,Camiseta Básica,Vestuário,2,"209,88",pix,Matriz - Recife
2026,22/08/2024,Cabo HDMI,Eletrônicos,4,"60,03",Cartão de Crédito,Matriz - Recife
1527,26/06/2024,Caixa de Som Portátil,Eletrônicos,-1,"76,82",Dinheiro,Matriz - Recife
4946,2025-06-07,Caderno Universitário,Papelaria,1,"203,12",PIX,Matriz - Recife
5815,2025-08-31,Porta Sabonete,Casa e Utilidades,1,"141,80",Cartão de Débito,Matriz - Recife
5583,07-08-2025,Power Bank 10000mAh,Eletrônicos,3,"172,66",Dinheiro,Matriz - Recife
4390,26/04/2025,Organizador de Gaveta,CASA E UTILIDADES,2,"33,79",Cartão de Crédito,Matriz - Recife
5373,18/07/2025,Power Bank 10000mAh,Eletrônicos,2,"172,20",Pix,Matriz - Recife
783,22/04/2024,Caixa de Som Portátil,Eletrônicos,5,"71,55",pix,Matriz - Recife
2451,2024-10-07,Bermuda Jeans,,5,"29,65",Dinheiro,Matriz - Recife
1876,2024-08-04,Água de Coco 500ml,Alimentos,1,"62,56",Cartão de Crédito,Matriz - Recife
6856,02-12-2025,Mouse Sem Fio,Eletrônicos,3,"172,03",Cartão de Crédito,Matriz - Recife
6788,2025-11-27,Carregador USB-C,Eletrônicos,1,"13,11",PIX,Matriz - Recife
4961,08/06/2025,Camiseta Básica,Vestuário,3,"208,87",Cartão de Crédito,Matriz - Recife
1113,22-05-2024,Camiseta Básica,Vestuário,5,"234,09",Cartão de Débito,Matriz - Recife
2184,10/09/2024,organizador de gaveta,Casa e Utilidades,-1,"29,47",Dinheiro,Matriz - Recife
399,2024-03-09,Carregador USB-C,Eletrônicos,5,"13,56",Pix,Matriz - Recife
6749,2025-11-24,Marcador de Texto,Papelaria,1,"94,11",PIX,Matriz - Recife
3500,2025-01-11,Caneta Esferográfica,Papelaria,3,"9,16",Dinheiro,Matriz - Recife
2939,25-11-2024,fone de ouvido bluetooth,Eletrônicos,3,"167,47",PIX,Matriz - Recife
1186,2024-05-29,Jaqueta Corta-Vento,VESTUÁRIO,1,"65,36",PIX,Matriz - Recife
5405,2025-07-21,Caixa de Som Portátil,Eletrônicos,4,"77,63",Dinheiro,Matriz - Recife
4811,29/05/2025,Marcador de Texto,Papelaria,2,"88,36",Cartão de Débito,Matriz - Recife
7220,27/12/2025,Suco de Caju 1L,Alimentos,2,"166,64",Cartão de Crédito,Matriz - Recife
4899,2025-06-04,Chinelo de Dedo,Vestuário,1,"130,91",Pix,Matriz - Recife
6954,08/12/2025,Kit Panelas Antiaderente,Casa e Utilidades,2,"222,53",Cartão de Débito,Matriz - Recife
157,2024-01-28,Organizador de Gaveta,Casa e Utilidades,4,"32,60",Pix,Matriz - Recife
1744,2024-07-18,Café Torrado 500g,ALIMENTOS,3,"14,84",Cartão de Crédito,Matriz - Recife
4564,10-05-2025,Fone de Ouvido Bluetooth,Eletrônicos,2,"166,83",pix,Matriz - Recife
5477,2025-07-27,Bermuda Jeans,Vestuário,1,"30,80",PIX,Matriz - Recife
6585,2025-11-13,Caixa de Som Portátil,Eletrônicos,5,"78,31",Cartão de Débito,Matriz - Recife
1224,2024-06-02,Camiseta Básica,Vestuário,1,"209,09",Cartão de Crédito,Matriz - Recife
6937,2025-12-07,Organizador de Gaveta,,2,"33,36",pix,Matriz - Recife
4965,2025-06-08,Escova de Limpeza,Casa e Utilidades,2,"218,43",Cartão de Crédito,Matriz - Recife
1607,02-07-2024,Mouse Sem Fio,Eletrônicos,-3,"183,44",Dinheiro,Matriz - Recife
2009,20/08/2024,marcador de texto,Papelaria,1,"91,54",pix,Matriz - Recife
1771,22/07/2024,Mochila Escolar,Papelaria,1,"211,10",pix,Matriz - Recife
6181,2025-10-11,Mouse Sem Fio,ELETRÔNICOS,5,"170,32",Cartão de Débito,Matriz - Recife
1928,2024-08-09,Mochila Escolar,Papelaria,1,"192,08",Pix,Matriz - Recife
2108,01-09-2024,Bermuda Jeans,Vestuário,3,"28,21",Dinheiro,Matriz - Recife
812,2024-04-25,chinelo de dedo,Vestuário,1,"127,42",Dinheiro,Matriz - Recife
4008,16-03-2025,Bermuda Jeans,Vestuário,2,"31,29",,Matriz - Recife
1882,2024-08-04,kit panelas antiaderente,Casa e Utilidades,3,"221,72",Pix,Matriz - Recife
431,11-03-2024,Café Torrado 500g,Alimentos,1,"15,27",Cartão de Crédito,Matriz - Recife
4228,2025-04-08,Marcador de Texto,Papelaria,1,"87,80",pix,Matriz - Recife
2900,2024-11-21,Marcador de Texto,,2,"89,90",Cartão de Débito,Matriz - Recife
5209,28/06/2025,Barra de Cereal,Alimentos,1,"142,07",Pix,Matriz - Recife
542,24-03-2024,Cola Bastão,Papelaria,4,"43,00",pix,Matriz - Recife
577,28-03-2024,Mochila Escolar,Papelaria,4,"204,07",Dinheiro,Matriz - Recife
5970,17-09-2025,Power Bank 10000mAh,Eletrônicos,1,"193,43",pix,Matriz - Recife
7247,28-12-2025,Chinelo de Dedo,Vestuário,1,"122,79",Dinheiro,Matriz - Recife
5620,11/08/2025,Fone de Ouvido Bluetooth,Eletrônicos,5,"173,30",Pix,Matriz - Recife
7216,26-12-2025,Amendoim Torrado,Alimentos,3,"150,00",pix,Matriz - Recife
328,2024-02-25,Cabo HDMI,Eletrônicos,1,"63,71",Cartão de Débito,Matriz - Recife
6812,29/11/2025,caixa de som portátil,Eletrônicos,1,"72,46",Cartão de Crédito,Matriz - Recife
3391,28/12/2024,Porta Sabonete,Casa e Utilidades,4,"152,68",pix,Matriz - Recife
1943,11-08-2024,Meia Esportiva,Vestuário,1,"14,23",Pix,Matriz - Recife
420,2024-03-10,Café Torrado 500g,Alimentos,2,"14,58",PIX,Matriz - Recife
6482,2025-11-07,Jaqueta Corta-Vento,Vestuário,1,"59,13",pix,Matriz - Recife
1784,2024-07-24,Kit Panelas Antiaderente,Casa e Utilidades,2,"226,31",Dinheiro,Matriz - Recife
4153,31-03-2025,Cabo HDMI,Eletrônicos,4,"61,35",Pix,Matriz - Recife
5866,2025-09-05,Caneta Esferográfica,Papelaria,1,"9,37",Pix,Matriz - Recife
4091,2025-03-25,Organizador de Gaveta,CASA E UTILIDADES,1,"32,05",Cartão de Crédito,Matriz - Recife
831,26-04-2024,Cola Bastão,Papelaria,1,"45,38",Dinheiro,Matriz - Recife
3808,22-02-2025,Café Torrado 500g,ALIMENTOS,2,"13,82",PIX,Matriz - Recife
5714,2025-08-21,Vela Aromática,Casa e Utilidades,3,"30,71",Cartão de Crédito,Matriz - Recife
5251,03/07/2025,Jaqueta Corta-Vento,Vestuário,1,"58,13",Cartão de Crédito,Matriz - Recife
906,2024-05-04,Caderno Universitário,Papelaria,1,"215,36",Cartão de Crédito,Matriz - Recife
2994,29-11-2024,Marcador de Texto,Papelaria,4,"91,35",Cartão de Crédito,Matriz - Recife
256,13-02-2024,Bermuda Jeans,Vestuário,-1,"28,58",Dinheiro,Matriz - Recife
3764,16-02-2025,Fone de Ouvido Bluetooth,Eletrônicos,2,"166,57",PIX,Matriz - Recife
4332,19-04-2025,Suco de Caju 1L,ALIMENTOS,1,"171,59",Pix,Matriz - Recife
185,01/02/2024,Chinelo de Dedo,Vestuário,1,"140,72",Cartão de Débito,Matriz - Recife
6777,26-11-2025,Estojo Simples,Papelaria,5,"168,04",Pix,Matriz - Recife
2483,11-10-2024,Cabo HDMI,,2,"59,99",Cartão de Crédito,Matriz - Recife
4560,09/05/2025,Kit Panelas Antiaderente,Casa e Utilidades,1,"222,62",Pix,Matriz - Recife
1869,2024-08-03,Café Torrado 500g,Alimentos,5,"14,10",PIX,Matriz - Recife
6632,18/11/2025,escova de limpeza,Casa e Utilidades,1,"222,95",PIX,Matriz - Recife
4986,2025-06-10,Porta Sabonete,,2,"157,04",Pix,Matriz - Recife
6912,05/12/2025,Jaqueta Corta-Vento,Vestuário,1,"59,51",Cartão de Débito,Matriz - Recife
1268,05-06-2024,Mochila Escolar,Papelaria,2,"204,57",PIX,Matriz - Recife
5004,11-06-2025,Escova de Limpeza,Casa e Utilidades,-1,"197,48",pix,Matriz - Recife
1376,13-06-2024,Cola Bastão,,1,"43,02",Cartão de Débito,Matriz - Recife
4727,24/05/2025,caixa de som portátil,Eletrônicos,1,"71,20",,Matriz - Recife
5192,27-06-2025,Biscoito Recheado,ALIMENTOS,3,"59,50",Cartão de Crédito,Matriz - Recife
6054,28/09/2025,Meia Esportiva,Vestuário,2,"16,33",PIX,matriz-recife
887,02/05/2024,Kit Panelas Antiaderente,Casa e Utilidades,1,"237,93",Pix,Matriz - Recife
4023,18-03-2025,Meia Esportiva,Vestuário,2,"14,26",Dinheiro,Matriz - Recife
300,21/02/2024,Carregador USB-C,,2,"14,35",PIX,Matriz - Recife
648,2024-04-06,Carregador USB-C,Eletrônicos,5,"14,14",Dinheiro,Matriz - Recife
5742,2025-08-24,Biscoito Recheado,Alimentos,2,"55,31",Cartão de Crédito,Matriz - Recife
7268,29/12/2025,Carregador USB-C,Eletrônicos,4,"13,39",Dinheiro,Matriz - Recife
7080,2025-12-17,Vela Aromática,Casa e Utilidades,3,"28,92",pix,Matriz - Recife
3057,03-12-2024,Jogo de Toalhas,Casa e Utilidades,1,"87,01",PIX,Matriz - Recife
1503,2024-06-25,Fone de Ouvido Bluetooth,ELETRÔNICOS,3,"175,22",Pix,Matriz - Recife
2396,2024-10-03,Camiseta Básica,VESTUÁRIO,2,"222,92",PIX,Matriz - Recife
5030,14/06/2025,Jaqueta Corta-Vento,VESTUÁRIO,1,"57,17",Pix,Matriz - Recife
2193,2024-09-10,Chinelo de Dedo,Vestuário,3,"125,46",Cartão de Crédito,Matriz - Recife
2987,2024-11-28,Água de Coco 500ml,ALIMENTOS,1,"64,24",Dinheiro,Matriz - Recife
2635,28-10-2024,Suco de Caju 1L,Alimentos,4,"158,39",Cartão de Crédito,Matriz - Recife
4997,2025-06-11,jogo de toalhas,CASA E UTILIDADES,-2,"91,47",Dinheiro,Matriz - Recife
6346,2025-10-27,Porta Sabonete,Casa e Utilidades,5,"147,78",pix,Matriz - Recife
3293,22/12/2024,Jaqueta Corta-Vento,Vestuário,1,"61,01",Cartão de Crédito,Matriz - Recife
962,09-05-2024,Jaqueta Corta-Vento,Vestuário,1,"62,13",Dinheiro,Matriz - Recife
4566,10-05-2025,Bermuda Jeans,Vestuário,1,"30,55",Dinheiro,Matriz - Recife
4614,14-05-2025,Bermuda Jeans,Vestuário,2,"26,72",Dinheiro,Matriz - Recife
4137,29/03/2025,Caderno Universitário,Papelaria,2,"199,78",pix,Matriz - Recife
5538,03/08/2025,Power Bank 10000mAh,Eletrônicos,2,"185,18",Cartão de Débito,Matriz - Recife
1950,2024-08-11,Mouse Sem Fio,,2,"165,33",Dinheiro,Matriz - Recife
4784,28-05-2025,Power Bank 10000mAh,Eletrônicos,5,"195,16",Dinheiro,Matriz - Recife
7281,30/12/2025,Café Torrado 500g,ALIMENTOS,2,"13,47",Cartão de Débito,Matriz - Recife
5743,2025-08-24,Cola Bastão,Papelaria,-3,"43,82",Pix,Matriz - Recife
356,29/02/2024,Organizador de Gaveta,,1,"33,26",Pix,Matriz - Recife
2432,06/10/2024,mouse sem fio,ELETRÔNICOS,1,"159,39",Pix,Matriz - Recife
2317,2024-09-24,Porta Sabonete,Casa e Utilidades,1,"158,15",pix,Matriz - Recife
1305,08-06-2024,Escova de Limpeza,Casa e Utilidades,4,"214,66",Cartão de Crédito,Matriz - Recife
5258,04/07/2025,Caneta Esferográfica,Papelaria,5,"9,43",Cartão de Crédito,Matriz - Recife
3277,21/12/2024,Barra de Cereal,Alimentos,5,"149,22",Pix,Matriz - Recife
5436,23/07/2025,Água de Coco 500ml,Alimentos,1,"63,95",Cartão de Débito,Matriz - Recife
6436,04-11-2025,Caderno Universitário,Papelaria,3,"211,12",Cartão de Crédito,Matriz - Recife
5379,19/07/2025,Organizador de Gaveta,CASA E UTILIDADES,3,"31,64",Cartão de Crédito,Matriz - Recife
5444,2025-07-24,porta sabonete,Casa e Utilidades,2,"164,97",PIX,Matriz - Recife
6473,06-11-2025,Biscoito Recheado,Alimentos,3,"53,33",pix,Matriz - Recife
357,29-02-2024,Biscoito Recheado,Alimentos,1,"53,04",PIX,Matriz - Recife
5481,27-07-2025,Chinelo de Dedo,Vestuário,1,"122,39",pix,Matriz - Recife
7197,25/12/2025,água de coco 500ml,,2,"61,58",pix,Matriz - Recife
1041,16/05/2024,Estojo Simples,Papelaria,2,"167,62",Pix,Matriz - Recife
5632,13-08-2025,Vela Aromática,CASA E UTILIDADES,1,"32,70",Cartão de Débito,Matriz - Recife
354,2024-02-28,Barra de Cereal,ALIMENTOS,2,"138,86",PIX,Matriz - Recife
541,24-03-2024,Suco de Caju 1L,ALIMENTOS,1,"163,83",Pix,Matriz - Recife
2542,18-10-2024,Marcador de Texto,Papelaria,3,"86,34",Cartão de Crédito,Matriz - Recife
1245,04/06/2024,Marcador de Texto,Papelaria,3,"83,45",Cartão de Crédito,Matriz - Recife
169,29/01/2024,Amendoim Torrado,Alimentos,1,"154,64",PIX,Matriz - Recife
1756,20-07-2024,Cola Bastão,Papelaria,2,"42,70",Dinheiro,Matriz - Recife
6066,29-09-2025,Escova de Limpeza,Casa e Utilidades,2,"224,06",Pix,Matriz - Recife
2291,22-09-2024,Estojo Simples,Papelaria,2,"165,07",Pix,Matriz - Recife
1874,03-08-2024,Caderno Universitário,Papelaria,1,"218,13",Cartão de Débito,Matriz - Recife
5610,2025-08-10,Mouse Sem Fio,Eletrônicos,3,"180,98",Pix,Matriz - Recife
604,2024-03-31,caderno universitário,Papelaria,1,"203,82",Pix,Matriz - Recife
5611,10-08-2025,Cola Bastão,Papelaria,1,"43,24",Dinheiro,Matriz - Recife
2787,13-11-2024,Estojo Simples,Papelaria,1,"168,73",Cartão de Crédito,Matriz - Recife
7091,18-12-2025,Escova de Limpeza,Casa e Utilidades,2,"206,73",PIX,Matriz - Recife
4513,05-05-2025,Vela Aromática,Casa e Utilidades,5,"31,66",Cartão de Crédito,Matriz - Recife
3800,21-02-2025,Jogo de Toalhas,Casa e Utilidades,4,"90,90",Dinheiro,Matriz - Recife
5,01-01-2024,Caneta Esferográfica,Papelaria,1,"9,18",Cartão de Crédito,Matriz - Recife
6156,08-10-2025,caderno universitário,,1,"194,50",Cartão de Débito,Matriz - Recife
1446,21-06-2024,Porta Sabonete,Casa e Utilidades,3,"142,68",,Matriz - Recife
1310,2024-06-08,Vela Aromática,Casa e Utilidades,1,"31,01",,Matriz - Recife
6298,2025-10-23,Suco de Caju 1L,Alimentos,1,"163,07",Cartão de Débito,Matriz - Recife
3398,29-12-2024,Bermuda Jeans,Vestuário,2,"28,69",Cartão de Crédito,Matriz - Recife
3842,28/02/2025,Power Bank 10000mAh,Eletrônicos,3,"186,46",Dinheiro,Matriz - Recife
2682,03-11-2024,fone de ouvido bluetooth,Eletrônicos,1,"164,31",Pix,Matriz - Recife
4435,01/05/2025,café torrado 500g,Alimentos,1,"14,72",Cartão de Crédito,Matriz - Recife
2079,2024-08-28,Organizador de Gaveta,Casa e Utilidades,4,"30,40",Cartão de Débito,Matriz - Recife
3331,25/12/2024,Bermuda Jeans,Vestuário,1,"28,39",Pix,Matriz - Recife
3190,14/12/2024,Meia Esportiva,Vestuário,2,"16,28",Cartão de Crédito,Matriz - Recife
842,27/04/2024,Amendoim Torrado,Alimentos,2,"149,09",Dinheiro,Matriz - Recife
814,25/04/2024,Meia Esportiva,Vestuário,3,"15,69",pix,Matriz - Recife
3839,2025-02-28,Mouse Sem Fio,Eletrônicos,-3,"167,37",Cartão de Débito,Matriz - Recife
6712,22-11-2025,Água de Coco 500ml,ALIMENTOS,2,"61,11",Dinheiro,Matriz - Recife
6584,2025-11-13,Carregador USB-C,Eletrônicos,2,"14,61",Pix,Matriz - Recife
2150,05/09/2024,Vela Aromática,Casa e Utilidades,4,"30,09",Dinheiro,Matriz - Recife
4604,13-05-2025,Power Bank 10000mAh,,1,"175,60",pix,Matriz - Recife
4859,01-06-2025,Caneta Esferográfica,Papelaria,1,"10,20",Cartão de Débito,Matriz - Recife
5900,2025-09-09,Estojo Simples,Papelaria,3,"170,07",pix,Matriz - Recife
4887,03-06-2025,Caderno Universitário,Papelaria,1,"209,95",Cartão de Crédito,Matriz - Recife
62,2024-01-10,Boné Aba Reta,Vestuário,3,"102,56",Pix,Matriz - Recife
2550,18-10-2024,Meia Esportiva,Vestuário,2,"15,49",Cartão de Crédito,Matriz - Recife
362,2024-03-01,Carregador USB-C,Eletrônicos,2,"14,31",PIX,Matriz - Recife
1690,2024-07-12,Bermuda Jeans,VESTUÁRIO,4,"30,05",Cartão de Crédito,Matriz - Recife
6214,2025-10-14,bermuda jeans,Vestuário,2,"30,43",pix,Matriz - Recife
86,15/01/2024,Mouse Sem Fio,Eletrônicos,3,"183,01",Pix,Matriz - Recife
2997,29/11/2024,Meia Esportiva,Vestuário,1,"15,12",PIX,Matriz - Recife
4901,04/06/2025,Vela Aromática,,1,"28,94",Pix,Matriz - Recife
1119,23/05/2024,Cola Bastão,Papelaria,1,"42,63",PIX,Matriz - Recife
7302,2025-12-31,Bermuda Jeans,Vestuário,3,"28,43",Cartão de Crédito,Matriz - Recife
768,20/04/2024,Café Torrado 500g,Alimentos,4,"14,74",Cartão de Débito,Matriz - Recife
5353,2025-07-16,Escova de Limpeza,Casa e Utilidades,2,"199,99",PIX,Matriz - Recife
6057,28/09/2025,Barra de Cereal,,1,"130,97",PIX,Matriz - Recife
4405,28-04-2025,Escova de Limpeza,CASA E UTILIDADES,3,"201,15",pix,Matriz - Recife
384,2024-03-06,Jaqueta Corta-Vento,Vestuário,1,"59,75",,Matriz - Recife
1769,21/07/2024,Escova de Limpeza,Casa e Utilidades,4,"199,14",pix,Matriz - Recife
2165,07/09/2024,Carregador USB-C,Eletrônicos,1,"15,16",pix,Matriz - Recife
2324,2024-09-25,cola bastão,Papelaria,5,"49,03",PIX,Matriz - Recife
528,22-03-2024,boné aba reta,Vestuário,1,"106,01",pix,Matriz - Recife
2880,19/11/2024,Power Bank 10000mAh,ELETRÔNICOS,1,"192,81",Cartão de Crédito,Matriz - Recife
3603,27-01-2025,Café Torrado 500g,Alimentos,1,"13,98",Dinheiro,Matriz - Recife
5170,26-06-2025,Café Torrado 500g,Alimentos,5,"14,35",Dinheiro,Matriz - Recife
3678,05-02-2025,camiseta básica,Vestuário,4,"239,85",Cartão de Crédito,Matriz - Recife
2264,19-09-2024,água de coco 500ml,Alimentos,1,"63,80",Pix,Matriz - Recife
4742,25/05/2025,Suco de Caju 1L,Alimentos,2,"173,13",Dinheiro,Matriz - Recife
5857,04/09/2025,Meia Esportiva,,3,"16,15",pix,Matriz - Recife
2984,28-11-2024,Bermuda Jeans,Vestuário,1,"29,30",PIX,Matriz - Recife
3991,15/03/2025,meia esportiva,Vestuário,1,"16,01",Cartão de Débito,Matriz - Recife
4106,27-03-2025,power bank 10000mah,Eletrônicos,2,"181,97",Pix,Matriz - Recife
3575,24-01-2025,Kit Panelas Antiaderente,Casa e Utilidades,1,"220,89",Cartão de Débito,Matriz - Recife
5627,12/08/2025,Fone de Ouvido Bluetooth,ELETRÔNICOS,2,"158,84",Pix,Matriz - Recife
4830,30/05/2025,Barra de Cereal,Alimentos,3,"133,75",Dinheiro,Matriz - Recife
5214,29/06/2025,vela aromática,Casa e Utilidades,4,"28,16",PIX,Matriz - Recife
4612,2025-05-14,água de coco 500ml,Alimentos,1,"62,01",Cartão de Débito,Matriz - Recife
6982,11/12/2025,Cola Bastão,Papelaria,2,"48,74",Dinheiro,Matriz - Recife
5539,03/08/2025,Caderno Universitário,Papelaria,1,"209,52",Dinheiro,Matriz - Recife
6291,22/10/2025,Marcador de Texto,Papelaria,1,"93,26",pix,Matriz - Recife
4494,2025-05-04,Power Bank 10000mAh,Eletrônicos,2,"171,59",Cartão de Crédito,Matriz - Recife
2380,01/10/2024,Estojo Simples,PAPELARIA,4,"176,06",Pix,Matriz - Recife
5180,2025-06-26,Power Bank 10000mAh,Eletrônicos,1,"199,28",Cartão de Débito,Matriz - Recife
4865,2025-06-01,Estojo Simples,Papelaria,2,"187,09",pix,Matriz - Recife
234,2024-02-10,Marcador de Texto,Papelaria,2,"95,54",Cartão de Crédito,Matriz - Recife
6528,09-11-2025,Barra de Cereal,Alimentos,4,"149,36",Dinheiro,Matriz - Recife
5585,07-08-2025,Biscoito Recheado,Alimentos,1,"58,78",Dinheiro,Matriz - Recife
3556,21/01/2025,mochila escolar,Papelaria,1,"187,67",PIX,Matriz - Recife
3254,2024-12-19,Jogo de Toalhas,Casa e Utilidades,1,"94,05",PIX,Matriz - Recife
2711,05/11/2024,Barra de Cereal,Alimentos,1,"130,78",pix,Matriz - Recife
1785,2024-07-24,Camiseta Básica,Vestuário,2,"223,94",Cartão de Crédito,Matriz - Recife
1506,25-06-2024,Biscoito Recheado,Alimentos,1,"57,88",PIX,Matriz - Recife
2053,24/08/2024,Suco de Caju 1L,Alimentos,3,"162,94",Cartão de Crédito,Matriz - Recife
1908,2024-08-07,porta sabonete,CASA E UTILIDADES,3,"153,72",PIX,Matriz - Recife
1970,2024-08-15,escova de limpeza,CASA E UTILIDADES,1,"214,83",Cartão de Débito,Matriz - Recife
6944,08-12-2025,Estojo Simples,PAPELARIA,1,"171,18",pix,Matriz - Recife
5559,04/08/2025,Boné Aba Reta,Vestuário,2,"108,06",Cartão de Débito,Matriz - Recife
790,2024-04-22,Escova de Limpeza,Casa e Utilidades,1,"220,77",PIX,Matriz - Recife
6004,21/09/2025,camiseta básica,,1,"220,76",Cartão de Crédito,Matriz - Recife
1610,2024-07-03,Cabo HDMI,ELETRÔNICOS,5,"66,07",pix,Matriz - Recife
3853,02-03-2025,Porta Sabonete,Casa e Utilidades,1,"157,07",PIX,Matriz - Recife
1749,19/07/2024,Suco de Caju 1L,Alimentos,1,"170,74",Pix,Matriz - Recife
4241,09-04-2025,Escova de Limpeza,Casa e Utilidades,1,"220,02",Pix,Matriz - Recife
128,23/01/2024,Caderno Universitário,Papelaria,2,"219,57",PIX,Matriz - Recife
6466,2025-11-06,Café Torrado 500g,Alimentos,2,"14,26",Cartão de Débito,Matriz - Recife
159,28/01/2024,Boné Aba Reta,Vestuário,2,"105,26",Pix,Matriz - Recife
5576,06-08-2025,Biscoito Recheado,Alimentos,2,"58,81",Cartão de Crédito,Matriz - Recife
1671,10/07/2024,Barra de Cereal,Alimentos,-1,"132,83",Cartão de Débito,Matriz - Recife
3973,2025-03-12,Marcador de Texto,PAPELARIA,-2,"96,74",Dinheiro,Matriz - Recife
4165,01/04/2025,Kit Panelas Antiaderente,Casa e Utilidades,1,"227,23",PIX,Matriz - Recife
4888,2025-06-03,jaqueta corta-vento,Vestuário,2,"63,11",Cartão de Crédito,Matriz - Recife
1896,05-08-2024,Vela Aromática,Casa e Utilidades,1,"29,01",Dinheiro,Matriz - Recife
3491,2025-01-09,mouse sem fio,Eletrônicos,2,"163,71",Pix,Matriz - Recife
476,2024-03-16,Cola Bastão,Papelaria,2,"42,64",,Matriz - Recife
5471,26/07/2025,Carregador USB-C,Eletrônicos,4,"13,26",Dinheiro,Matriz - Recife
2387,02/10/2024,Chinelo de Dedo,,4,"135,07",Pix,Matriz - Recife
2095,31/08/2024,Fone de Ouvido Bluetooth,Eletrônicos,4,"152,39",pix,Matriz - Recife
497,18/03/2024,Jogo de Toalhas,Casa e Utilidades,4,"92,26",Cartão de Crédito,Matriz - Recife
4159,31/03/2025,Fone de Ouvido Bluetooth,Eletrônicos,2,"165,11",Cartão de Débito,Matriz - Recife
3526,16-01-2025,Mouse Sem Fio,Eletrônicos,2,"174,19",Cartão de Crédito,Matriz - Recife
1288,07-06-2024,Marcador de Texto,Papelaria,2,"96,46",Cartão de Débito,Matriz - Recife
6786,27/11/2025,Água de Coco 500ml,Alimentos,4,"61,39",Cartão de Crédito,Matriz - Recife
1576,30/06/2024,Escova de Limpeza,Casa e Utilidades,1,"197,76",Cartão de Débito,Matriz - Recife
3288,2024-12-21,Power Bank 10000mAh,Eletrônicos,1,"192,63",Dinheiro,Matriz - Recife
6744,2025-11-24,Estojo Simples,Papelaria,5,"167,57",Cartão de Débito,Matriz - Recife
6115,04-10-2025,Porta Sabonete,Casa e Utilidades,4,"149,17",PIX,Matriz - Recife
5109,2025-06-21,Cabo HDMI,Eletrônicos,3,"57,99",PIX,Matriz - Recife
5669,15/08/2025,Amendoim Torrado,,3,"162,44",Dinheiro,Matriz - Recife
7150,2025-12-23,Carregador USB-C,Eletrônicos,1,"14,66",Dinheiro,Matriz - Recife
712,13/04/2024,Carregador USB-C,Eletrônicos,1,"14,65",pix,Matriz - Recife
6548,10/11/2025,Amendoim Torrado,Alimentos,1,"154,43",Cartão de Débito,Matriz - Recife
6387,01-11-2025,Camiseta Básica,Vestuário,3,"213,90",Cartão de Débito,Matriz - Recife
4245,10-04-2025,Fone de Ouvido Bluetooth,ELETRÔNICOS,1,"161,48",Cartão de Débito,Matriz - Recife
2561,2024-10-20,Caderno Universitário,Papelaria,4,"192,42",Cartão de Crédito,Matriz - Recife
7267,29/12/2025,Caixa de Som Portátil,Eletrônicos,2,"68,76",Cartão de Crédito,Matriz - Recife
3567,2025-01-23,Café Torrado 500g,Alimentos,1,"14,96",Cartão de Crédito,Matriz - Recife
1788,24-07-2024,caderno universitário,Papelaria,4,"189,55",Dinheiro,Matriz - Recife
6367,30/10/2025,Organizador de Gaveta,Casa e Utilidades,2,"31,83",Cartão de Crédito,Matriz - Recife
2017,20/08/2024,Suco de Caju 1L,Alimentos,1,"153,18",pix,Matriz - Recife
2660,2024-11-01,Kit Panelas Antiaderente,Casa e Utilidades,4,"257,09",Cartão de Débito,Matriz - Recife
3048,02-12-2024,Jogo de Toalhas,Casa e Utilidades,1,"94,98",Pix,Matriz - Recife
2725,07-11-2024,Bermuda Jeans,Vestuário,1,"30,72",PIX,Matriz - Recife
7246,28/12/2025,Escova de Limpeza,Casa e Utilidades,1,"199,07",Pix,Matriz - Recife
3489,08/01/2025,Amendoim Torrado,Alimentos,1,"159,48",Cartão de Crédito,Matriz - Recife
6442,04-11-2025,Biscoito Recheado,Alimentos,1,"54,45",Cartão de Crédito,Matriz - Recife
441,2024-03-12,Chinelo de Dedo,VESTUÁRIO,2,"124,10",Pix,Matriz - Recife
6630,17/11/2025,Caneta Esferográfica,,1,"8,95",pix,Matriz - Recife
2779,12-11-2024,Jogo de Toalhas,Casa e Utilidades,1,"96,15",pix,Matriz - Recife
1125,23/05/2024,Jaqueta Corta-Vento,Vestuário,2,"64,81",Pix,Matriz - Recife
660,08-04-2024,Mouse Sem Fio,Eletrônicos,2,"172,82",pix,Matriz - Recife
6121,05-10-2025,Mouse Sem Fio,Eletrônicos,2,"168,98",Cartão de Crédito,Matriz - Recife
5547,03/08/2025,Suco de Caju 1L,Alimentos,1,"166,80",Dinheiro,Matriz - Recife
3058,03/12/2024,Suco de Caju 1L,ALIMENTOS,1,"162,57",Cartão de Crédito,Matriz - Recife
5886,07/09/2025,Meia Esportiva,,2,"14,98",Dinheiro,Matriz - Recife
160,28/01/2024,Suco de Caju 1L,Alimentos,1,"169,94",Cartão de Débito,Matriz - Recife
6012,22/09/2025,Marcador de Texto,Papelaria,-5,"87,64",pix,Matriz - Recife
6666,20/11/2025,Barra de Cereal,,4,"130,99",Cartão de Crédito,Matriz - Recife
6920,05/12/2025,Porta Sabonete,Casa e Utilidades,1,"160,53",Cartão de Crédito,Matriz - Recife
4431,01/05/2025,Vela Aromática,Casa e Utilidades,3,"30,58",Cartão de Crédito,Matriz - Recife
823,26/04/2024,Jogo de Toalhas,Casa e Utilidades,1,"93,70",Pix,Matriz - Recife
5935,2025-09-13,Biscoito Recheado,ALIMENTOS,2,"60,31",Pix,Matriz - Recife
2954,26/11/2024,Caixa de Som Portátil,Eletrônicos,1,"72,31",Dinheiro,Matriz - Recife
6161,09/10/2025,Power Bank 10000mAh,Eletrônicos,3,"188,47",PIX,Matriz - Recife
4654,2025-05-17,Boné Aba Reta,VESTUÁRIO,3,"110,62",PIX,Matriz - Recife
627,03/04/2024,Escova de Limpeza,Casa e Utilidades,2,"220,13",pix,Matriz - Recife
6102,2025-10-03,Caneta Esferográfica,Papelaria,2,"9,83",PIX,Matriz - Recife
5737,23/08/2025,Água de Coco 500ml,Alimentos,1,"64,20",Cartão de Débito,Matriz - Recife
4555,09/05/2025,carregador usb-c,ELETRÔNICOS,1,"14,67",PIX,Matriz - Recife
4837,2025-05-30,jogo de toalhas,Casa e Utilidades,1,"91,98",pix,Matriz - Recife
3457,2025-01-03,Cola Bastão,Papelaria,3,"47,59",pix,Matriz - Recife
1471,2024-06-23,Jogo de Toalhas,Casa e Utilidades,1,"88,18",Cartão de Crédito,Matriz - Recife
2597,24-10-2024,Fone de Ouvido Bluetooth,Eletrônicos,2,"151,20",Cartão de Crédito,Matriz - Recife
510,20-03-2024,água de coco 500ml,ALIMENTOS,-1,"58,83",Cartão de Débito,Matriz - Recife
7238,27-12-2025,Cola Bastão,Papelaria,3,"43,43",PIX,Matriz - Recife
5385,2025-07-19,meia esportiva,Vestuário,2,"14,27",PIX,Matriz - Recife
2267,2024-09-19,Jaqueta Corta-Vento,Vestuário,3,"58,67",Cartão de Débito,Matriz - Recife
1080,20-05-2024,biscoito recheado,Alimentos,1,"56,48",pix,Matriz - Recife
3637,2025-01-31,Cabo HDMI,ELETRÔNICOS,4,"59,78",pix,Matriz - Recife
6915,05/12/2025,Marcador de Texto,Papelaria,1,"89,37",Cartão de Crédito,Matriz - Recife
1134,24/05/2024,Jaqueta Corta-Vento,Vestuário,2,"64,63",PIX,Matriz - Recife
1142,2024-05-25,Bermuda Jeans,Vestuário,2,"28,19",Cartão de Débito,Matriz - Recife
6565,12/11/2025,Barra de Cereal,Alimentos,1,"130,10",Cartão de Crédito,Matriz - Recife
2840,2024-11-17,Cabo HDMI,Eletrônicos,1,"64,82",Dinheiro,Matriz - Recife
1964,13/08/2024,Power Bank 10000mAh,Eletrônicos,1,"172,09",PIX,Matriz - Recife
4478,03-05-2025,Bermuda Jeans,Vestuário,2,"31,05",Cartão de Crédito,Matriz - Recife
1545,28/06/2024,Escova de Limpeza,Casa e Utilidades,3,"215,20",pix,Matriz - Recife
765,20-04-2024,Caderno Universitário,Papelaria,3,"191,60",pix,Matriz - Recife
5312,12/07/2025,Água de Coco 500ml,ALIMENTOS,1,"62,26",Cartão de Débito,Matriz - Recife
4169,01/04/2025,Mouse Sem Fio,ELETRÔNICOS,2,"175,11",Dinheiro,Matriz - Recife
1800,2024-07-26,caneta esferográfica,Papelaria,2,"8,93",Cartão de Débito,Matriz - Recife
3092,06/12/2024,bermuda jeans,Vestuário,-1,"29,48",pix,Matriz - Recife
3656,02/02/2025,Barra de Cereal,Alimentos,4,"142,48",Cartão de Débito,Matriz - Recife
6606,15-11-2025,Jaqueta Corta-Vento,VESTUÁRIO,3,"63,05",Cartão de Débito,Matriz - Recife
7026,2025-12-14,Cola Bastão,Papelaria,4,"45,31",Cartão de Débito,Matriz - Recife
4886,2025-06-03,Meia Esportiva,VESTUÁRIO,5,"15,42",Pix,Matriz - Recife
4821,2025-05-29,Água de Coco 500ml,Alimentos,3,"64,04",Cartão de Crédito,Matriz - Recife
4829,30/05/2025,Meia Esportiva,Vestuário,3,"14,92",Dinheiro,Matriz - Recife
2609,2024-10-26,caneta esferográfica,Papelaria,3,"9,88",PIX,Matriz - Recife
6172,2025-10-10,Vela Aromática,Casa e Utilidades,1,"29,08",Dinheiro,Matriz - Recife
3181,2024-12-13,Caixa de Som Portátil,Eletrônicos,3,"73,23",Cartão de Crédito,matriz-recife
436,11-03-2024,Bermuda Jeans,Vestuário,1,"29,99",PIX,Matriz - Recife
3734,12/02/2025,Jogo de Toalhas,Casa e Utilidades,1,"95,24",Pix,Matriz - Recife
5619,11/08/2025,Fone de Ouvido Bluetooth,ELETRÔNICOS,5,"151,37",PIX,Matriz - Recife
3193,14-12-2024,Barra de Cereal,Alimentos,2,"130,89",Dinheiro,Matriz - Recife
386,07-03-2024,Cola Bastão,Papelaria,1,"44,61",Cartão de Crédito,Matriz - Recife
4007,2025-03-16,Mochila Escolar,Papelaria,1,"215,87",Pix,Matriz - Recife
325,25-02-2024,Porta Sabonete,Casa e Utilidades,4,"154,40",Cartão de Débito,Matriz - Recife
1578,2024-06-30,Bermuda Jeans,VESTUÁRIO,3,"28,93",PIX,Matriz - Recife
6223,15/10/2025,Jaqueta Corta-Vento,Vestuário,1,"63,05",Dinheiro,Matriz - Recife
795,23/04/2024,Boné Aba Reta,Vestuário,1,"103,91",Cartão de Débito,Matriz - Recife
2134,03-09-2024,chinelo de dedo,Vestuário,1,"131,70",PIX,Matriz - Recife
6765,25-11-2025,power bank 10000mah,Eletrônicos,1,"177,07",Cartão de Crédito,Matriz - Recife
1570,30-06-2024,Barra de Cereal,Alimentos,1,"148,31",Cartão de Débito,Matriz - Recife
5683,2025-08-17,Amendoim Torrado,ALIMENTOS,4,"158,31",Dinheiro,Matriz - Recife
5088,20-06-2025,Carregador USB-C,Eletrônicos,1,"13,26",PIX,Matriz - Recife
3399,29/12/2024,chinelo de dedo,VESTUÁRIO,4,"136,36",PIX,Matriz - Recife
6733,23/11/2025,Caixa de Som Portátil,Eletrônicos,1,"68,80",Pix,Matriz - Recife
6620,16/11/2025,Cabo HDMI,Eletrônicos,1,"62,07",pix,Matriz - Recife
6504,08/11/2025,Cabo HDMI,ELETRÔNICOS,2,"65,35",pix,Matriz - Recife
7061,16/12/2025,Porta Sabonete,Casa e Utilidades,4,"145,51",Pix,Matriz - Recife
1198,2024-05-31,Vela Aromática,,3,"31,25",Dinheiro,Matriz - Recife
2932,24/11/2024,Escova de Limpeza,Casa e Utilidades,2,"220,12",PIX,Matriz - Recife
4296,2025-04-14,jogo de toalhas,CASA E UTILIDADES,2,"88,23",PIX,Matriz - Recife
2808,15/11/2024,Amendoim Torrado,Alimentos,5,"157,56",Cartão de Débito,Matriz - Recife
5131,23-06-2025,Mochila Escolar,Papelaria,4,"206,77",Cartão de Crédito,Matriz - Recife
6194,2025-10-13,Escova de Limpeza,CASA E UTILIDADES,1,"197,26",Cartão de Crédito,Matriz - Recife
5498,29/07/2025,Chinelo de Dedo,Vestuário,1,"127,63",Cartão de Débito,Matriz - Recife
4711,2025-05-23,Amendoim Torrado,ALIMENTOS,1,"152,16",pix,Matriz - Recife
6293,22/10/2025,Caneta Esferográfica,PAPELARIA,2,"9,59",,Matriz - Recife
6737,23/11/2025,Fone de Ouvido Bluetooth,ELETRÔNICOS,5,"161,28",Dinheiro,Matriz - Recife
2381,01/10/2024,Meia Esportiva,VESTUÁRIO,1,"15,80",PIX,Matriz - Recife
5621,2025-08-11,Kit Panelas Antiaderente,Casa e Utilidades,2,"229,92",Pix,Matriz - Recife
3342,26/12/2024,Caneta Esferográfica,Papelaria,1,"9,30",Dinheiro,Matriz - Recife
1320,2024-06-09,Marcador de Texto,PAPELARIA,1,"90,07",Cartão de Crédito,Matriz - Recife
5543,03-08-2025,Mouse Sem Fio,Eletrônicos,1,"169,86",Cartão de Crédito,Matriz - Recife
4051,21/03/2025,Jaqueta Corta-Vento,,1,"59,94",Cartão de Crédito,Matriz - Recife
763,20/04/2024,Meia Esportiva,Vestuário,3,"14,76",pix,Matriz - Recife
4108,27/03/2025,Estojo Simples,Papelaria,1,"164,27",Dinheiro,Matriz - Recife
487,17/03/2024,Porta Sabonete,CASA E UTILIDADES,1,"161,13",Cartão de Crédito,Matriz - Recife
313,23/02/2024,meia esportiva,Vestuário,4,"14,27",,Matriz - Recife
5020,2025-06-13,Caneta Esferográfica,Papelaria,1,"9,37",Cartão de Crédito,Matriz - Recife
3189,2024-12-14,Mouse Sem Fio,,4,"171,83",PIX,Matriz - Recife
773,21-04-2024,Caneta Esferográfica,Papelaria,2,"10,15",Cartão de Crédito,Matriz - Recife
5745,24/08/2025,Caderno Universitário,Papelaria,1,"189,25",Dinheiro,Matriz - Recife
1055,18/05/2024,Barra de Cereal,ALIMENTOS,1,"141,30",PIX,Matriz - Recife
1753,2024-07-19,Porta Sabonete,Casa e Utilidades,4,"165,67",Dinheiro,Matriz - Recife
2400,03/10/2024,Organizador de Gaveta,Casa e Utilidades,1,"33,33",pix,Matriz - Recife
963,09-05-2024,Suco de Caju 1L,ALIMENTOS,3,"166,67",pix,Matriz - Recife
7139,22-12-2025,Café Torrado 500g,Alimentos,1,"15,11",Dinheiro,Matriz - Recife
1934,09/08/2024,Jaqueta Corta-Vento,,2,"56,80",pix,Matriz - Recife
999,12-05-2024,Caneta Esferográfica,,2,"9,30",PIX,Matriz - Recife
4804,29/05/2025,Meia Esportiva,Vestuário,1,"14,99",PIX,Matriz - Recife
6137,06/10/2025,Caderno Universitário,Papelaria,1,"209,77",Dinheiro,Matriz - Recife
1946,2024-08-11,Chinelo de Dedo,Vestuário,4,"121,54",PIX,Matriz - Recife
3262,20/12/2024,mouse sem fio,Eletrônicos,1,"161,45",Pix,Matriz - Recife
3929,2025-03-08,Amendoim Torrado,Alimentos,2,"161,80",Pix,Matriz - Recife
1558,29/06/2024,Vela Aromática,CASA E UTILIDADES,1,"29,38",pix,Matriz - Recife
91,2024-01-16,Kit Panelas Antiaderente,Casa e Utilidades,-1,"258,21",Cartão de Débito,Matriz - Recife
5818,2025-08-31,água de coco 500ml,Alimentos,2,"63,29",PIX,Matriz - Recife
5775,27/08/2025,Jaqueta Corta-Vento,Vestuário,2,"59,18",Pix,Matriz - Recife
5055,17/06/2025,Cabo HDMI,Eletrônicos,1,"57,44",PIX,Matriz - Recife
1851,2024-08-01,Bermuda Jeans,Vestuário,4,"28,09",,Matriz - Recife
5835,02/09/2025,Mochila Escolar,PAPELARIA,5,"214,92",Cartão de Débito,Matriz - Recife
692,11/04/2024,Jaqueta Corta-Vento,Vestuário,2,"61,42",Cartão de Débito,Matriz - Recife
4755,2025-05-26,Suco de Caju 1L,Alimentos,5,"164,39",Cartão de Débito,Matriz - Recife
596,30-03-2024,organizador de gaveta,Casa e Utilidades,4,"30,75",PIX,Matriz - Recife
1328,2024-06-10,Bermuda Jeans,Vestuário,1,"28,09",PIX,Matriz - Recife
5475,27/07/2025,Suco de Caju 1L,ALIMENTOS,2,"164,90",Pix,Matriz - Recife
7053,15/12/2025,boné aba reta,Vestuário,5,"112,75",Cartão de Débito,Matriz - Recife
6724,23-11-2025,Power Bank 10000mAh,Eletrônicos,-5,"184,96",pix,Matriz - Recife
20,04-01-2024,Kit Panelas Antiaderente,Casa e Utilidades,1,"242,86",Cartão de Crédito,Matriz - Recife
5591,07/08/2025,Mouse Sem Fio,ELETRÔNICOS,1,"173,63",Cartão de Débito,Matriz - Recife
7143,22/12/2025,Meia Esportiva,Vestuário,1,"15,93",Cartão de Débito,Matriz - Recife
5843,03-09-2025,Barra de Cereal,,2,"137,06",pix,Matriz - Recife
5650,2025-08-14,Kit Panelas Antiaderente,Casa e Utilidades,2,"240,04",PIX,Matriz - Recife
3127,09/12/2024,Escova de Limpeza,Casa e Utilidades,5,"201,96",pix,Matriz - Recife
5673,2025-08-16,Carregador USB-C,Eletrônicos,3,"13,83",pix,Matriz - Recife
6222,15-10-2025,Jogo de Toalhas,CASA E UTILIDADES,1,"94,54",Pix,Matriz - Recife
4088,25-03-2025,Biscoito Recheado,Alimentos,-2,"52,25",Dinheiro,Matriz - Recife
319,23-02-2024,Carregador USB-C,Eletrônicos,3,"13,67",Dinheiro,Matriz - Recife
838,27-04-2024,Caneta Esferográfica,,2,"9,29",Cartão de Débito,Matriz - Recife
5235,01-07-2025,Boné Aba Reta,Vestuário,1,"114,28",Pix,Matriz - Recife
7100,2025-12-18,Boné Aba Reta,Vestuário,1,"106,91",Cartão de Crédito,Matriz - Recife
5981,17/09/2025,Jaqueta Corta-Vento,Vestuário,1,"63,51",pix,Matriz - Recife
51,09/01/2024,Meia Esportiva,VESTUÁRIO,2,"15,62",Cartão de Crédito,Matriz - Recife
1258,04/06/2024,Suco de Caju 1L,Alimentos,1,"175,96",Dinheiro,Matriz - Recife
3938,09/03/2025,Café Torrado 500g,Alimentos,2,"13,35",Cartão de Débito,Matriz - Recife
4841,31-05-2025,Marcador de Texto,Papelaria,1,"91,65",Pix,Matriz - Recife
2352,28-09-2024,Chinelo de Dedo,Vestuário,1,"139,01",PIX,Matriz - Recife
1174,28-05-2024,Meia Esportiva,Vestuário,1,"15,05",Dinheiro,Matriz - Recife
809,25/04/2024,Boné Aba Reta,Vestuário,1,"109,17",Cartão de Débito,Matriz - Recife
4815,2025-05-29,Power Bank 10000mAh,Eletrônicos,1,"197,96",PIX,Matriz - Recife
4845,31-05-2025,Suco de Caju 1L,ALIMENTOS,4,"158,09",Cartão de Crédito,Matriz - Recife
3332,25/12/2024,mouse sem fio,Eletrônicos,3,"172,46",Pix,Matriz - Recife
3785,2025-02-19,Suco de Caju 1L,Alimentos,2,"167,00",Cartão de Débito,Matriz - Recife
3187,2024-12-14,Caderno Universitário,PAPELARIA,1,"204,36",,Matriz - Recife
81,14-01-2024,Biscoito Recheado,Alimentos,2,"54,79",PIX,Matriz - Recife
2595,24/10/2024,Kit Panelas Antiaderente,Casa e Utilidades,1,"251,90",Pix,Matriz - Recife
1711,2024-07-15,Chinelo de Dedo,Vestuário,2,"126,02",Cartão de Crédito,Matriz - Recife
6399,02/11/2025,mouse sem fio,Eletrônicos,1,"180,79",Dinheiro,Matriz - Recife
3535,18/01/2025,Estojo Simples,Papelaria,1,"174,39",Pix,Matriz - Recife
637,04-04-2024,Mouse Sem Fio,Eletrônicos,1,"168,27",Pix,Matriz - Recife
3152,2024-12-11,Biscoito Recheado,Alimentos,3,"56,51",Pix,Matriz - Recife
3054,03-12-2024,mochila escolar,Papelaria,1,"214,55",Cartão de Débito,Matriz - Recife
4217,2025-04-07,jaqueta corta-vento,Vestuário,3,"64,02",Pix,Matriz - Recife
1428,20/06/2024,Bermuda Jeans,Vestuário,4,"28,95",Cartão de Débito,Matriz - Recife
617,2024-04-01,Camiseta Básica,Vestuário,3,"230,93",Pix,Matriz - Recife
1296,07-06-2024,Fone de Ouvido Bluetooth,Eletrônicos,1,"158,63",PIX,Matriz - Recife
1534,2024-06-27,Power Bank 10000mAh,Eletrônicos,1,"175,48",Dinheiro,Matriz - Recife
1997,18/08/2024,Jaqueta Corta-Vento,Vestuário,-1,"56,22",Pix,Matriz - Recife
7198,25/12/2025,Café Torrado 500g,Alimentos,2,"13,39",Cartão de Débito,Matriz - Recife
34,2024-01-06,Escova de Limpeza,Casa e Utilidades,1,"214,72",Cartão de Crédito,Matriz - Recife
1340,2024-06-10,Mochila Escolar,Papelaria,2,"216,34",Dinheiro,Matriz - Recife
2719,06/11/2024,Marcador de Texto,PAPELARIA,1,"88,36",pix,Matriz - Recife
3814,24/02/2025,Caneta Esferográfica,PAPELARIA,1,"10,31",PIX,Matriz - Recife
3158,11/12/2024,Estojo Simples,Papelaria,3,"183,27",Pix,Matriz - Recife
1160,27-05-2024,café torrado 500g,Alimentos,-1,"15,56",pix,Matriz - Recife
2607,2024-10-25,Chinelo de Dedo,Vestuário,2,"133,71",pix,Matriz - Recife
751,19-04-2024,Caixa de Som Portátil,Eletrônicos,3,"75,46",PIX,Matriz - Recife
771,2024-04-21,Cabo HDMI,Eletrônicos,2,"66,31",PIX,Matriz - Recife
908,2024-05-05,Mochila Escolar,Papelaria,2,"214,08",pix,Matriz - Recife
1634,05/07/2024,Suco de Caju 1L,Alimentos,1,"162,80",Pix,Matriz - Recife
6493,07-11-2025,Vela Aromática,Casa e Utilidades,2,"31,16",Dinheiro,Matriz - Recife
3371,27/12/2024,Meia Esportiva,Vestuário,3,"14,71",Cartão de Crédito,Matriz - Recife
5872,06/09/2025,Escova de Limpeza,Casa e Utilidades,3,"198,17",pix,Matriz - Recife
1128,23-05-2024,Porta Sabonete,Casa e Utilidades,2,"151,49",Cartão de Crédito,Matriz - Recife
6783,2025-11-27,Marcador de Texto,Papelaria,1,"94,76",Pix,Matriz - Recife
3710,09-02-2025,Fone de Ouvido Bluetooth,ELETRÔNICOS,1,"166,67",Pix,Matriz - Recife
2912,2024-11-22,Jogo de Toalhas,Casa e Utilidades,1,"96,01",pix,Matriz - Recife
6758,25-11-2025,Escova de Limpeza,Casa e Utilidades,1,"217,10",Cartão de Débito,Matriz - Recife
5847,03-09-2025,café torrado 500g,Alimentos,1,"13,39",pix,Matriz - Recife
4089,2025-03-25,Meia Esportiva,Vestuário,1,"16,24",Cartão de Crédito,Matriz - Recife
2385,02-10-2024,Boné Aba Reta,Vestuário,3,"118,88",PIX,Matriz - Recife
369,2024-03-02,Meia Esportiva,Vestuário,5,"14,01",Cartão de Crédito,Matriz - Recife
722,16/04/2024,Barra de Cereal,ALIMENTOS,-1,"141,27",Cartão de Débito,Matriz - Recife
955,2024-05-09,Bermuda Jeans,Vestuário,2,"30,77",PIX,Matriz - Recife
4548,08/05/2025,Kit Panelas Antiaderente,Casa e Utilidades,3,"247,06",Pix,Matriz - Recife
2540,2024-10-18,Biscoito Recheado,Alimentos,1,"60,53",PIX,Matriz - Recife
628,03-04-2024,Power Bank 10000mAh,ELETRÔNICOS,1,"174,47",PIX,Matriz - Recife
1187,29-05-2024,cola bastão,Papelaria,1,"43,28",pix,Matriz - Recife
47,2024-01-08,Carregador USB-C,Eletrônicos,5,"13,17",PIX,Matriz - Recife
6249,18-10-2025,mochila escolar,Papelaria,1,"193,45",Cartão de Crédito,Matriz - Recife
6617,16-11-2025,Marcador de Texto,Papelaria,2,"97,52",Cartão de Débito,Matriz - Recife
1173,2024-05-28,Estojo Simples,PAPELARIA,4,"175,94",Cartão de Débito,Matriz - Recife
764,20/04/2024,Caixa de Som Portátil,Eletrônicos,2,"72,92",Dinheiro,Matriz - Recife
3874,2025-03-03,Boné Aba Reta,Vestuário,3,"104,91",Pix,Matriz - Recife
2774,12/11/2024,escova de limpeza,Casa e Utilidades,2,"224,61",Cartão de Débito,Matriz - Recife
3658,02-02-2025,Caderno Universitário,PAPELARIA,3,"199,02",PIX,Matriz - Recife
2287,22/09/2024,Caneta Esferográfica,Papelaria,3,"10,16",PIX,Matriz - Recife
1404,2024-06-17,Cola Bastão,Papelaria,3,"48,09",PIX,Matriz - Recife
3859,2025-03-02,Organizador de Gaveta,Casa e Utilidades,3,"32,87",Pix,Matriz - Recife
4167,01/04/2025,Biscoito Recheado,Alimentos,1,"57,75",Dinheiro,Matriz - Recife
1727,2024-07-16,Cola Bastão,Papelaria,2,"48,58",pix,Matriz - Recife
1100,2024-05-21,Escova de Limpeza,Casa e Utilidades,4,"218,80",pix,Matriz - Recife
3442,02/01/2025,Escova de Limpeza,Casa e Utilidades,1,"203,92",pix,Matriz - Recife
5996,20-09-2025,Cabo HDMI,Eletrônicos,-2,"59,48",Cartão de Débito,Matriz - Recife
5153,25-06-2025,Caderno Universitário,Papelaria,2,"215,01",Pix,Matriz - Recife
7293,30-12-2025,café torrado 500g,Alimentos,1,"13,85",Cartão de Débito,Matriz - Recife
1270,2024-06-05,Café Torrado 500g,Alimentos,3,"14,55",PIX,Matriz - Recife
1683,11-07-2024,Vela Aromática,Casa e Utilidades,2,"30,57",Dinheiro,Matriz - Recife
6080,01/10/2025,Suco de Caju 1L,ALIMENTOS,2,"177,18",pix,Matriz - Recife
6489,2025-11-07,Bermuda Jeans,Vestuário,1,"27,49",Dinheiro,Matriz - Recife
5148,24-06-2025,Água de Coco 500ml,Alimentos,2,"63,24",Cartão de Crédito,Matriz - Recife
1488,24/06/2024,Suco de Caju 1L,Alimentos,1,"167,05",PIX,Matriz - Recife
6721,2025-11-23,boné aba reta,Vestuário,2,"117,74",pix,Matriz - Recife
2846,17-11-2024,porta sabonete,Casa e Utilidades,5,"163,23",pix,Matriz - Recife
2454,08/10/2024,Caixa de Som Portátil,ELETRÔNICOS,1,"71,17",Dinheiro,Matriz - Recife
7032,14/12/2025,Vela Aromática,Casa e Utilidades,2,"30,56",pix,Matriz - Recife
355,29-02-2024,Água de Coco 500ml,Alimentos,2,"58,15",Cartão de Crédito,Matriz - Recife
6310,24-10-2025,Boné Aba Reta,Vestuário,3,"106,95",Cartão de Débito,Matriz - Recife
1262,2024-06-05,Água de Coco 500ml,Alimentos,1,"66,18",PIX,Matriz - Recife
4139,29/03/2025,Jogo de Toalhas,Casa e Utilidades,1,"91,40",Pix,Matriz - Recife
3287,21-12-2024,Fone de Ouvido Bluetooth,Eletrônicos,3,"158,12",Pix,Matriz - Recife
2356,29/09/2024,Fone de Ouvido Bluetooth,Eletrônicos,1,"158,39",Cartão de Crédito,Matriz - Recife
4000,16/03/2025,Fone de Ouvido Bluetooth,Eletrônicos,3,"161,06",Cartão de Crédito,Matriz - Recife
3381,27-12-2024,Chinelo de Dedo,Vestuário,1,"132,27",,Matriz - Recife
3033,2024-12-01,Fone de Ouvido Bluetooth,Eletrônicos,2,"171,13",Cartão de Crédito,Matriz - Recife
4130,28/03/2025,Caixa de Som Portátil,,2,"69,52",Pix,Matriz - Recife
2378,01/10/2024,Marcador de Texto,Papelaria,-1,"84,55",Cartão de Débito,Matriz - Recife
2892,20/11/2024,caderno universitário,Papelaria,2,"189,79",Dinheiro,Matriz - Recife
3446,02-01-2025,Meia Esportiva,Vestuário,3,"14,87",pix,Matriz - Recife
2425,05/10/2024,Caixa de Som Portátil,Eletrônicos,2,"78,75",pix,Matriz - Recife
478,2024-03-16,Cola Bastão,Papelaria,5,"44,49",Cartão de Crédito,Matriz - Recife
71,2024-01-11,Água de Coco 500ml,Alimentos,2,"62,92",Pix,Matriz - Recife
4728,24-05-2025,Fone de Ouvido Bluetooth,Eletrônicos,1,"160,39",Cartão de Crédito,Matriz - Recife
3667,2025-02-03,cola bastão,Papelaria,1,"42,05",Dinheiro,matriz-recife
4105,27/03/2025,Escova de Limpeza,Casa e Utilidades,3,"205,78",Pix,Matriz - Recife
292,19/02/2024,Água de Coco 500ml,Alimentos,2,"62,42",Cartão de Crédito,Matriz - Recife
4021,18-03-2025,caixa de som portátil,Eletrônicos,3,"76,90",PIX,Matriz - Recife
173,2024-01-30,Caderno Universitário,Papelaria,4,"202,10",Pix,Matriz - Recife
2083,28-08-2024,Suco de Caju 1L,Alimentos,1,"160,59",Cartão de Crédito,Matriz - Recife
1707,14-07-2024,Organizador de Gaveta,CASA E UTILIDADES,4,"33,48",Dinheiro,Matriz - Recife
327,25-02-2024,Organizador de Gaveta,Casa e Utilidades,2,"33,63",Pix,Matriz - Recife
2718,06/11/2024,Caneta Esferográfica,Papelaria,5,"9,95",pix,Matriz - Recife
973,10-05-2024,barra de cereal,Alimentos,3,"140,20",Pix,Matriz - Recife
7155,23/12/2025,Caderno Universitário,Papelaria,3,"204,67",pix,Matriz - Recife
3325,24/12/2024,Estojo Simples,PAPELARIA,1,"190,35",,Matriz - Recife
4522,06/05/2025,Amendoim Torrado,Alimentos,1,"145,42",Pix,Matriz - Recife
350,28-02-2024,Mouse Sem Fio,Eletrônicos,1,"158,53",Cartão de Débito,Matriz - Recife
5224,30/06/2025,Café Torrado 500g,Alimentos,1,"14,07",PIX,Matriz - Recife
2364,2024-09-29,Jaqueta Corta-Vento,,3,"57,02",Dinheiro,Matriz - Recife
3164,12/12/2024,Chinelo de Dedo,Vestuário,5,"133,65",Cartão de Débito,Matriz - Recife
3702,07/02/2025,Carregador USB-C,Eletrônicos,3,"14,65",PIX,Matriz - Recife
1629,2024-07-05,Organizador de Gaveta,Casa e Utilidades,2,"31,01",PIX,Matriz - Recife
2347,28/09/2024,Chinelo de Dedo,Vestuário,2,"140,34",Cartão de Crédito,Matriz - Recife
5833,02/09/2025,Suco de Caju 1L,Alimentos,-1,"165,84",pix,Matriz - Recife
1994,2024-08-18,Kit Panelas Antiaderente,Casa e Utilidades,2,"237,09",pix,Matriz - Recife
2398,03-10-2024,Cola Bastão,,3,"48,14",Cartão de Crédito,Matriz - Recife
2842,17/11/2024,Suco de Caju 1L,Alimentos,1,"177,52",pix,Matriz - Recife
6458,05/11/2025,marcador de texto,Papelaria,2,"83,96",pix,Matriz - Recife
2407,04/10/2024,Escova de Limpeza,CASA E UTILIDADES,4,"204,64",Pix,Matriz - Recife
2965,2024-11-27,Biscoito Recheado,ALIMENTOS,2,"57,53",PIX,Matriz - Recife
575,28-03-2024,Estojo Simples,Papelaria,1,"185,32",Cartão de Crédito,Matriz - Recife
6083,02-10-2025,Suco de Caju 1L,Alimentos,2,"178,40",Pix,Matriz - Recife
404,09/03/2024,carregador usb-c,Eletrônicos,3,"14,24",Pix,Matriz - Recife
5530,02-08-2025,Caneta Esferográfica,Papelaria,2,"10,28",PIX,Matriz - Recife
1102,21-05-2024,Kit Panelas Antiaderente,Casa e Utilidades,-4,"251,66",Cartão de Débito,Matriz - Recife
7258,2025-12-29,Carregador USB-C,Eletrônicos,2,"14,18",Pix,Matriz - Recife
3437,02-01-2025,Marcador de Texto,PAPELARIA,4,"90,29",Dinheiro,Matriz - Recife
2515,2024-10-15,Biscoito Recheado,Alimentos,1,"55,46",Dinheiro,Matriz - Recife
4554,2025-05-09,Estojo Simples,Papelaria,2,"183,47",Cartão de Crédito,Matriz - Recife
29,2024-01-06,Mochila Escolar,Papelaria,1,"212,60",Dinheiro,Matriz - Recife
2439,07-10-2024,jaqueta corta-vento,Vestuário,2,"61,64",Dinheiro,Matriz - Recife
4834,30/05/2025,Fone de Ouvido Bluetooth,Eletrônicos,1,"158,08",Cartão de Débito,Matriz - Recife
988,11-05-2024,Kit Panelas Antiaderente,Casa e Utilidades,4,"256,04",pix,Matriz - Recife
6805,28/11/2025,Camiseta Básica,Vestuário,1,"207,31",Pix,Matriz - Recife
6966,09/12/2025,Caderno Universitário,Papelaria,1,"199,82",PIX,Matriz - Recife
759,20-04-2024,Vela Aromática,Casa e Utilidades,2,"30,17",pix,Matriz - Recife
375,03/03/2024,Marcador de Texto,Papelaria,2,"86,63",Dinheiro,Matriz - Recife
3788,20-02-2025,Caixa de Som Portátil,Eletrônicos,1,"71,64",pix,Matriz - Recife
607,31/03/2024,Power Bank 10000mAh,Eletrônicos,5,"182,70",Dinheiro,Matriz - Recife
744,18-04-2024,Estojo Simples,Papelaria,1,"173,13",Dinheiro,Matriz - Recife
4672,18-05-2025,Vela Aromática,Casa e Utilidades,1,"29,97",Cartão de Débito,Matriz - Recife
2610,2024-10-26,Kit Panelas Antiaderente,Casa e Utilidades,4,"257,59",Cartão de Crédito,Matriz - Recife
3757,15/02/2025,Porta Sabonete,Casa e Utilidades,5,"149,82",Cartão de Crédito,Matriz - Recife
4665,18-05-2025,Organizador de Gaveta,Casa e Utilidades,3,"32,35",Cartão de Débito,Matriz - Recife
3892,2025-03-05,Caneta Esferográfica,Papelaria,5,"8,87",Dinheiro,Matriz - Recife
552,25-03-2024,Biscoito Recheado,Alimentos,3,"59,62",PIX,Matriz - Recife
4506,2025-05-05,Marcador de Texto,Papelaria,-2,"93,97",Cartão de Débito,Matriz - Recife
6782,27/11/2025,Escova de Limpeza,Casa e Utilidades,1,"228,23",pix,Matriz - Recife
4940,07/06/2025,Carregador USB-C,Eletrônicos,1,"15,14",pix,Matriz - Recife
949,09-05-2024,Meia Esportiva,Vestuário,2,"15,39",Pix,Matriz - Recife
2730,2024-11-07,Mouse Sem Fio,Eletrônicos,2,"175,58",Cartão de Débito,Matriz - Recife
1313,09-06-2024,Caixa de Som Portátil,Eletrônicos,1,"73,50",Cartão de Débito,Matriz - Recife
334,26/02/2024,Escova de Limpeza,Casa e Utilidades,1,"222,77",Cartão de Débito,Matriz - Recife
3759,15-02-2025,Caderno Universitário,PAPELARIA,4,"214,00",Cartão de Crédito,Matriz - Recife
4221,2025-04-08,Vela Aromática,Casa e Utilidades,1,"31,08",pix,Matriz - Recife
3964,12-03-2025,Mouse Sem Fio,Eletrônicos,1,"180,52",PIX,Matriz - Recife
2375,30/09/2024,Boné Aba Reta,Vestuário,3,"116,54",PIX,Matriz - Recife
2056,25/08/2024,Caixa de Som Portátil,Eletrônicos,2,"80,49",Pix,Matriz - Recife
3087,05-12-2024,Vela Aromática,Casa e Utilidades,1,"32,67",Cartão de Crédito,Matriz - Recife
7159,23/12/2025,Boné Aba Reta,Vestuário,1,"104,29",PIX,Matriz - Recife
5184,27/06/2025,Barra de Cereal,Alimentos,1,"144,98",,Matriz - Recife
6034,25/09/2025,Porta Sabonete,Casa e Utilidades,4,"156,79",pix,Matriz - Recife
2011,20-08-2024,Caderno Universitário,PAPELARIA,1,"206,94",Dinheiro,Matriz - Recife
331,25/02/2024,Jaqueta Corta-Vento,Vestuário,4,"64,42",pix,Matriz - Recife
2466,2024-10-09,Fone de Ouvido Bluetooth,Eletrônicos,1,"167,03",PIX,Matriz - Recife
36,2024-01-07,Fone de Ouvido Bluetooth,Eletrônicos,1,"162,09",Pix,Matriz - Recife
1995,2024-08-18,Suco de Caju 1L,Alimentos,5,"166,73",,Matriz - Recife
3758,15-02-2025,Camiseta Básica,Vestuário,4,"220,23",Pix,Matriz - Recife
691,11-04-2024,Marcador de Texto,Papelaria,3,"83,28",Cartão de Débito,Matriz - Recife
5065,2025-06-18,Kit Panelas Antiaderente,Casa e Utilidades,1,"255,21",PIX,Matriz - Recife
4272,2025-04-12,Vela Aromática,Casa e Utilidades,3,"29,79",Cartão de Débito,Matriz - Recife
19,2024-01-04,jogo de toalhas,CASA E UTILIDADES,1,"89,57",pix,Matriz - Recife
6603,14-11-2025,Cola Bastão,Papelaria,1,"44,70",Pix,Matriz - Recife
7071,16-12-2025,Chinelo de Dedo,Vestuário,2,"128,06",Cartão de Débito,matriz-recife
221,08-02-2024,Vela Aromática,Casa e Utilidades,2,"31,69",PIX,Matriz - Recife
2049,24-08-2024,caixa de som portátil,Eletrônicos,1,"72,41",Cartão de Débito,Matriz - Recife
5836,02-09-2025,Organizador de Gaveta,CASA E UTILIDADES,4,"30,98",Cartão de Crédito,Matriz - Recife
4112,27/03/2025,Organizador de Gaveta,Casa e Utilidades,2,"29,05",Dinheiro,Matriz - Recife
5242,01/07/2025,Vela Aromática,Casa e Utilidades,1,"31,07",Dinheiro,Matriz - Recife
4785,28-05-2025,Camiseta Básica,Vestuário,2,"224,64",Cartão de Débito,Matriz - Recife
5524,2025-08-02,Cola Bastão,PAPELARIA,2,"42,44",Cartão de Crédito,Matriz - Recife
1242,03/06/2024,Biscoito Recheado,Alimentos,1,"60,31",PIX,Matriz - Recife
2835,16-11-2024,Kit Panelas Antiaderente,CASA E UTILIDADES,4,"239,95",Pix,Matriz - Recife
3636,31/01/2025,Camiseta Básica,Vestuário,1,"208,50",Cartão de Débito,Matriz - Recife
1373,2024-06-13,Estojo Simples,Papelaria,2,"189,99",Pix,Matriz - Recife
6444,04/11/2025,Café Torrado 500g,ALIMENTOS,2,"14,85",PIX,Matriz - Recife
932,2024-05-07,Caixa de Som Portátil,Eletrônicos,4,"75,17",Pix,Matriz - Recife
5453,2025-07-24,Jogo de Toalhas,Casa e Utilidades,3,"90,32",Cartão de Crédito,Matriz - Recife
5024,13-06-2025,Biscoito Recheado,Alimentos,4,"54,74",Pix,Matriz - Recife
359,2024-03-01,Organizador de Gaveta,Casa e Utilidades,2,"31,73",Cartão de Débito,Matriz - Recife
2497,2024-10-12,Boné Aba Reta,Vestuário,2,"113,94",Cartão de Crédito,Matriz - Recife
1596,01-07-2024,Amendoim Torrado,Alimentos,3,"160,27",pix,Matriz - Recife
4273,12/04/2025,Bermuda Jeans,Vestuário,1,"31,28",PIX,Matriz - Recife
993,2024-05-12,Caixa de Som Portátil,Eletrônicos,2,"78,57",PIX,Matriz - Recife
6334,2025-10-27,Bermuda Jeans,Vestuário,1,"27,18",PIX,Matriz - Recife
4558,2025-05-09,Boné Aba Reta,Vestuário,2,"109,43",Pix,Matriz - Recife
145,26-01-2024,Organizador de Gaveta,Casa e Utilidades,2,"29,05",PIX,Matriz - Recife
1166,27/05/2024,Bermuda Jeans,Vestuário,1,"27,09",Pix,Matriz - Recife
3799,21/02/2025,Suco de Caju 1L,ALIMENTOS,1,"173,26",Dinheiro,Matriz - Recife
1662,09-07-2024,Vela Aromática,Casa e Utilidades,3,"32,46",Pix,Matriz - Recife
5661,15/08/2025,Estojo Simples,Papelaria,2,"171,31",Cartão de Débito,Matriz - Recife
6773,26-11-2025,Cabo HDMI,Eletrônicos,2,"64,55",Cartão de Débito,Matriz - Recife
6792,2025-11-27,Fone de Ouvido Bluetooth,Eletrônicos,1,"162,99",Pix,Matriz - Recife
3240,18-12-2024,Café Torrado 500g,Alimentos,2,"13,66",Cartão de Débito,Matriz - Recife
1850,01/08/2024,Amendoim Torrado,Alimentos,2,"139,36",Cartão de Débito,Matriz - Recife
4083,2025-03-24,Power Bank 10000mAh,Eletrônicos,1,"181,55",Pix,Matriz - Recife
5095,2025-06-20,Porta Sabonete,Casa e Utilidades,1,"151,13",PIX,Matriz - Recife
583,29-03-2024,Kit Panelas Antiaderente,Casa e Utilidades,3,"232,50",Cartão de Débito,Matriz - Recife
1828,2024-07-29,Organizador de Gaveta,Casa e Utilidades,5,"33,39",Pix,Matriz - Recife
6393,02-11-2025,Caderno Universitário,Papelaria,5,"197,80",Cartão de Débito,Matriz - Recife
6006,21/09/2025,Bermuda Jeans,Vestuário,1,"29,96",Dinheiro,Matriz - Recife
5485,28-07-2025,Mochila Escolar,Papelaria,1,"209,17",PIX,Matriz - Recife
3130,2024-12-09,Camiseta Básica,Vestuário,1,"224,02",Pix,Matriz - Recife
5807,31-08-2025,Cola Bastão,Papelaria,2,"43,54",Dinheiro,Matriz - Recife
4776,27/05/2025,Meia Esportiva,Vestuário,1,"16,34",pix,Matriz - Recife
5570,2025-08-06,Cola Bastão,Papelaria,1,"45,27",Cartão de Crédito,Matriz - Recife
3243,2024-12-18,Jaqueta Corta-Vento,Vestuário,3,"58,33",Cartão de Crédito,Matriz - Recife
4805,2025-05-29,Meia Esportiva,VESTUÁRIO,1,"16,39",Cartão de Crédito,Matriz - Recife
4884,03/06/2025,Bermuda Jeans,VESTUÁRIO,4,"30,00",Cartão de Crédito,Matriz - Recife
2645,2024-10-30,Meia Esportiva,Vestuário,1,"15,99",PIX,Matriz - Recife
451,13/03/2024,Camiseta Básica,VESTUÁRIO,1,"207,97",Cartão de Crédito,Matriz - Recife
1118,2024-05-23,Power Bank 10000mAh,Eletrônicos,1,"183,66",Cartão de Débito,Matriz - Recife
4393,27/04/2025,caderno universitário,Papelaria,2,"212,10",Pix,Matriz - Recife
5354,16/07/2025,Barra de Cereal,Alimentos,3,"145,33",Dinheiro,Matriz - Recife
4615,14/05/2025,Chinelo de Dedo,Vestuário,1,"129,80",Pix,Matriz - Recife
2241,16-09-2024,Cabo HDMI,Eletrônicos,1,"61,51",pix,Matriz - Recife
976,11-05-2024,Água de Coco 500ml,Alimentos,2,"64,32",Cartão de Crédito,Matriz - Recife
4027,18/03/2025,Cabo HDMI,Eletrônicos,3,"58,55",PIX,Matriz - Recife
6899,2025-12-04,Jogo de Toalhas,CASA E UTILIDADES,1,"84,72",Cartão de Crédito,Matriz - Recife
4113,2025-03-27,Suco de Caju 1L,ALIMENTOS,5,"152,76",Cartão de Débito,Matriz - Recife
3856,02-03-2025,Power Bank 10000mAh,Eletrônicos,3,"192,67",Cartão de Crédito,Matriz - Recife
6382,2025-11-01,Camiseta Básica,Vestuário,1,"240,99",pix,Matriz - Recife
6710,22-11-2025,Escova de Limpeza,Casa e Utilidades,4,"222,40",PIX,Matriz - Recife
4862,01-06-2025,Bermuda Jeans,Vestuário,1,"31,27",pix,Matriz - Recife
2611,26-10-2024,Cola Bastão,Papelaria,1,"48,44",PIX,Matriz - Recife
7183,25-12-2025,Cola Bastão,Papelaria,3,"48,05",Cartão de Débito,Matriz - Recife
5137,23/06/2025,cola bastão,Papelaria,1,"44,95",Cartão de Crédito,Matriz - Recife
4602,13/05/2025,Boné Aba Reta,Vestuário,5,"118,16",PIX,Matriz - Recife
2728,07/11/2024,Carregador USB-C,Eletrônicos,2,"13,51",Dinheiro,Matriz - Recife
1421,19/06/2024,Camiseta Básica,Vestuário,4,"207,53",Cartão de Débito,Matriz - Recife
1584,30/06/2024,Mouse Sem Fio,Eletrônicos,1,"174,46",Cartão de Crédito,Matriz - Recife
2217,13/09/2024,Kit Panelas Antiaderente,Casa e Utilidades,3,"248,51",Cartão de Débito,Matriz - Recife
1795,25-07-2024,Bermuda Jeans,Vestuário,1,"27,07",pix,Matriz - Recife
2690,2024-11-03,Carregador USB-C,Eletrônicos,2,"14,60",Dinheiro,Matriz - Recife
669,2024-04-08,Café Torrado 500g,Alimentos,3,"14,47",PIX,Matriz - Recife
5108,21-06-2025,suco de caju 1l,Alimentos,2,"160,25",PIX,Matriz - Recife
3258,2024-12-20,Meia Esportiva,Vestuário,2,"14,86",Cartão de Crédito,Matriz - Recife
1366,13/06/2024,Jaqueta Corta-Vento,Vestuário,-1,"61,15",pix,Matriz - Recife
2824,2024-11-16,Mochila Escolar,PAPELARIA,1,"186,87",Cartão de Crédito,Matriz - Recife
5794,29-08-2025,Mochila Escolar,Papelaria,1,"191,10",Pix,Matriz - Recife
4168,01/04/2025,Caderno Universitário,Papelaria,1,"212,13",pix,Matriz - Recife
2763,11/11/2024,Biscoito Recheado,Alimentos,5,"54,72",PIX,Matriz - Recife
370,02-03-2024,Mouse Sem Fio,Eletrônicos,1,"185,07",Cartão de Débito,Matriz - Recife
586,30-03-2024,Boné Aba Reta,Vestuário,2,"106,75",Pix,Matriz - Recife
4782,27/05/2025,Caixa de Som Portátil,ELETRÔNICOS,1,"72,92",Cartão de Crédito,Matriz - Recife
5789,2025-08-28,Mouse Sem Fio,ELETRÔNICOS,4,"181,19",pix,Matriz - Recife
3979,13/03/2025,Café Torrado 500g,Alimentos,1,"15,36",Cartão de Crédito,Matriz - Recife
781,2024-04-22,Caneta Esferográfica,,1,"8,97",Dinheiro,Matriz - Recife
688,2024-04-10,suco de caju 1l,Alimentos,1,"156,80",pix,Matriz - Recife
4992,10-06-2025,Jogo de Toalhas,Casa e Utilidades,1,"85,68",Cartão de Crédito,Matriz - Recife
2924,2024-11-23,Kit Panelas Antiaderente,Casa e Utilidades,1,"231,38",pix,Matriz - Recife
6267,20-10-2025,Organizador de Gaveta,Casa e Utilidades,2,"30,72",PIX,Matriz - Recife
514,2024-03-20,Boné Aba Reta,Vestuário,1,"103,29",PIX,Matriz - Recife
6018,23/09/2025,Suco de Caju 1L,Alimentos,1,"164,76",,Matriz - Recife
1065,2024-05-19,Marcador de Texto,Papelaria,2,"85,87",PIX,Matriz - Recife
1273,2024-06-06,Meia Esportiva,Vestuário,1,"14,57",Pix,Matriz - Recife
6314,25-10-2025,Meia Esportiva,Vestuário,1,"16,37",Cartão de Débito,Matriz - Recife
4676,2025-05-19,Biscoito Recheado,Alimentos,3,"54,27",PIX,Matriz - Recife
5341,2025-07-15,Vela Aromática,Casa e Utilidades,1,"30,17",pix,Matriz - Recife
3026,01/12/2024,Vela Aromática,Casa e Utilidades,1,"32,56",PIX,Matriz - Recife
5652,2025-08-14,Mochila Escolar,Papelaria,5,"212,24",Cartão de Débito,Matriz - Recife
5454,24/07/2025,Power Bank 10000mAh,Eletrônicos,3,"195,36",Cartão de Débito,Matriz - Recife
6224,15-10-2025,Café Torrado 500g,Alimentos,1,"14,10",PIX,Matriz - Recife
12,03/01/2024,Organizador de Gaveta,CASA E UTILIDADES,1,"30,03",,Matriz - Recife
6645,18/11/2025,Organizador de Gaveta,CASA E UTILIDADES,2,"30,58",Cartão de Crédito,Matriz - Recife
2252,17-09-2024,Camiseta Básica,Vestuário,3,"241,52",Cartão de Débito,Matriz - Recife
5732,23/08/2025,Café Torrado 500g,Alimentos,1,"14,64",PIX,Matriz - Recife
794,23-04-2024,Power Bank 10000mAh,Eletrônicos,2,"192,42",Dinheiro,Matriz - Recife
7180,2025-12-25,Cola Bastão,Papelaria,1,"43,84",Pix,Matriz - Recife
3241,2024-12-18,Escova de Limpeza,Casa e Utilidades,1,"196,73",PIX,Matriz - Recife
6869,02-12-2025,Jogo de Toalhas,CASA E UTILIDADES,-3,"91,27",Dinheiro,Matriz - Recife
3296,22/12/2024,Mouse Sem Fio,,1,"170,09",PIX,Matriz - Recife
4468,2025-05-03,Marcador de Texto,PAPELARIA,4,"83,97",Dinheiro,Matriz - Recife
67,2024-01-10,Mouse Sem Fio,Eletrônicos,4,"170,72",Dinheiro,Matriz - Recife
3894,2025-03-05,Chinelo de Dedo,,2,"132,95",pix,Matriz - Recife
6040,2025-09-26,Jaqueta Corta-Vento,,4,"62,12",Cartão de Débito,Matriz - Recife
1895,2024-08-05,Biscoito Recheado,,3,"53,73",Cartão de Crédito,Matriz - Recife
1912,07/08/2024,Organizador de Gaveta,Casa e Utilidades,3,"32,81",Cartão de Crédito,Matriz - Recife
533,23/03/2024,Biscoito Recheado,Alimentos,3,"53,67",Pix,Matriz - Recife
5556,04-08-2025,Porta Sabonete,Casa e Utilidades,1,"151,14",Dinheiro,Matriz - Recife
2903,21/11/2024,Mochila Escolar,Papelaria,1,"197,47",Cartão de Crédito,Matriz - Recife
5850,03-09-2025,Jogo de Toalhas,Casa e Utilidades,2,"96,10",Pix,Matriz - Recife
473,15/03/2024,Caixa de Som Portátil,Eletrônicos,2,"73,38",Dinheiro,Matriz - Recife
2668,02/11/2024,Suco de Caju 1L,,5,"174,46",Dinheiro,Matriz - Recife
2870,19-11-2024,Camiseta Básica,Vestuário,1,"237,07",Cartão de Débito,Matriz - Recife
6789,27/11/2025,Power Bank 10000mAh,Eletrônicos,1,"190,69",Cartão de Crédito,Matriz - Recife
5975,17-09-2025,Cola Bastão,PAPELARIA,3,"48,15",Dinheiro,Matriz - Recife
5721,21-08-2025,Marcador de Texto,Papelaria,1,"89,37",Cartão de Débito,Matriz - Recife
1797,25/07/2024,Vela Aromática,Casa e Utilidades,2,"30,36",Cartão de Débito,Matriz - Recife
7308,31-12-2025,Jogo de Toalhas,Casa e Utilidades,1,"95,43",Cartão de Débito,Matriz - Recife
2156,06/09/2024,Biscoito Recheado,Alimentos,1,"57,69",Pix,Matriz - Recife
6296,23-10-2025,Cabo HDMI,Eletrônicos,1,"60,42",Cartão de Crédito,Matriz - Recife
2465,09/10/2024,Camiseta Básica,VESTUÁRIO,1,"230,63",Cartão de Crédito,Matriz - Recife
2783,12/11/2024,Fone de Ouvido Bluetooth,Eletrônicos,5,"166,85",Pix,Matriz - Recife
193,02/02/2024,Marcador de Texto,Papelaria,1,"93,19",Dinheiro,Matriz - Recife
3827,26-02-2025,Jogo de Toalhas,CASA E UTILIDADES,3,"89,61",Cartão de Débito,Matriz - Recife
3099,07-12-2024,Amendoim Torrado,Alimentos,1,"144,18",Cartão de Crédito,Matriz - Recife
4090,2025-03-25,Escova de Limpeza,Casa e Utilidades,3,"221,60",PIX,Matriz - Recife
4928,06/06/2025,Meia Esportiva,Vestuário,2,"15,55",Pix,Matriz - Recife
2299,23-09-2024,amendoim torrado,Alimentos,1,"148,29",PIX,Matriz - Recife
4055,2025-03-21,Estojo Simples,Papelaria,2,"177,39",Cartão de Crédito,Matriz - Recife
4597,13/05/2025,amendoim torrado,Alimentos,4,"161,48",pix,Matriz - Recife
2879,19/11/2024,Mouse Sem Fio,Eletrônicos,2,"158,90",Cartão de Crédito,Matriz - Recife
5517,01/08/2025,Cabo HDMI,Eletrônicos,4,"62,00",PIX,Matriz - Recife
1884,05/08/2024,Barra de Cereal,ALIMENTOS,1,"137,96",Dinheiro,Matriz - Recife
7027,2025-12-14,Bermuda Jeans,Vestuário,1,"28,47",Dinheiro,Matriz - Recife
2129,2024-09-03,Barra de Cereal,ALIMENTOS,2,"136,16",Pix,Matriz - Recife
570,2024-03-27,Suco de Caju 1L,Alimentos,1,"153,54",Dinheiro,Matriz - Recife
6059,28/09/2025,Kit Panelas Antiaderente,Casa e Utilidades,2,"242,76",Cartão de Crédito,Matriz - Recife
6880,2025-12-03,Estojo Simples,Papelaria,1,"190,42",Cartão de Crédito,Matriz - Recife
2447,07/10/2024,Vela Aromática,Casa e Utilidades,2,"31,41",Cartão de Crédito,Matriz - Recife
307,22-02-2024,Amendoim Torrado,Alimentos,-1,"142,42",Dinheiro,Matriz - Recife
6467,2025-11-06,Amendoim Torrado,ALIMENTOS,1,"145,36",Pix,Matriz - Recife
1344,11-06-2024,power bank 10000mah,Eletrônicos,3,"199,73",Dinheiro,Matriz - Recife
2386,02-10-2024,Carregador USB-C,Eletrônicos,1,"14,15",Cartão de Crédito,Matriz - Recife
4729,24-05-2025,Porta Sabonete,Casa e Utilidades,1,"158,19",PIX,Matriz - Recife
2295,2024-09-22,Caderno Universitário,PAPELARIA,4,"206,18",PIX,Matriz - Recife
1425,2024-06-19,Boné Aba Reta,Vestuário,1,"118,03",Dinheiro,Matriz - Recife
3732,11-02-2025,camiseta básica,Vestuário,1,"209,78",,Matriz - Recife
7253,28/12/2025,Biscoito Recheado,Alimentos,2,"58,28",Dinheiro,Matriz - Recife
2158,06/09/2024,organizador de gaveta,Casa e Utilidades,1,"30,90",pix,Matriz - Recife
6171,2025-10-10,Caderno Universitário,Papelaria,2,"206,69",pix,Matriz - Recife
3084,05-12-2024,Barra de Cereal,Alimentos,1,"146,17",Pix,Matriz - Recife
2806,15/11/2024,Café Torrado 500g,Alimentos,1,"14,93",Cartão de Crédito,Matriz - Recife
4894,2025-06-04,Organizador de Gaveta,Casa e Utilidades,4,"32,64",Cartão de Débito,Matriz - Recife
4460,02/05/2025,Biscoito Recheado,Alimentos,1,"58,98",PIX,Matriz - Recife
2477,2024-10-10,carregador usb-c,Eletrônicos,4,"13,45",Dinheiro,Matriz - Recife
3276,21-12-2024,Marcador de Texto,Papelaria,2,"88,71",Dinheiro,Matriz - Recife
6867,02/12/2025,Camiseta Básica,,3,"223,06",Dinheiro,Matriz - Recife
3502,11-01-2025,Caderno Universitário,Papelaria,3,"194,58",pix,Matriz - Recife
6648,18-11-2025,Meia Esportiva,Vestuário,1,"14,91",Cartão de Débito,Matriz - Recife
769,20-04-2024,Marcador de Texto,Papelaria,1,"96,88",Dinheiro,Matriz - Recife
4764,26/05/2025,Jogo de Toalhas,Casa e Utilidades,3,"88,34",PIX,Matriz - Recife
4448,01/05/2025,Meia Esportiva,Vestuário,1,"15,30",PIX,Matriz - Recife
4370,24-04-2025,Mochila Escolar,Papelaria,1,"189,85",Dinheiro,Matriz - Recife
5987,19-09-2025,Mochila Escolar,Papelaria,1,"191,30",Pix,Matriz - Recife
5067,18-06-2025,Jaqueta Corta-Vento,Vestuário,1,"65,64",Cartão de Débito,Matriz - Recife
4275,2025-04-12,Chinelo de Dedo,Vestuário,1,"137,88",Cartão de Crédito,Matriz - Recife
6459,2025-11-05,Mochila Escolar,Papelaria,4,"188,45",Dinheiro,Matriz - Recife
1941,10/08/2024,Escova de Limpeza,Casa e Utilidades,4,"222,03",Dinheiro,Matriz - Recife
203,04-02-2024,Caixa de Som Portátil,Eletrônicos,1,"71,54",Dinheiro,Matriz - Recife
2681,2024-11-03,Marcador de Texto,PAPELARIA,5,"84,92",PIX,Matriz - Recife
6531,2025-11-09,Chinelo de Dedo,Vestuário,-3,"128,20",PIX,Matriz - Recife
738,17-04-2024,Mouse Sem Fio,ELETRÔNICOS,1,"174,71",pix,Matriz - Recife
2043,2024-08-23,Cola Bastão,PAPELARIA,1,"42,67",Dinheiro,Matriz - Recife
1075,20-05-2024,kit panelas antiaderente,Casa e Utilidades,1,"226,45",PIX,Matriz - Recife
3936,2025-03-09,Suco de Caju 1L,Alimentos,2,"156,11",Cartão de Débito,Matriz - Recife
4026,2025-03-18,Mouse Sem Fio,Eletrônicos,1,"181,62",Pix,Matriz - Recife
947,08/05/2024,Vela Aromática,Casa e Utilidades,2,"30,21",Dinheiro,Matriz - Recife
2384,02/10/2024,Jaqueta Corta-Vento,Vestuário,2,"59,81",Pix,Matriz - Recife
1597,01-07-2024,Estojo Simples,Papelaria,4,"179,63",Cartão de Débito,Matriz - Recife
3617,2025-01-29,Caixa de Som Portátil,Eletrônicos,3,"80,20",Pix,Matriz - Recife
7287,2025-12-30,Porta Sabonete,Casa e Utilidades,3,"144,76",Pix,Matriz - Recife
1067,19/05/2024,Fone de Ouvido Bluetooth,Eletrônicos,1,"160,84",PIX,Matriz - Recife
6596,14-11-2025,Vela Aromática,Casa e Utilidades,1,"31,53",Cartão de Débito,Matriz - Recife
4064,22/03/2025,Jogo de Toalhas,Casa e Utilidades,2,"93,16",pix,Matriz - Recife
614,01-04-2024,Suco de Caju 1L,Alimentos,2,"164,08",Cartão de Débito,Matriz - Recife
4151,30/03/2025,Mochila Escolar,Papelaria,3,"207,60",PIX,Matriz - Recife
1233,2024-06-03,Mochila Escolar,Papelaria,2,"206,79",pix,Matriz - Recife
2743,08/11/2024,Camiseta Básica,Vestuário,3,"235,23",Dinheiro,Matriz - Recife
5331,2025-07-14,Carregador USB-C,Eletrônicos,2,"13,27",Cartão de Débito,Matriz - Recife
3292,2024-12-22,Estojo Simples,Papelaria,1,"189,21",Cartão de Débito,Matriz - Recife
6530,09-11-2025,Barra de Cereal,Alimentos,2,"138,23",PIX,Matriz - Recife
6446,04-11-2025,Estojo Simples,Papelaria,1,"174,84",Pix,Matriz - Recife
7269,29/12/2025,Vela Aromática,Casa e Utilidades,1,"28,75",Pix,Matriz - Recife
6589,14/11/2025,Kit Panelas Antiaderente,Casa e Utilidades,3,"252,04",Cartão de Crédito,Matriz - Recife
4629,2025-05-15,Fone de Ouvido Bluetooth,Eletrônicos,2,"153,37",pix,Matriz - Recife
1357,12/06/2024,Fone de Ouvido Bluetooth,ELETRÔNICOS,2,"158,43",Cartão de Débito,Matriz - Recife
5147,24/06/2025,Marcador de Texto,Papelaria,3,"91,56",Cartão de Crédito,Matriz - Recife
899,2024-05-04,Caixa de Som Portátil,Eletrônicos,1,"80,32",PIX,Matriz - Recife
785,22-04-2024,Cabo HDMI,Eletrônicos,1,"60,10",Pix,Matriz - Recife
1533,27-06-2024,Cola Bastão,Papelaria,3,"44,60",Cartão de Crédito,Matriz - Recife
4316,17-04-2025,Vela Aromática,Casa e Utilidades,1,"32,46",Cartão de Débito,Matriz - Recife
6256,18/10/2025,Biscoito Recheado,Alimentos,3,"60,40",Pix,Matriz - Recife
1959,2024-08-13,Caixa de Som Portátil,Eletrônicos,1,"71,65",Dinheiro,Matriz - Recife
3872,2025-03-03,Porta Sabonete,Casa e Utilidades,5,"164,00",PIX,Matriz - Recife
1439,20-06-2024,Amendoim Torrado,Alimentos,1,"156,38",pix,Matriz - Recife
4759,26-05-2025,Estojo Simples,Papelaria,3,"189,07",Dinheiro,Matriz - Recife
7144,22/12/2025,Vela Aromática,,1,"29,52",pix,Matriz - Recife
5057,17-06-2025,Kit Panelas Antiaderente,Casa e Utilidades,3,"225,92",PIX,Matriz - Recife
225,09-02-2024,Chinelo de Dedo,Vestuário,4,"125,08",Cartão de Débito,Matriz - Recife
689,2024-04-11,Biscoito Recheado,Alimentos,1,"52,27",PIX,Matriz - Recife
4758,26/05/2025,boné aba reta,Vestuário,1,"112,78",PIX,Matriz - Recife
6125,05-10-2025,Estojo Simples,Papelaria,2,"165,28",Pix,Matriz - Recife
6750,24/11/2025,Carregador USB-C,Eletrônicos,1,"15,13",Cartão de Crédito,Matriz - Recife
4184,03-04-2025,Camiseta Básica,Vestuário,5,"234,28",PIX,Matriz - Recife
6242,17-10-2025,Fone de Ouvido Bluetooth,Eletrônicos,1,"175,04",Pix,Matriz - Recife
373,03/03/2024,Escova de Limpeza,Casa e Utilidades,1,"228,89",Dinheiro,Matriz - Recife
524,22/03/2024,Estojo Simples,Papelaria,3,"187,54",Dinheiro,Matriz - Recife
1365,13/06/2024,Boné Aba Reta,Vestuário,4,"107,57",Pix,Matriz - Recife
4075,23-03-2025,Escova de Limpeza,Casa e Utilidades,5,"207,18",PIX,Matriz - Recife
3722,2025-02-10,Bermuda Jeans,Vestuário,2,"26,80",PIX,Matriz - Recife
2707,05-11-2024,Caneta Esferográfica,Papelaria,2,"10,32",Cartão de Débito,Matriz - Recife
1653,2024-07-08,Mochila Escolar,Papelaria,-3,"211,26",Cartão de Débito,Matriz - Recife
6918,05-12-2025,Estojo Simples,Papelaria,1,"187,13",Dinheiro,Matriz - Recife
4981,09/06/2025,Escova de Limpeza,,1,"205,76",Cartão de Crédito,Matriz - Recife
4291,14-04-2025,Caixa de Som Portátil,Eletrônicos,1,"70,76",Dinheiro,Matriz - Recife
649,07-04-2024,Camiseta Básica,Vestuário,1,"213,37",Cartão de Crédito,Matriz - Recife
3884,04-03-2025,Boné Aba Reta,,1,"106,36",Cartão de Crédito,Matriz - Recife
3731,11/02/2025,Carregador USB-C,Eletrônicos,2,"14,65",Cartão de Crédito,Matriz - Recife
886,02/05/2024,Boné Aba Reta,Vestuário,4,"107,45",Dinheiro,Matriz - Recife
6506,2025-11-08,Mochila Escolar,Papelaria,2,"195,03",Dinheiro,Matriz - Recife
2847,17-11-2024,fone de ouvido bluetooth,Eletrônicos,1,"159,40",Cartão de Débito,Matriz - Recife
6760,25-11-2025,Amendoim Torrado,Alimentos,1,"142,28",pix,Matriz - Recife
7240,28-12-2025,Power Bank 10000mAh,Eletrônicos,3,"188,88",Pix,Matriz - Recife
5273,2025-07-05,Caneta Esferográfica,Papelaria,3,"9,10",Pix,Matriz - Recife
2514,2024-10-14,Suco de Caju 1L,Alimentos,1,"165,81",pix,Matriz - Recife
1096,21-05-2024,Cabo HDMI,Eletrônicos,3,"59,59",Pix,Matriz - Recife
6699,22-11-2025,Café Torrado 500g,Alimentos,-2,"13,83",pix,Matriz - Recife
969,10-05-2024,Cola Bastão,Papelaria,1,"44,70",Cartão de Débito,Matriz - Recife
1637,06-07-2024,Caixa de Som Portátil,Eletrônicos,2,"79,52",Cartão de Crédito,Matriz - Recife
1391,16/06/2024,Marcador de Texto,Papelaria,-1,"85,16",Dinheiro,Matriz - Recife
5798,2025-08-29,Organizador de Gaveta,Casa e Utilidades,2,"33,60",Pix,Matriz - Recife
6770,26/11/2025,Amendoim Torrado,Alimentos,2,"154,02",Pix,Matriz - Recife
218,2024-02-08,Jaqueta Corta-Vento,Vestuário,1,"58,85",Dinheiro,Matriz - Recife
4851,31/05/2025,Caneta Esferográfica,Papelaria,-2,"9,67",pix,Matriz - Recife
5533,02/08/2025,Meia Esportiva,VESTUÁRIO,2,"15,54",Cartão de Crédito,Matriz - Recife
1764,21/07/2024,Jaqueta Corta-Vento,Vestuário,3,"65,44",Cartão de Débito,Matriz - Recife
4787,28/05/2025,Jogo de Toalhas,CASA E UTILIDADES,1,"88,15",PIX,Matriz - Recife
1188,2024-05-29,Meia Esportiva,VESTUÁRIO,1,"14,16",Cartão de Crédito,Matriz - Recife
574,27-03-2024,Água de Coco 500ml,Alimentos,1,"58,66",Cartão de Crédito,Matriz - Recife
5932,2025-09-13,Suco de Caju 1L,ALIMENTOS,2,"175,25",Cartão de Débito,Matriz - Recife
5606,10-08-2025,Caixa de Som Portátil,ELETRÔNICOS,3,"72,06",pix,Matriz - Recife
5135,2025-06-23,Amendoim Torrado,Alimentos,4,"142,47",PIX,Matriz - Recife
2242,2024-09-16,Organizador de Gaveta,Casa e Utilidades,2,"29,18",pix,Matriz - Recife
247,12/02/2024,Suco de Caju 1L,Alimentos,1,"164,13",Pix,Matriz - Recife
1431,20/06/2024,Jogo de Toalhas,Casa e Utilidades,5,"95,56",Cartão de Débito,Matriz - Recife
2627,27-10-2024,Porta Sabonete,Casa e Utilidades,4,"148,29",pix,Matriz - Recife
4476,03/05/2025,Organizador de Gaveta,CASA E UTILIDADES,2,"30,90",pix,Matriz - Recife
3090,06/12/2024,fone de ouvido bluetooth,Eletrônicos,1,"152,22",Cartão de Crédito,Matriz - Recife
2195,10-09-2024,Organizador de Gaveta,Casa e Utilidades,1,"31,45",pix,Matriz - Recife
1569,2024-06-29,Organizador de Gaveta,Casa e Utilidades,2,"30,12",Cartão de Débito,matriz-recife
5870,06/09/2025,Biscoito Recheado,ALIMENTOS,1,"55,32",Dinheiro,Matriz - Recife
3789,2025-02-20,Fone de Ouvido Bluetooth,Eletrônicos,2,"169,94",,Matriz - Recife
393,08/03/2024,Estojo Simples,Papelaria,5,"178,10",pix,Matriz - Recife
452,13/03/2024,Cabo HDMI,Eletrônicos,5,"58,66",Cartão de Débito,Matriz - Recife
3768,2025-02-17,jaqueta corta-vento,Vestuário,3,"61,11",PIX,Matriz - Recife
5396,20/07/2025,Estojo Simples,Papelaria,1,"183,07",pix,Matriz - Recife
6564,12-11-2025,Barra de Cereal,Alimentos,1,"140,17",Pix,Matriz - Recife
6851,01/12/2025,Fone de Ouvido Bluetooth,Eletrônicos,1,"153,47",Cartão de Crédito,Matriz - Recife
5470,2025-07-26,Carregador USB-C,ELETRÔNICOS,4,"12,95",PIX,Matriz - Recife
1297,07/06/2024,Estojo Simples,Papelaria,1,"177,30",PIX,Matriz - Recife
485,17-03-2024,kit panelas antiaderente,Casa e Utilidades,1,"244,66",Cartão de Crédito,Matriz - Recife
3460,04-01-2025,Meia Esportiva,Vestuário,1,"15,80",Pix,Matriz - Recife
6854,2025-12-02,Estojo Simples,Papelaria,4,"169,91",Dinheiro,Matriz - Recife
1211,01-06-2024,Chinelo de Dedo,,2,"123,12",pix,Matriz - Recife
4430,30/04/2025,biscoito recheado,Alimentos,1,"54,86",pix,Matriz - Recife
1281,07-06-2024,Mouse Sem Fio,Eletrônicos,2,"176,48",Dinheiro,Matriz - Recife
5330,14/07/2025,Carregador USB-C,Eletrônicos,1,"13,40",pix,Matriz - Recife
1673,10/07/2024,Barra de Cereal,Alimentos,1,"132,08",Cartão de Débito,Matriz - Recife
6816,2025-11-29,suco de caju 1l,Alimentos,1,"163,45",Cartão de Crédito,Matriz - Recife
4451,02-05-2025,Jaqueta Corta-Vento,Vestuário,2,"59,97",Cartão de Débito,Matriz - Recife
5720,21-08-2025,Caderno Universitário,Papelaria,1,"203,61",pix,Matriz - Recife
1967,14-08-2024,Amendoim Torrado,Alimentos,1,"141,84",Dinheiro,Matriz - Recife
1464,22/06/2024,estojo simples,Papelaria,1,"171,59",Pix,Matriz - Recife
602,31-03-2024,Cabo HDMI,Eletrônicos,1,"60,60",Cartão de Débito,Matriz - Recife
3070,04/12/2024,Barra de Cereal,Alimentos,2,"134,09",Pix,Matriz - Recife
526,2024-03-22,Power Bank 10000mAh,ELETRÔNICOS,4,"191,43",Cartão de Débito,Matriz - Recife
6599,2025-11-14,Chinelo de Dedo,Vestuário,2,"140,66",Dinheiro,Matriz - Recife
5152,24-06-2025,Vela Aromática,Casa e Utilidades,3,"30,44",pix,Matriz - Recife
2582,2024-10-23,Marcador de Texto,Papelaria,2,"96,09",Cartão de Débito,Matriz - Recife
381,2024-03-05,Vela Aromática,Casa e Utilidades,-1,"31,35",Dinheiro,Matriz - Recife
6509,08-11-2025,Marcador de Texto,Papelaria,4,"86,92",pix,Matriz - Recife
6412,03/11/2025,Cabo HDMI,Eletrônicos,2,"62,28",Cartão de Débito,Matriz - Recife
5924,12-09-2025,porta sabonete,Casa e Utilidades,1,"164,46",PIX,Matriz - Recife
2092,2024-08-30,Vela Aromática,Casa e Utilidades,2,"31,91",Cartão de Crédito,Matriz - Recife
2917,23/11/2024,caneta esferográfica,Papelaria,2,"9,16",Cartão de Crédito,Matriz - Recife
3700,07/02/2025,água de coco 500ml,ALIMENTOS,5,"63,55",PIX,Matriz - Recife
229,10/02/2024,Caderno Universitário,Papelaria,1,"215,55",Cartão de Débito,Matriz - Recife
4996,11/06/2025,Mochila Escolar,PAPELARIA,1,"206,20",PIX,Matriz - Recife
621,02/04/2024,Cabo HDMI,Eletrônicos,2,"62,55",PIX,Matriz - Recife
3062,04-12-2024,Kit Panelas Antiaderente,Casa e Utilidades,3,"243,60",Dinheiro,Matriz - Recife
366,02/03/2024,Carregador USB-C,Eletrônicos,1,"14,24",PIX,Matriz - Recife
7315,2025-12-31,Kit Panelas Antiaderente,Casa e Utilidades,1,"253,77",Cartão de Crédito,Matriz - Recife
3249,19/12/2024,Suco de Caju 1L,Alimentos,1,"152,68",Cartão de Débito,Matriz - Recife
5499,2025-07-30,Água de Coco 500ml,Alimentos,1,"59,09",Cartão de Crédito,Matriz - Recife
4237,09/04/2025,Mouse Sem Fio,Eletrônicos,4,"158,36",pix,Matriz - Recife
5089,20-06-2025,mochila escolar,Papelaria,1,"197,41",pix,Matriz - Recife
1642,2024-07-06,Café Torrado 500g,Alimentos,1,"13,51",Cartão de Débito,Matriz - Recife
3515,15/01/2025,Cabo HDMI,ELETRÔNICOS,1,"63,82",Dinheiro,Matriz - Recife
2210,13-09-2024,Jogo de Toalhas,Casa e Utilidades,4,"84,09",Cartão de Débito,Matriz - Recife
1108,22-05-2024,Carregador USB-C,Eletrônicos,1,"14,53",Pix,Matriz - Recife
1221,01-06-2024,Amendoim Torrado,Alimentos,2,"150,44",Cartão de Débito,Matriz - Recife
4162,2025-03-31,Mouse Sem Fio,Eletrônicos,1,"165,18",Cartão de Crédito,Matriz - Recife
1193,30-05-2024,Caneta Esferográfica,Papelaria,1,"8,82",Cartão de Débito,Matriz - Recife
232,10/02/2024,Cola Bastão,PAPELARIA,1,"42,50",Cartão de Crédito,Matriz - Recife
5972,2025-09-17,Água de Coco 500ml,Alimentos,1,"59,97",Pix,Matriz - Recife
7232,27/12/2025,Suco de Caju 1L,ALIMENTOS,1,"176,68",Cartão de Crédito,Matriz - Recife
1559,2024-06-29,Porta Sabonete,Casa e Utilidades,1,"142,46",Cartão de Crédito,Matriz - Recife
311,23/02/2024,Camiseta Básica,Vestuário,1,"240,47",Cartão de Débito,Matriz - Recife
782,22/04/2024,Porta Sabonete,Casa e Utilidades,1,"153,61",pix,Matriz - Recife
1509,25-06-2024,Chinelo de Dedo,Vestuário,5,"125,83",pix,Matriz - Recife
1532,2024-06-27,Organizador de Gaveta,,-1,"31,18",Cartão de Débito,Matriz - Recife
2072,27-08-2024,Caixa de Som Portátil,Eletrônicos,1,"75,32",Pix,Matriz - Recife
235,10-02-2024,Bermuda Jeans,Vestuário,1,"27,11",Dinheiro,Matriz - Recife
5062,2025-06-18,Mouse Sem Fio,Eletrônicos,2,"161,16",Dinheiro,Matriz - Recife
4491,04-05-2025,Barra de Cereal,Alimentos,1,"150,79",pix,Matriz - Recife
4208,06/04/2025,Caneta Esferográfica,Papelaria,2,"9,79",Cartão de Débito,Matriz - Recife
4470,03/05/2025,Organizador de Gaveta,CASA E UTILIDADES,4,"32,76",Pix,Matriz - Recife
3015,30/11/2024,Barra de Cereal,Alimentos,1,"139,59",pix,Matriz - Recife
6234,16/10/2025,Vela Aromática,Casa e Utilidades,4,"32,03",PIX,matriz-recife
4749,25/05/2025,Porta Sabonete,CASA E UTILIDADES,1,"146,22",Pix,Matriz - Recife
5212,2025-06-29,Cola Bastão,Papelaria,2,"45,25",Dinheiro,Matriz - Recife
5420,22-07-2025,Chinelo de Dedo,Vestuário,1,"139,28",Pix,Matriz - Recife
1052,2024-05-17,Amendoim Torrado,Alimentos,2,"158,37",Cartão de Crédito,Matriz - Recife
1957,2024-08-12,Meia Esportiva,Vestuário,4,"14,98",Dinheiro,Matriz - Recife
2750,09/11/2024,Cola Bastão,Papelaria,1,"45,13",Pix,Matriz - Recife
231,2024-02-10,Mouse Sem Fio,ELETRÔNICOS,1,"163,88",,Matriz - Recife
15,2024-01-03,Cola Bastão,Papelaria,1,"48,27",Pix,Matriz - Recife
4562,2025-05-09,Amendoim Torrado,Alimentos,2,"158,48",PIX,Matriz - Recife
6142,2025-10-07,Mochila Escolar,Papelaria,1,"198,02",pix,Matriz - Recife
1260,2024-06-05,Biscoito Recheado,Alimentos,2,"55,36",Cartão de Crédito,Matriz - Recife
5269,2025-07-04,Cola Bastão,Papelaria,2,"44,99",Cartão de Crédito,Matriz - Recife
5849,03-09-2025,Kit Panelas Antiaderente,CASA E UTILIDADES,1,"254,27",Pix,Matriz - Recife
3148,10/12/2024,Boné Aba Reta,Vestuário,4,"114,42",PIX,Matriz - Recife
1713,2024-07-15,Suco de Caju 1L,Alimentos,3,"157,82",,Matriz - Recife
3924,08-03-2025,amendoim torrado,Alimentos,1,"154,79",Cartão de Débito,Matriz - Recife
6931,06/12/2025,Cola Bastão,Papelaria,1,"46,21",PIX,Matriz - Recife
4442,01/05/2025,Chinelo de Dedo,Vestuário,4,"130,61",pix,Matriz - Recife
4467,2025-05-03,Carregador USB-C,Eletrônicos,2,"14,78",Cartão de Débito,Matriz - Recife
1983,2024-08-16,Escova de Limpeza,Casa e Utilidades,1,"228,95",PIX,Matriz - Recife
130,2024-01-23,Caderno Universitário,Papelaria,1,"189,00",pix,Matriz - Recife
5826,2025-09-01,Organizador de Gaveta,Casa e Utilidades,3,"31,30",Dinheiro,Matriz - Recife
3051,03-12-2024,camiseta básica,VESTUÁRIO,3,"234,72",Pix,Matriz - Recife
2858,18-11-2024,Carregador USB-C,Eletrônicos,2,"13,44",Dinheiro,Matriz - Recife
6600,14-11-2025,Caixa de Som Portátil,,3,"71,45",PIX,Matriz - Recife
3670,04-02-2025,Vela Aromática,Casa e Utilidades,4,"30,08",Pix,Matriz - Recife
6508,08/11/2025,Caneta Esferográfica,PAPELARIA,2,"10,06",pix,Matriz - Recife
4969,09/06/2025,Escova de Limpeza,Casa e Utilidades,3,"228,62",Cartão de Crédito,Matriz - Recife
2978,2024-11-28,Café Torrado 500g,ALIMENTOS,4,"14,82",Dinheiro,Matriz - Recife
3024,01-12-2024,Estojo Simples,Papelaria,1,"179,22",pix,Matriz - Recife
2323,2024-09-25,Caderno Universitário,Papelaria,1,"188,51",Pix,Matriz - Recife
599,2024-03-31,Organizador de Gaveta,CASA E UTILIDADES,4,"33,31",Cartão de Crédito,Matriz - Recife
5534,02/08/2025,Boné Aba Reta,Vestuário,1,"118,83",Dinheiro,Matriz - Recife
3145,10/12/2024,Carregador USB-C,ELETRÔNICOS,4,"13,70",Cartão de Crédito,Matriz - Recife
3939,2025-03-09,Caneta Esferográfica,Papelaria,2,"9,71",pix,Matriz - Recife
6772,2025-11-26,Mouse Sem Fio,Eletrônicos,4,"184,23",Cartão de Crédito,Matriz - Recife
1465,22/06/2024,Caixa de Som Portátil,Eletrônicos,1,"77,53",PIX,Matriz - Recife
4246,10/04/2025,Estojo Simples,Papelaria,1,"180,82",Dinheiro,Matriz - Recife
4342,20-04-2025,Estojo Simples,PAPELARIA,2,"165,73",Pix,Matriz - Recife
841,27/04/2024,Suco de Caju 1L,ALIMENTOS,3,"163,31",pix,Matriz - Recife
4148,2025-03-30,Suco de Caju 1L,Alimentos,1,"160,51",pix,Matriz - Recife
7286,2025-12-30,Bermuda Jeans,Vestuário,1,"29,48",Pix,Matriz - Recife
2556,19-10-2024,Estojo Simples,Papelaria,5,"165,45",Dinheiro,Matriz - Recife
544,24/03/2024,Água de Coco 500ml,Alimentos,2,"64,52",Dinheiro,Matriz - Recife
4374,24/04/2025,Organizador de Gaveta,Casa e Utilidades,2,"31,47",PIX,Matriz - Recife
1940,10/08/2024,Jogo de Toalhas,Casa e Utilidades,4,"92,64",Pix,Matriz - Recife
3006,2024-11-29,Café Torrado 500g,Alimentos,3,"14,46",Cartão de Crédito,Matriz - Recife
3847,01-03-2025,Mouse Sem Fio,Eletrônicos,3,"168,80",pix,Matriz - Recife
1145,25-05-2024,Marcador de Texto,Papelaria,1,"97,28",Cartão de Crédito,Matriz - Recife
7270,29-12-2025,Biscoito Recheado,Alimentos,1,"54,88",Cartão de Crédito,Matriz - Recife
2016,2024-08-20,Bermuda Jeans,Vestuário,1,"29,93",PIX,Matriz - Recife
4479,03-05-2025,Jogo de Toalhas,Casa e Utilidades,3,"87,11",pix,Matriz - Recife
4030,2025-03-18,Jogo de Toalhas,Casa e Utilidades,1,"91,99",Pix,Matriz - Recife
4933,2025-06-06,Caneta Esferográfica,Papelaria,3,"8,92",Dinheiro,Matriz - Recife
1980,15-08-2024,carregador usb-c,Eletrônicos,3,"14,24",pix,Matriz - Recife
1327,10-06-2024,Porta Sabonete,Casa e Utilidades,1,"159,99",Cartão de Débito,Matriz - Recife
1612,03-07-2024,Bermuda Jeans,Vestuário,1,"27,42",pix,Matriz - Recife
6719,2025-11-23,Organizador de Gaveta,Casa e Utilidades,1,"31,89",pix,Matriz - Recife
6228,16/10/2025,Boné Aba Reta,Vestuário,2,"111,55",Cartão de Débito,Matriz - Recife
183,01/02/2024,boné aba reta,Vestuário,1,"112,69",Cartão de Crédito,Matriz - Recife
3869,03-03-2025,Vela Aromática,Casa e Utilidades,3,"32,71",Dinheiro,Matriz - Recife
1930,09-08-2024,Carregador USB-C,Eletrônicos,2,"14,80",Pix,Matriz - Recife
6090,2025-10-02,Jogo de Toalhas,Casa e Utilidades,1,"95,56",Pix,Matriz - Recife
6068,30-09-2025,Porta Sabonete,Casa e Utilidades,3,"149,59",Dinheiro,Matriz - Recife
835,2024-04-27,marcador de texto,Papelaria,1,"96,02",Cartão de Crédito,Matriz - Recife
2213,13-09-2024,Barra de Cereal,ALIMENTOS,1,"132,83",Cartão de Crédito,Matriz - Recife
5040,16/06/2025,Barra de Cereal,Alimentos,1,"133,54",Cartão de Crédito,Matriz - Recife
1141,25/05/2024,Kit Panelas Antiaderente,Casa e Utilidades,1,"244,53",Cartão de Débito,Matriz - Recife
6269,21-10-2025,Bermuda Jeans,VESTUÁRIO,1,"27,33",Dinheiro,Matriz - Recife
2864,18-11-2024,Boné Aba Reta,Vestuário,1,"111,42",Cartão de Crédito,Matriz - Recife
4072,2025-03-23,Café Torrado 500g,Alimentos,1,"14,74",PIX,Matriz - Recife
848,2024-04-28,Mochila Escolar,Papelaria,2,"200,98",Pix,Matriz - Recife
3852,01/03/2025,Estojo Simples,Papelaria,5,"169,50",pix,Matriz - Recife
3470,2025-01-05,Meia Esportiva,Vestuário,5,"16,25",Cartão de Débito,Matriz - Recife
585,29/03/2024,Biscoito Recheado,ALIMENTOS,1,"58,06",PIX,Matriz - Recife
5717,2025-08-21,Boné Aba Reta,Vestuário,5,"109,86",pix,Matriz - Recife
3305,2024-12-23,Camiseta Básica,Vestuário,1,"215,63",PIX,Matriz - Recife
5013,2025-06-12,Boné Aba Reta,Vestuário,5,"110,73",pix,Matriz - Recife
6870,2025-12-02,Boné Aba Reta,Vestuário,2,"103,61",Pix,Matriz - Recife
1620,04-07-2024,Caneta Esferográfica,Papelaria,3,"9,78",pix,Matriz - Recife
6704,22-11-2025,Cabo HDMI,Eletrônicos,2,"66,34",Pix,Matriz - Recife
6198,2025-10-13,chinelo de dedo,Vestuário,3,"139,86",pix,Matriz - Recife
5962,2025-09-16,Caneta Esferográfica,Papelaria,2,"10,12",pix,Matriz - Recife
2377,01/10/2024,Caneta Esferográfica,PAPELARIA,2,"8,83",Dinheiro,Matriz - Recife
2115,01/09/2024,Jogo de Toalhas,Casa e Utilidades,1,"86,39",Pix,Matriz - Recife
2823,16-11-2024,Carregador USB-C,,2,"14,27",Cartão de Débito,Matriz - Recife
1025,2024-05-14,Água de Coco 500ml,Alimentos,1,"66,22",Pix,Matriz - Recife
7126,2025-12-20,Bermuda Jeans,VESTUÁRIO,2,"30,71",pix,Matriz - Recife
5810,31/08/2025,biscoito recheado,Alimentos,1,"55,36",Cartão de Débito,Matriz - Recife
5121,22/06/2025,jogo de toalhas,Casa e Utilidades,1,"95,28",pix,Matriz - Recife
6602,2025-11-14,Caixa de Som Portátil,ELETRÔNICOS,2,"69,93",PIX,Matriz - Recife
560,25/03/2024,caneta esferográfica,Papelaria,2,"9,25",PIX,Matriz - Recife
3961,2025-03-11,Boné Aba Reta,Vestuário,-3,"109,70",,Matriz - Recife
2675,02-11-2024,barra de cereal,ALIMENTOS,1,"136,36",PIX,Matriz - Recife
6953,08-12-2025,Mochila Escolar,Papelaria,2,"187,85",,Matriz - Recife
4795,28/05/2025,amendoim torrado,Alimentos,1,"146,85",Pix,Matriz - Recife
6986,2025-12-11,jogo de toalhas,Casa e Utilidades,1,"90,89",pix,Matriz - Recife
4445,2025-05-01,Barra de Cereal,Alimentos,2,"141,22",Cartão de Crédito,Matriz - Recife
6555,11/11/2025,Amendoim Torrado,ALIMENTOS,1,"162,11",Cartão de Débito,Matriz - Recife
1827,29/07/2024,Caixa de Som Portátil,Eletrônicos,2,"72,46",Cartão de Crédito,Matriz - Recife
2974,27/11/2024,Jaqueta Corta-Vento,Vestuário,5,"63,86",Cartão de Débito,Matriz - Recife
3997,15-03-2025,Mochila Escolar,Papelaria,1,"189,30",Pix,Matriz - Recife
3075,05/12/2024,Meia Esportiva,Vestuário,2,"14,55",Cartão de Crédito,Matriz - Recife
4256,11-04-2025,Camiseta Básica,Vestuário,1,"238,74",Dinheiro,Matriz - Recife
3320,24/12/2024,Caderno Universitário,Papelaria,2,"188,00",Dinheiro,Matriz - Recife
4498,04/05/2025,amendoim torrado,Alimentos,1,"138,99",Dinheiro,Matriz - Recife
1903,2024-08-07,Kit Panelas Antiaderente,Casa e Utilidades,2,"254,92",Pix,Matriz - Recife
1082,20-05-2024,Amendoim Torrado,Alimentos,5,"154,66",Cartão de Crédito,Matriz - Recife
571,27-03-2024,Camiseta Básica,Vestuário,2,"207,34",PIX,Matriz - Recife
1463,22-06-2024,Estojo Simples,PAPELARIA,3,"165,03",Dinheiro,Matriz - Recife
1919,08/08/2024,Camiseta Básica,Vestuário,2,"237,06",pix,Matriz - Recife
6389,2025-11-02,cola bastão,Papelaria,1,"45,33",PIX,Matriz - Recife
6748,24/11/2025,Carregador USB-C,Eletrônicos,1,"13,82",PIX,Matriz - Recife
6890,04-12-2025,Camiseta Básica,Vestuário,1,"238,19",Cartão de Débito,Matriz - Recife
2430,06/10/2024,Caneta Esferográfica,Papelaria,2,"10,13",Cartão de Crédito,Matriz - Recife
2411,04-10-2024,Suco de Caju 1L,Alimentos,5,"175,97",Cartão de Crédito,Matriz - Recife
985,11/05/2024,Cola Bastão,Papelaria,1,"42,16",pix,Matriz - Recife
3234,18-12-2024,Vela Aromática,Casa e Utilidades,2,"29,36",Dinheiro,Matriz - Recife
6926,06-12-2025,Cabo HDMI,Eletrônicos,2,"64,11",Cartão de Débito,Matriz - Recife
4801,29-05-2025,mouse sem fio,ELETRÔNICOS,1,"175,38",Dinheiro,Matriz - Recife
5429,22-07-2025,Porta Sabonete,Casa e Utilidades,3,"146,41",Pix,Matriz - Recife
5451,2025-07-24,Café Torrado 500g,Alimentos,1,"14,44",Dinheiro,Matriz - Recife
2914,2024-11-23,Fone de Ouvido Bluetooth,Eletrônicos,1,"168,38",Dinheiro,Matriz - Recife
3549,20-01-2025,Jogo de Toalhas,Casa e Utilidades,3,"94,89",pix,Matriz - Recife
1939,2024-08-10,Mouse Sem Fio,Eletrônicos,1,"172,87",Pix,Matriz - Recife
5094,2025-06-20,Café Torrado 500g,Alimentos,1,"14,12",Cartão de Crédito,Matriz - Recife
6416,03/11/2025,Suco de Caju 1L,ALIMENTOS,1,"162,88",Cartão de Débito,Matriz - Recife
443,2024-03-12,Power Bank 10000mAh,Eletrônicos,1,"184,95",Dinheiro,Matriz - Recife
7191,25/12/2025,Mochila Escolar,Papelaria,3,"197,74",Cartão de Débito,Matriz - Recife
6877,2025-12-03,biscoito recheado,Alimentos,1,"53,60",Pix,Matriz - Recife
4192,04-04-2025,Kit Panelas Antiaderente,Casa e Utilidades,1,"244,97",Pix,Matriz - Recife
3085,2024-12-05,Caixa de Som Portátil,Eletrônicos,2,"77,47",pix,Matriz - Recife
7113,19/12/2025,Água de Coco 500ml,Alimentos,1,"59,34",Cartão de Crédito,Matriz - Recife
6390,02/11/2025,Power Bank 10000mAh,Eletrônicos,3,"183,62",Cartão de Crédito,Matriz - Recife
4582,2025-05-11,Camiseta Básica,Vestuário,5,"239,73",pix,Matriz - Recife
1515,26-06-2024,Caderno Universitário,Papelaria,3,"194,43",Pix,Matriz - Recife
1628,05/07/2024,Power Bank 10000mAh,,5,"176,86",PIX,Matriz - Recife
1694,13/07/2024,Jaqueta Corta-Vento,Vestuário,2,"59,45",Cartão de Débito,Matriz - Recife
7237,2025-12-27,Caneta Esferográfica,Papelaria,1,"9,01",Pix,Matriz - Recife
3816,24-02-2025,caneta esferográfica,Papelaria,1,"10,06",Cartão de Crédito,Matriz - Recife
5590,07-08-2025,Barra de Cereal,Alimentos,2,"140,40",Dinheiro,Matriz - Recife
866,01-05-2024,Barra de Cereal,Alimentos,2,"137,49",Cartão de Crédito,Matriz - Recife
2641,30-10-2024,Power Bank 10000mAh,,1,"176,58",PIX,Matriz - Recife
1485,2024-06-23,Power Bank 10000mAh,Eletrônicos,4,"200,96",Cartão de Débito,Matriz - Recife
3082,2024-12-05,Amendoim Torrado,Alimentos,1,"152,31",Cartão de Débito,Matriz - Recife
2463,2024-10-09,Caneta Esferográfica,Papelaria,-5,"9,19",Cartão de Débito,Matriz - Recife
3172,12-12-2024,Cabo HDMI,Eletrônicos,2,"64,11",Cartão de Débito,Matriz - Recife
1334,2024-06-10,Camiseta Básica,Vestuário,2,"225,31",pix,Matriz - Recife
3042,02-12-2024,Fone de Ouvido Bluetooth,ELETRÔNICOS,3,"162,96",pix,Matriz - Recife
4323,18/04/2025,kit panelas antiaderente,Casa e Utilidades,1,"245,19",Cartão de Débito,Matriz - Recife
4857,01-06-2025,Caderno Universitário,Papelaria,1,"201,57",Cartão de Débito,Matriz - Recife
2429,06/10/2024,Cola Bastão,Papelaria,3,"45,48",Cartão de Crédito,Matriz - Recife
5666,15-08-2025,Suco de Caju 1L,Alimentos,2,"176,88",Cartão de Crédito,Matriz - Recife
5461,25-07-2025,Cola Bastão,Papelaria,1,"43,47",Cartão de Débito,Matriz - Recife
618,2024-04-02,Caneta Esferográfica,Papelaria,2,"8,84",Dinheiro,Matriz - Recife
1547,28/06/2024,jogo de toalhas,Casa e Utilidades,5,"85,20",Dinheiro,Matriz - Recife
3217,16/12/2024,Caneta Esferográfica,Papelaria,-3,"9,61",Cartão de Crédito,Matriz - Recife
1437,20-06-2024,jogo de toalhas,Casa e Utilidades,1,"82,71",PIX,Matriz - Recife
3993,2025-03-15,Fone de Ouvido Bluetooth,Eletrônicos,2,"149,76",Pix,Matriz - Recife
4463,2025-05-02,Porta Sabonete,Casa e Utilidades,2,"149,83",Pix,Matriz - Recife
5822,31-08-2025,Mochila Escolar,Papelaria,1,"197,27",PIX,Matriz - Recife
4623,15-05-2025,Jaqueta Corta-Vento,Vestuário,-4,"65,46",pix,Matriz - Recife
1031,15-05-2024,Café Torrado 500g,Alimentos,3,"15,30",Pix,Matriz - Recife
4310,2025-04-16,Caneta Esferográfica,Papelaria,2,"8,85",Cartão de Crédito,Matriz - Recife
3112,2024-12-08,Amendoim Torrado,Alimentos,1,"155,05",Dinheiro,Matriz - Recife
2755,10-11-2024,Barra de Cereal,Alimentos,5,"133,31",Cartão de Crédito,Matriz - Recife
2894,20/11/2024,Caderno Universitário,PAPELARIA,1,"209,46",Dinheiro,Matriz - Recife
1292,2024-06-07,Caixa de Som Portátil,ELETRÔNICOS,2,"79,89",Cartão de Crédito,Matriz - Recife
6977,11/12/2025,Café Torrado 500g,Alimentos,1,"13,97",PIX,Matriz - Recife
1378,13-06-2024,Organizador de Gaveta,Casa e Utilidades,3,"29,39",Cartão de Crédito,Matriz - Recife
7054,16/12/2025,cabo hdmi,Eletrônicos,2,"58,17",Cartão de Crédito,Matriz - Recife
4253,11-04-2025,Carregador USB-C,Eletrônicos,3,"14,51",Pix,Matriz - Recife
4337,19/04/2025,Caixa de Som Portátil,Eletrônicos,1,"73,71",Pix,Matriz - Recife
6333,26/10/2025,Fone de Ouvido Bluetooth,Eletrônicos,-1,"164,29",Dinheiro,Matriz - Recife
6212,2025-10-14,escova de limpeza,Casa e Utilidades,-2,"197,57",Dinheiro,Matriz - Recife
166,2024-01-29,Jaqueta Corta-Vento,Vestuário,2,"57,92",Dinheiro,Matriz - Recife
3754,2025-02-15,Cabo HDMI,Eletrônicos,2,"66,87",Cartão de Débito,Matriz - Recife
5923,11/09/2025,Cabo HDMI,Eletrônicos,1,"60,23",Cartão de Débito,Matriz - Recife
2421,2024-10-05,Água de Coco 500ml,Alimentos,5,"57,83",Pix,Matriz - Recife
2004,2024-08-19,Caixa de Som Portátil,Eletrônicos,1,"78,28",Pix,Matriz - Recife
4128,28-03-2025,Chinelo de Dedo,Vestuário,1,"125,69",Dinheiro,Matriz - Recife
639,05-04-2024,Porta Sabonete,Casa e Utilidades,1,"151,08",Cartão de Crédito,Matriz - Recife
4122,28/03/2025,Caixa de Som Portátil,Eletrônicos,1,"80,09",pix,Matriz - Recife
2248,17/09/2024,camiseta básica,Vestuário,2,"236,84",pix,Matriz - Recife
1248,04-06-2024,Cabo HDMI,Eletrônicos,3,"57,28",Pix,Matriz - Recife
4875,01-06-2025,Vela Aromática,Casa e Utilidades,2,"28,35",Cartão de Crédito,Matriz - Recife
5638,2025-08-13,Caderno Universitário,Papelaria,1,"217,41",Cartão de Crédito,Matriz - Recife
3747,14/02/2025,Café Torrado 500g,Alimentos,3,"13,45",Cartão de Débito,Matriz - Recife
4603,2025-05-13,Boné Aba Reta,VESTUÁRIO,1,"110,87",PIX,Matriz - Recife
3550,20-01-2025,Organizador de Gaveta,Casa e Utilidades,2,"31,40",,Matriz - Recife
5362,17-07-2025,Fone de Ouvido Bluetooth,Eletrônicos,2,"161,19",Pix,Matriz - Recife
290,19-02-2024,Cabo HDMI,Eletrônicos,4,"63,48",PIX,Matriz - Recife
7045,2025-12-15,Jogo de Toalhas,Casa e Utilidades,3,"94,72",Dinheiro,Matriz - Recife
1877,04-08-2024,Fone de Ouvido Bluetooth,Eletrônicos,3,"162,59",Cartão de Débito,Matriz - Recife
1888,05/08/2024,Cola Bastão,Papelaria,1,"47,95",Cartão de Débito,Matriz - Recife
3313,23/12/2024,Chinelo de Dedo,Vestuário,1,"138,90",Cartão de Débito,Matriz - Recife
3352,26-12-2024,Boné Aba Reta,Vestuário,3,"109,66",PIX,Matriz - Recife
3014,30/11/2024,Caixa de Som Portátil,Eletrônicos,3,"70,20",PIX,Matriz - Recife
6825,2025-11-30,Bermuda Jeans,,2,"28,79",Cartão de Débito,Matriz - Recife
5033,14-06-2025,power bank 10000mah,Eletrônicos,4,"191,72",Cartão de Débito,Matriz - Recife
4914,2025-06-05,Fone de Ouvido Bluetooth,Eletrônicos,3,"152,87",Dinheiro,Matriz - Recife
5584,2025-08-07,Power Bank 10000mAh,Eletrônicos,4,"200,95",Dinheiro,Matriz - Recife
188,01/02/2024,Biscoito Recheado,Alimentos,1,"59,11",Pix,Matriz - Recife
4095,2025-03-25,Barra de Cereal,Alimentos,-1,"135,57",PIX,Matriz - Recife
2834,16/11/2024,Carregador USB-C,Eletrônicos,4,"12,99",Cartão de Débito,Matriz - Recife
6556,11-11-2025,Caixa de Som Portátil,Eletrônicos,1,"76,12",Pix,Matriz - Recife
142,25/01/2024,Kit Panelas Antiaderente,Casa e Utilidades,3,"240,34",pix,Matriz - Recife
3230,17-12-2024,Caneta Esferográfica,Papelaria,2,"10,11",Cartão de Débito,Matriz - Recife
5977,17-09-2025,Mouse Sem Fio,Eletrônicos,1,"169,17",pix,Matriz - Recife
6063,2025-09-29,Mouse Sem Fio,ELETRÔNICOS,5,"167,62",pix,Matriz - Recife
651,2024-04-07,Carregador USB-C,ELETRÔNICOS,1,"13,84",Cartão de Crédito,Matriz - Recife
4116,27-03-2025,Biscoito Recheado,ALIMENTOS,-1,"53,02",Dinheiro,Matriz - Recife
567,26-03-2024,Estojo Simples,Papelaria,2,"163,72",Pix,Matriz - Recife
2890,2024-11-20,Barra de Cereal,Alimentos,1,"149,77",Cartão de Débito,Matriz - Recife
1502,2024-06-25,Carregador USB-C,Eletrônicos,1,"15,14",pix,Matriz - Recife
2460,08-10-2024,Power Bank 10000mAh,Eletrônicos,1,"194,23",pix,Matriz - Recife
7169,23-12-2025,Power Bank 10000mAh,Eletrônicos,4,"198,36",Dinheiro,Matriz - Recife
5423,22/07/2025,Camiseta Básica,Vestuário,4,"224,36",Cartão de Crédito,Matriz - Recife
5599,09-08-2025,Carregador USB-C,Eletrônicos,2,"14,97",pix,Matriz - Recife
1393,16/06/2024,Cola Bastão,Papelaria,2,"45,18",Dinheiro,Matriz - Recife
6878,03/12/2025,Cola Bastão,Papelaria,2,"46,76",Pix,Matriz - Recife
3536,2025-01-19,Vela Aromática,Casa e Utilidades,1,"29,76",Cartão de Crédito,Matriz - Recife
2182,2024-09-09,Amendoim Torrado,Alimentos,2,"146,19",Dinheiro,Matriz - Recife
3220,2024-12-16,Caderno Universitário,Papelaria,1,"197,65",Dinheiro,Matriz - Recife
2634,28/10/2024,Cola Bastão,Papelaria,4,"46,85",Cartão de Crédito,Matriz - Recife
4236,09/04/2025,Fone de Ouvido Bluetooth,Eletrônicos,3,"155,80",Dinheiro,Matriz - Recife
1155,2024-05-26,Amendoim Torrado,Alimentos,3,"144,56",Cartão de Débito,Matriz - Recife
5090,20/06/2025,Caneta Esferográfica,Papelaria,2,"9,22",Cartão de Débito,Matriz - Recife
5252,2025-07-03,Água de Coco 500ml,ALIMENTOS,1,"60,50",Dinheiro,Matriz - Recife
1572,30/06/2024,Suco de Caju 1L,Alimentos,2,"154,10",Pix,Matriz - Recife
3151,2024-12-11,Cabo HDMI,Eletrônicos,1,"62,62",Pix,Matriz - Recife
5250,03/07/2025,Suco de Caju 1L,Alimentos,1,"167,81",PIX,Matriz - Recife
4895,04/06/2025,Cabo HDMI,Eletrônicos,4,"57,50",pix,Matriz - Recife
5200,28-06-2025,Cabo HDMI,Eletrônicos,2,"57,94",PIX,Matriz - Recife
825,26/04/2024,Caneta Esferográfica,PAPELARIA,1,"9,36",pix,Matriz - Recife
4277,2025-04-12,Amendoim Torrado,Alimentos,4,"159,98",Pix,Matriz - Recife
1203,31/05/2024,Mouse Sem Fio,Eletrônicos,1,"179,17",PIX,Matriz - Recife
1555,29/06/2024,Cola Bastão,Papelaria,2,"48,69",Cartão de Débito,Matriz - Recife
6453,04/11/2025,Jaqueta Corta-Vento,Vestuário,2,"64,82",PIX,Matriz - Recife
4349,2025-04-21,Biscoito Recheado,Alimentos,4,"60,17",Pix,Matriz - Recife
1308,08-06-2024,Chinelo de Dedo,,3,"123,41",Cartão de Crédito,Matriz - Recife
7298,2025-12-30,Água de Coco 500ml,Alimentos,1,"64,41",Cartão de Débito,Matriz - Recife
6784,27-11-2025,Mochila Escolar,Papelaria,2,"196,19",Cartão de Crédito,Matriz - Recife
5600,09/08/2025,Café Torrado 500g,Alimentos,1,"15,55",Cartão de Débito,Matriz - Recife
222,2024-02-09,Cabo HDMI,Eletrônicos,1,"65,61",PIX,Matriz - Recife
3982,2025-03-14,Power Bank 10000mAh,Eletrônicos,2,"192,76",Cartão de Débito,Matriz - Recife
3774,18/02/2025,Carregador USB-C,Eletrônicos,2,"14,43",PIX,Matriz - Recife
5352,2025-07-16,Amendoim Torrado,,1,"149,21",pix,Matriz - Recife
3109,08-12-2024,marcador de texto,PAPELARIA,1,"95,92",Dinheiro,Matriz - Recife
4004,2025-03-16,meia esportiva,Vestuário,1,"14,25",Pix,Matriz - Recife
5679,2025-08-17,Fone de Ouvido Bluetooth,Eletrônicos,3,"156,28",Cartão de Débito,Matriz - Recife
2298,23/09/2024,Caixa de Som Portátil,Eletrônicos,3,"77,34",Cartão de Débito,Matriz - Recife
5944,14-09-2025,vela aromática,Casa e Utilidades,1,"29,07",Pix,Matriz - Recife
5525,02/08/2025,Caixa de Som Portátil,ELETRÔNICOS,1,"72,13",PIX,Matriz - Recife
4930,06/06/2025,chinelo de dedo,Vestuário,4,"121,28",PIX,Matriz - Recife
3178,13/12/2024,Caneta Esferográfica,Papelaria,1,"9,20",Dinheiro,Matriz - Recife
1486,23/06/2024,Meia Esportiva,Vestuário,3,"16,17",pix,Matriz - Recife
2091,2024-08-30,Barra de Cereal,Alimentos,1,"132,17",Cartão de Crédito,Matriz - Recife
1176,2024-05-28,Meia Esportiva,VESTUÁRIO,5,"14,14",Cartão de Débito,Matriz - Recife
3012,30-11-2024,Porta Sabonete,,3,"149,77",Dinheiro,Matriz - Recife
2345,28/09/2024,Caixa de Som Portátil,ELETRÔNICOS,1,"70,44",PIX,Matriz - Recife
1166,27/05/2024,Bermuda Jeans,Vestuário,1,"27,09",Pix,Matriz - Recife
5615,2025-08-11,amendoim torrado,Alimentos,1,"158,84",Dinheiro,Matriz - Recife
2037,23-08-2024,Vela Aromática,Casa e Utilidades,3,"31,14",Pix,Matriz - Recife
4508,05/05/2025,carregador usb-c,Eletrônicos,1,"14,64",Dinheiro,Matriz - Recife
2887,2024-11-20,Chinelo de Dedo,Vestuário,2,"130,05",pix,Matriz - Recife
3411,2024-12-30,escova de limpeza,Casa e Utilidades,2,"211,31",Pix,Matriz - Recife
5699,2025-08-19,Cabo HDMI,Eletrônicos,3,"64,80",pix,Matriz - Recife
4065,22-03-2025,Carregador USB-C,Eletrônicos,1,"13,07",,Matriz - Recife
3207,15/12/2024,Estojo Simples,Papelaria,1,"169,70",Cartão de Crédito,Matriz - Recife
1056,18-05-2024,Café Torrado 500g,Alimentos,3,"13,73",Pix,Matriz - Recife
3069,04/12/2024,Porta Sabonete,Casa e Utilidades,4,"157,68",Pix,Matriz - Recife
2826,16-11-2024,Fone de Ouvido Bluetooth,,1,"154,94",Pix,Matriz - Recife
4567,10/05/2025,Porta Sabonete,Casa e Utilidades,5,"160,31",PIX,Matriz - Recife
1772,2024-07-22,Jogo de Toalhas,Casa e Utilidades,1,"86,61",Cartão de Débito,Matriz - Recife
3913,06/03/2025,Caixa de Som Portátil,Eletrônicos,3,"75,32",pix,Matriz - Recife
1107,22/05/2024,Boné Aba Reta,Vestuário,1,"104,64",pix,Matriz - Recife
5168,26-06-2025,carregador usb-c,Eletrônicos,1,"14,85",Cartão de Débito,Matriz - Recife
2297,23/09/2024,Barra de Cereal,Alimentos,1,"135,67",PIX,Matriz - Recife
3868,03-03-2025,Caderno Universitário,Papelaria,1,"192,82",Cartão de Crédito,Matriz - Recife
6766,25-11-2025,Amendoim Torrado,Alimentos,3,"144,75",Dinheiro,Matriz - Recife
378,05/03/2024,Cola Bastão,Papelaria,1,"47,35",Cartão de Débito,Matriz - Recife
5284,2025-07-07,Marcador de Texto,Papelaria,2,"87,04",Pix,Matriz - Recife
746,18-04-2024,Power Bank 10000mAh,ELETRÔNICOS,1,"186,30",Cartão de Débito,Matriz - Recife
14,03/01/2024,Estojo Simples,Papelaria,1,"165,54",PIX,Matriz - Recife
4037,2025-03-19,Jogo de Toalhas,Casa e Utilidades,3,"83,20",pix,Matriz - Recife
6300,23/10/2025,Power Bank 10000mAh,Eletrônicos,1,"182,36",Pix,Matriz - Recife
6577,13/11/2025,Boné Aba Reta,Vestuário,1,"115,34",Pix,Matriz - Recife
5681,17/08/2025,Bermuda Jeans,VESTUÁRIO,4,"28,05",PIX,Matriz - Recife
1586,2024-06-30,Estojo Simples,,1,"178,86",Pix,Matriz - Recife
1976,15/08/2024,Amendoim Torrado,Alimentos,3,"158,06",Cartão de Crédito,Matriz - Recife
4768,27-05-2025,bermuda jeans,Vestuário,1,"29,17",PIX,Matriz - Recife
5111,21/06/2025,Chinelo de Dedo,,1,"133,95",Pix,Matriz - Recife
7233,27/12/2025,Fone de Ouvido Bluetooth,Eletrônicos,-3,"166,57",Pix,Matriz - Recife
5565,05/08/2025,Amendoim Torrado,Alimentos,4,"149,20",Cartão de Débito,Matriz - Recife
6268,2025-10-20,Biscoito Recheado,Alimentos,-1,"53,08",Dinheiro,Matriz - Recife
557,25-03-2024,Biscoito Recheado,ALIMENTOS,4,"56,45",Cartão de Crédito,Matriz - Recife
6221,2025-10-15,Fone de Ouvido Bluetooth,Eletrônicos,1,"160,79",Cartão de Crédito,Matriz - Recife
6580,13-11-2025,Cabo HDMI,Eletrônicos,1,"64,03",Pix,Matriz - Recife
3259,2024-12-20,Camiseta Básica,Vestuário,2,"228,95",PIX,Matriz - Recife
6429,04-11-2025,Mochila Escolar,Papelaria,3,"209,28",PIX,Matriz - Recife
2691,04/11/2024,Porta Sabonete,Casa e Utilidades,1,"159,37",PIX,Matriz - Recife
1650,07-07-2024,Kit Panelas Antiaderente,Casa e Utilidades,1,"250,83",Pix,Matriz - Recife
4440,01-05-2025,Bermuda Jeans,Vestuário,-2,"27,61",Cartão de Débito,Matriz - Recife
1011,13-05-2024,Cola Bastão,Papelaria,2,"45,53",PIX,Matriz - Recife
7194,2025-12-25,Porta Sabonete,CASA E UTILIDADES,1,"159,87",Cartão de Débito,Matriz - Recife
1538,27/06/2024,camiseta básica,Vestuário,3,"211,07",Dinheiro,Matriz - Recife
1235,2024-06-03,Jogo de Toalhas,Casa e Utilidades,3,"92,16",Pix,Matriz - Recife
1106,21-05-2024,Mouse Sem Fio,Eletrônicos,1,"175,11",Cartão de Crédito,Matriz - Recife
3429,31/12/2024,Biscoito Recheado,Alimentos,1,"55,43",Pix,Matriz - Recife
5174,2025-06-26,Jaqueta Corta-Vento,Vestuário,2,"65,10",PIX,Matriz - Recife
5047,2025-06-16,Caneta Esferográfica,Papelaria,1,"8,91",Pix,Matriz - Recife
652,2024-04-07,Mochila Escolar,PAPELARIA,1,"217,35",pix,Matriz - Recife
7031,2025-12-14,Organizador de Gaveta,Casa e Utilidades,4,"33,90",Cartão de Débito,Matriz - Recife
5562,05-08-2025,Bermuda Jeans,Vestuário,-2,"26,85",pix,Matriz - Recife
6365,30-10-2025,Fone de Ouvido Bluetooth,Eletrônicos,4,"158,29",Cartão de Débito,Matriz - Recife
6691,21-11-2025,fone de ouvido bluetooth,Eletrônicos,2,"153,55",Pix,Matriz - Recife
6162,09-10-2025,Água de Coco 500ml,ALIMENTOS,5,"65,71",Dinheiro,Matriz - Recife
4575,2025-05-11,Mouse Sem Fio,Eletrônicos,2,"160,67",Pix,Matriz - Recife
4809,29-05-2025,Amendoim Torrado,Alimentos,2,"149,06",Dinheiro,Matriz - Recife
245,12-02-2024,Camiseta Básica,Vestuário,2,"238,74",Cartão de Crédito,Matriz - Recife
4210,06-04-2025,Carregador USB-C,Eletrônicos,1,"13,75",Pix,Matriz - Recife
3631,30/01/2025,Cabo HDMI,Eletrônicos,5,"60,76",pix,Matriz - Recife
1023,2024-05-14,Cola Bastão,,2,"45,87",Dinheiro,Matriz - Recife
918,05-05-2024,Jaqueta Corta-Vento,Vestuário,2,"59,73",PIX,Matriz - Recife
6755,2025-11-25,Biscoito Recheado,Alimentos,1,"54,75",Dinheiro,Matriz - Recife
813,25-04-2024,Boné Aba Reta,Vestuário,2,"116,02",Dinheiro,Matriz - Recife
6451,2025-11-04,Cola Bastão,Papelaria,1,"46,77",pix,Matriz - Recife
2533,17/10/2024,Estojo Simples,,1,"179,22",Dinheiro,matriz-recife
3415,30-12-2024,Mochila Escolar,Papelaria,1,"204,81",Cartão de Débito,Matriz - Recife
6035,2025-09-25,Chinelo de Dedo,Vestuário,1,"130,10",Dinheiro,Matriz - Recife
5117,21-06-2025,Mochila Escolar,Papelaria,1,"211,83",PIX,Matriz - Recife
437,2024-03-11,Café Torrado 500g,Alimentos,2,"15,46",Cartão de Crédito,Matriz - Recife
7082,17/12/2025,Biscoito Recheado,Alimentos,1,"60,55",Pix,Matriz - Recife
6093,02/10/2025,Caneta Esferográfica,Papelaria,1,"9,50",Pix,Matriz - Recife
1864,2024-08-03,Amendoim Torrado,Alimentos,1,"157,68",Pix,Matriz - Recife
3374,27-12-2024,Power Bank 10000mAh,ELETRÔNICOS,1,"180,85",Pix,Matriz - Recife
4904,2025-06-04,caixa de som portátil,Eletrônicos,4,"69,39",pix,Matriz - Recife
4086,25/03/2025,Marcador de Texto,Papelaria,1,"87,35",PIX,Matriz - Recife
6535,2025-11-09,Boné Aba Reta,Vestuário,3,"116,66",Pix,Matriz - Recife
5264,2025-07-04,Porta Sabonete,Casa e Utilidades,1,"145,54",Cartão de Crédito,Matriz - Recife
674,09/04/2024,Bermuda Jeans,Vestuário,3,"27,00",pix,Matriz - Recife
4239,09-04-2025,Bermuda Jeans,Vestuário,4,"28,14",pix,Matriz - Recife
4022,18-03-2025,Boné Aba Reta,Vestuário,3,"102,54",Cartão de Crédito,Matriz - Recife
6929,06-12-2025,Organizador de Gaveta,Casa e Utilidades,3,"29,74",Dinheiro,Matriz - Recife
1639,06-07-2024,Água de Coco 500ml,Alimentos,1,"62,03",Cartão de Crédito,Matriz - Recife
1935,09-08-2024,Suco de Caju 1L,Alimentos,2,"154,14",PIX,Matriz - Recife
4002,16-03-2025,Jaqueta Corta-Vento,VESTUÁRIO,1,"64,88",Cartão de Crédito,Matriz - Recife
1617,04/07/2024,Estojo Simples,PAPELARIA,1,"175,33",PIX,Matriz - Recife
2640,29/10/2024,Carregador USB-C,ELETRÔNICOS,3,"13,57",Pix,Matriz - Recife
5552,04-08-2025,amendoim torrado,Alimentos,1,"156,65",Pix,Matriz - Recife
5749,25-08-2025,Barra de Cereal,Alimentos,1,"141,81",pix,Matriz - Recife
5247,01-07-2025,Kit Panelas Antiaderente,Casa e Utilidades,4,"256,80",Dinheiro,Matriz - Recife
1786,24/07/2024,Biscoito Recheado,ALIMENTOS,5,"53,63",pix,Matriz - Recife
2329,25-09-2024,Café Torrado 500g,Alimentos,3,"14,95",Cartão de Débito,Matriz - Recife
565,26/03/2024,meia esportiva,Vestuário,2,"14,79",Pix,Matriz - Recife
4777,2025-05-27,Carregador USB-C,Eletrônicos,4,"14,30",Cartão de Crédito,Matriz - Recife
2220,14-09-2024,Carregador USB-C,Eletrônicos,3,"13,77",PIX,Matriz - Recife
3410,30-12-2024,Escova de Limpeza,Casa e Utilidades,3,"210,26",Pix,Matriz - Recife
7112,2025-12-19,Escova de Limpeza,CASA E UTILIDADES,2,"199,28",Cartão de Débito,Matriz - Recife
204,04/02/2024,Organizador de Gaveta,Casa e Utilidades,3,"30,55",Cartão de Crédito,Matriz - Recife
2537,17/10/2024,Amendoim Torrado,ALIMENTOS,4,"143,33",Cartão de Débito,Matriz - Recife
4707,2025-05-23,Mouse Sem Fio,Eletrônicos,1,"162,78",Cartão de Crédito,Matriz - Recife
6376,31-10-2025,Cola Bastão,Papelaria,3,"43,03",Cartão de Débito,Matriz - Recife
494,18-03-2024,Cola Bastão,Papelaria,3,"47,34",Cartão de Crédito,Matriz - Recife
6693,21/11/2025,Amendoim Torrado,Alimentos,1,"162,21",Dinheiro,Matriz - Recife
3915,06/03/2025,Café Torrado 500g,Alimentos,3,"14,25",Pix,Matriz - Recife
5778,28-08-2025,Jogo de Toalhas,Casa e Utilidades,1,"86,46",Cartão de Crédito,Matriz - Recife
4092,2025-03-25,Jaqueta Corta-Vento,Vestuário,2,"62,50",Cartão de Débito,Matriz - Recife
3471,2025-01-06,Cabo HDMI,Eletrônicos,2,"65,47",Cartão de Crédito,Matriz - Recife
2214,13/09/2024,Power Bank 10000mAh,Eletrônicos,4,"177,38",Dinheiro,Matriz - Recife
6529,09/11/2025,Mochila Escolar,Papelaria,1,"207,52",Cartão de Crédito,Matriz - Recife
2196,2024-09-11,Marcador de Texto,Papelaria,2,"95,64",Dinheiro,Matriz - Recife
2480,11-10-2024,Boné Aba Reta,Vestuário,3,"108,51",Cartão de Crédito,Matriz - Recife
3655,02-02-2025,Bermuda Jeans,Vestuário,5,"27,05",Cartão de Débito,Matriz - Recife
6520,09/11/2025,Jaqueta Corta-Vento,,3,"56,73",Cartão de Débito,Matriz - Recife
3519,2025-01-15,Amendoim Torrado,Alimentos,2,"160,30",Cartão de Débito,Matriz - Recife
3336,25-12-2024,Suco de Caju 1L,Alimentos,1,"174,58",PIX,Matriz - Recife
7166,23/12/2025,Camiseta Básica,Vestuário,1,"228,68",pix,Matriz - Recife
152,2024-01-27,Bermuda Jeans,VESTUÁRIO,2,"28,58",Pix,Matriz - Recife
5912,2025-09-10,Mochila Escolar,Papelaria,2,"197,77",Pix,Matriz - Recife
446,2024-03-12,meia esportiva,Vestuário,2,"15,73",PIX,Matriz - Recife
2857,18-11-2024,Jaqueta Corta-Vento,Vestuário,3,"57,46",Pix,Matriz - Recife
1816,27/07/2024,Cabo HDMI,,4,"65,23",Dinheiro,Matriz - Recife
3588,26/01/2025,Amendoim Torrado,Alimentos,2,"144,40",Cartão de Débito,Matriz - Recife
4647,17/05/2025,cola bastão,Papelaria,1,"42,32",pix,Matriz - Recife
6233,2025-10-16,Café Torrado 500g,Alimentos,3,"14,44",Cartão de Crédito,Matriz - Recife
3257,19/12/2024,Boné Aba Reta,Vestuário,1,"114,61",pix,Matriz - Recife
4956,08/06/2025,Boné Aba Reta,Vestuário,1,"110,35",Cartão de Crédito,Matriz - Recife
7190,25-12-2025,Barra de Cereal,Alimentos,1,"149,99",pix,Matriz - Recife
4192,04-04-2025,Kit Panelas Antiaderente,Casa e Utilidades,1,"244,97",Pix,Matriz - Recife
5864,2025-09-05,Chinelo de Dedo,Vestuário,2,"125,83",PIX,Matriz - Recife
5605,2025-08-10,Cabo HDMI,Eletrônicos,2,"64,46",Cartão de Crédito,Matriz - Recife
4745,25-05-2025,Jaqueta Corta-Vento,VESTUÁRIO,5,"63,77",Cartão de Crédito,Matriz - Recife
7095,18-12-2025,jaqueta corta-vento,Vestuário,5,"63,96",PIX,Matriz - Recife
5910,10-09-2025,Marcador de Texto,Papelaria,4,"85,55",Cartão de Crédito,Matriz - Recife
1420,19-06-2024,Amendoim Torrado,ALIMENTOS,3,"145,49",PIX,Matriz - Recife
7249,28/12/2025,cabo hdmi,Eletrônicos,1,"66,93",Cartão de Crédito,Matriz - Recife
4880,02/06/2025,Água de Coco 500ml,Alimentos,3,"58,35",Dinheiro,Matriz - Recife
4462,02/05/2025,Kit Panelas Antiaderente,Casa e Utilidades,2,"242,48",Cartão de Crédito,Matriz - Recife
3926,08-03-2025,Mochila Escolar,Papelaria,1,"216,22",Pix,Matriz - Recife
74,12/01/2024,Camiseta Básica,Vestuário,2,"240,72",PIX,Matriz - Recife
4500,05/05/2025,Biscoito Recheado,Alimentos,1,"53,98",pix,Matriz - Recife
4966,2025-06-08,Café Torrado 500g,Alimentos,1,"13,46",pix,Matriz - Recife
1747,19-07-2024,Vela Aromática,Casa e Utilidades,3,"32,52",PIX,Matriz - Recife
3693,06/02/2025,Jaqueta Corta-Vento,Vestuário,2,"59,55",Dinheiro,Matriz - Recife
3623,2025-01-29,Jaqueta Corta-Vento,Vestuário,1,"61,28",PIX,Matriz - Recife
1949,11/08/2024,Caderno Universitário,Papelaria,1,"214,08",Cartão de Crédito,Matriz - Recife
4096,26/03/2025,Chinelo de Dedo,VESTUÁRIO,1,"129,85",pix,Matriz - Recife
6108,04-10-2025,Camiseta Básica,VESTUÁRIO,2,"232,58",pix,Matriz - Recife
911,05/05/2024,Organizador de Gaveta,Casa e Utilidades,1,"29,94",Dinheiro,Matriz - Recife
4315,2025-04-17,Carregador USB-C,Eletrônicos,4,"12,99",Cartão de Crédito,Matriz - Recife
7213,2025-12-26,Escova de Limpeza,Casa e Utilidades,1,"204,38",Dinheiro,Matriz - Recife
4907,2025-06-04,Caneta Esferográfica,Papelaria,2,"9,02",Dinheiro,Matriz - Recife
1968,14/08/2024,jaqueta corta-vento,Vestuário,-1,"57,39",pix,Matriz - Recife
1073,2024-05-20,Cabo HDMI,Eletrônicos,3,"61,03",PIX,Matriz - Recife
2831,2024-11-16,Marcador de Texto,Papelaria,3,"92,67",pix,Matriz - Recife
4489,04/05/2025,Camiseta Básica,Vestuário,1,"237,48",pix,Matriz - Recife
6173,10-10-2025,cabo hdmi,Eletrônicos,1,"62,56",Pix,Matriz - Recife
4779,27-05-2025,Power Bank 10000mAh,Eletrônicos,3,"177,61",PIX,Matriz - Recife
3202,2024-12-15,fone de ouvido bluetooth,Eletrônicos,2,"157,14",Cartão de Crédito,Matriz - Recife
6342,27/10/2025,Carregador USB-C,Eletrônicos,2,"13,40",Pix,Matriz - Recife
5693,2025-08-18,Meia Esportiva,Vestuário,1,"15,60",Pix,Matriz - Recife
5145,2025-06-24,Jogo de Toalhas,Casa e Utilidades,2,"91,22",Pix,Matriz - Recife
4858,01/06/2025,Camiseta Básica,Vestuário,2,"224,55",Cartão de Débito,Matriz - Recife
2854,18-11-2024,Caixa de Som Portátil,Eletrônicos,4,"71,66",Dinheiro,Matriz - Recife
5582,2025-08-07,caderno universitário,Papelaria,1,"200,69",,Matriz - Recife
5752,25/08/2025,Vela Aromática,Casa e Utilidades,1,"32,87",PIX,Matriz - Recife
1037,16-05-2024,Meia Esportiva,Vestuário,1,"14,23",Cartão de Crédito,Matriz - Recife
5081,2025-06-19,Marcador de Texto,Papelaria,1,"96,53",Pix,Matriz - Recife
1030,15-05-2024,Escova de Limpeza,Casa e Utilidades,2,"198,79",pix,Matriz - Recife
3132,09/12/2024,Cabo HDMI,Eletrônicos,3,"62,96",Cartão de Débito,Matriz - Recife
3394,2024-12-29,Camiseta Básica,VESTUÁRIO,1,"220,88",Cartão de Débito,Matriz - Recife
591,2024-03-30,Mochila Escolar,Papelaria,2,"215,14",Cartão de Débito,Matriz - Recife
1770,22-07-2024,Barra de Cereal,Alimentos,2,"146,40",Dinheiro,Matriz - Recife
6255,2025-10-18,bermuda jeans,Vestuário,2,"29,81",pix,Matriz - Recife
880,2024-05-02,Carregador USB-C,Eletrônicos,1,"14,95",Cartão de Crédito,Matriz - Recife
796,24-04-2024,Vela Aromática,Casa e Utilidades,1,"32,61",Dinheiro,Matriz - Recife
7275,30/12/2025,Bermuda Jeans,Vestuário,1,"28,69",Dinheiro,Matriz - Recife
4262,11-04-2025,Bermuda Jeans,VESTUÁRIO,1,"29,86",,Matriz - Recife
5411,21/07/2025,Caneta Esferográfica,Papelaria,4,"10,33",Dinheiro,Matriz - Recife
4569,10/05/2025,Caixa de Som Portátil,Eletrônicos,1,"71,55",pix,Matriz - Recife
6761,25-11-2025,Jogo de Toalhas,Casa e Utilidades,2,"87,72",Dinheiro,Matriz - Recife
5803,30/08/2025,Jogo de Toalhas,Casa e Utilidades,-2,"86,01",Cartão de Crédito,Matriz - Recife
2236,15/09/2024,Barra de Cereal,Alimentos,1,"134,29",Pix,Matriz - Recife
2780,12/11/2024,Meia Esportiva,VESTUÁRIO,2,"14,63",Cartão de Débito,Matriz - Recife
4194,2025-04-04,Camiseta Básica,Vestuário,2,"225,03",pix,Matriz - Recife
6647,2025-11-18,Kit Panelas Antiaderente,Casa e Utilidades,1,"232,08",Cartão de Débito,Matriz - Recife
3796,20/02/2025,barra de cereal,Alimentos,1,"146,42",Cartão de Débito,Matriz - Recife
5255,03/07/2025,Caneta Esferográfica,Papelaria,1,"9,15",PIX,Matriz - Recife
372,03/03/2024,Caixa de Som Portátil,,3,"72,81",Dinheiro,Matriz - Recife
5999,20/09/2025,Vela Aromática,Casa e Utilidades,4,"30,62",pix,Matriz - Recife
4633,2025-05-15,Carregador USB-C,Eletrônicos,2,"14,99",PIX,Matriz - Recife
1451,2024-06-21,mochila escolar,Papelaria,3,"191,00",Cartão de Débito,Matriz - Recife
5608,10/08/2025,Jaqueta Corta-Vento,Vestuário,2,"62,96",pix,Matriz - Recife
3445,02-01-2025,Cabo HDMI,Eletrônicos,3,"65,31",Pix,Matriz - Recife
2277,21/09/2024,Bermuda Jeans,Vestuário,1,"27,68",Dinheiro,Matriz - Recife
5265,2025-07-04,café torrado 500g,Alimentos,2,"13,82",Cartão de Débito,Matriz - Recife
6432,04/11/2025,Jaqueta Corta-Vento,Vestuário,2,"58,35",pix,Matriz - Recife
326,25-02-2024,Amendoim Torrado,Alimentos,1,"154,75",Cartão de Crédito,Matriz - Recife
2693,04/11/2024,Jaqueta Corta-Vento,Vestuário,1,"56,61",Cartão de Crédito,Matriz - Recife
107,20/01/2024,Jaqueta Corta-Vento,VESTUÁRIO,2,"62,76",pix,Matriz - Recife
4158,31-03-2025,Caneta Esferográfica,,5,"8,95",Pix,Matriz - Recife
1458,2024-06-21,mochila escolar,,3,"189,69",PIX,Matriz - Recife
4318,17-04-2025,Suco de Caju 1L,ALIMENTOS,-2,"168,82",pix,Matriz - Recife
3698,07/02/2025,Suco de Caju 1L,Alimentos,3,"153,22",PIX,Matriz - Recife
6430,04/11/2025,mochila escolar,Papelaria,2,"186,94",,Matriz - Recife
4619,14-05-2025,Água de Coco 500ml,,2,"61,54",Cartão de Crédito,Matriz - Recife
5400,20-07-2025,Marcador de Texto,Papelaria,2,"87,91",Dinheiro,Matriz - Recife
3216,2024-12-16,Mouse Sem Fio,Eletrônicos,2,"178,91",Pix,Matriz - Recife
4630,15-05-2025,Barra de Cereal,Alimentos,5,"129,79",Dinheiro,Matriz - Recife
2268,19-09-2024,mouse sem fio,Eletrônicos,2,"170,01",Cartão de Crédito,Matriz - Recife
1938,10-08-2024,Estojo Simples,Papelaria,3,"184,51",pix,Matriz - Recife
361,01/03/2024,marcador de texto,PAPELARIA,2,"86,43",PIX,Matriz - Recife
4836,30-05-2025,Mouse Sem Fio,Eletrônicos,1,"175,27",Cartão de Débito,Matriz - Recife
3949,10-03-2025,Jaqueta Corta-Vento,Vestuário,1,"59,75",PIX,Matriz - Recife
5237,01-07-2025,Caixa de Som Portátil,Eletrônicos,1,"70,43",pix,Matriz - Recife
3327,25-12-2024,Mouse Sem Fio,Eletrônicos,1,"184,12",Pix,Matriz - Recife
7195,2025-12-25,Jaqueta Corta-Vento,Vestuário,4,"56,76",pix,Matriz - Recife
601,31/03/2024,Jaqueta Corta-Vento,VESTUÁRIO,4,"62,44",Cartão de Crédito,Matriz - Recife
3952,10/03/2025,Camiseta Básica,Vestuário,3,"217,98",Cartão de Débito,Matriz - Recife
633,04-04-2024,Vela Aromática,Casa e Utilidades,1,"32,32",Dinheiro,Matriz - Recife
3590,26-01-2025,mochila escolar,Papelaria,1,"193,58",Dinheiro,Matriz - Recife
1758,20-07-2024,Caixa de Som Portátil,Eletrônicos,3,"76,87",Dinheiro,Matriz - Recife
3271,21/12/2024,Barra de Cereal,Alimentos,5,"134,78",Cartão de Crédito,Matriz - Recife
2574,22-10-2024,bermuda jeans,Vestuário,1,"29,78",Pix,Matriz - Recife
7108,19-12-2025,Organizador de Gaveta,Casa e Utilidades,2,"31,74",Cartão de Crédito,Matriz - Recife
2285,22/09/2024,Carregador USB-C,Eletrônicos,3,"13,41",pix,Matriz - Recife
5770,26-08-2025,Cabo HDMI,Eletrônicos,1,"61,99",PIX,Matriz - Recife
881,2024-05-02,Power Bank 10000mAh,Eletrônicos,1,"185,45",pix,Matriz - Recife
6960,2025-12-09,Camiseta Básica,Vestuário,4,"218,55",Pix,Matriz - Recife
4652,17-05-2025,Jogo de Toalhas,CASA E UTILIDADES,2,"90,77",PIX,Matriz - Recife
6840,30/11/2025,Jogo de Toalhas,Casa e Utilidades,1,"93,43",Cartão de Crédito,Matriz - Recife
2348,28-09-2024,Caixa de Som Portátil,Eletrônicos,5,"77,22",,Matriz - Recife
151,26/01/2024,Cabo HDMI,Eletrônicos,2,"64,64",Dinheiro,Matriz - Recife
250,2024-02-12,Chinelo de Dedo,Vestuário,1,"120,79",PIX,Matriz - Recife
982,2024-05-11,Jogo de Toalhas,Casa e Utilidades,1,"89,11",Pix,Matriz - Recife
2257,18/09/2024,Caderno Universitário,Papelaria,2,"192,01",Cartão de Débito,Matriz - Recife
6349,28/10/2025,Café Torrado 500g,Alimentos,-1,"14,68",pix,Matriz - Recife
686,10/04/2024,Meia Esportiva,Vestuário,4,"14,96",Cartão de Crédito,Matriz - Recife
5085,2025-06-20,Biscoito Recheado,ALIMENTOS,4,"58,94",Pix,Matriz - Recife
3958,11-03-2025,Café Torrado 500g,Alimentos,1,"15,36",Cartão de Crédito,Matriz - Recife
6051,27/09/2025,Escova de Limpeza,Casa e Utilidades,2,"220,17",pix,Matriz - Recife
3585,2025-01-25,Vela Aromática,Casa e Utilidades,5,"32,72",Dinheiro,Matriz - Recife
5564,05/08/2025,Fone de Ouvido Bluetooth,Eletrônicos,1,"158,68",Dinheiro,Matriz - Recife
1126,2024-05-23,Estojo Simples,Papelaria,4,"181,73",Cartão de Débito,Matriz - Recife
5519,2025-08-01,Caderno Universitário,Papelaria,4,"209,07",Cartão de Crédito,Matriz - Recife
1669,2024-07-10,Café Torrado 500g,ALIMENTOS,1,"13,31",PIX,Matriz - Recife
6687,20-11-2025,Boné Aba Reta,VESTUÁRIO,4,"115,39",Cartão de Débito,Matriz - Recife
5966,16/09/2025,Marcador de Texto,Papelaria,2,"86,30",Dinheiro,Matriz - Recife
2048,2024-08-24,Amendoim Torrado,Alimentos,1,"146,42",Dinheiro,Matriz - Recife
4796,2025-05-28,cabo hdmi,Eletrônicos,3,"66,31",Cartão de Crédito,Matriz - Recife
176,2024-01-31,Jogo de Toalhas,Casa e Utilidades,2,"87,28",Dinheiro,Matriz - Recife
2266,2024-09-19,Jaqueta Corta-Vento,Vestuário,2,"64,18",Cartão de Débito,Matriz - Recife
2408,04/10/2024,Chinelo de Dedo,Vestuário,4,"128,19",Cartão de Crédito,Matriz - Recife
2023,21-08-2024,Porta Sabonete,Casa e Utilidades,1,"144,71",PIX,Matriz - Recife
1960,13-08-2024,Biscoito Recheado,Alimentos,1,"58,92",Pix,Matriz - Recife
710,13-04-2024,Marcador de Texto,Papelaria,1,"87,84",Pix,Matriz - Recife
7115,2025-12-19,Biscoito Recheado,Alimentos,2,"55,74",Cartão de Débito,Matriz - Recife
2804,2024-11-15,Marcador de Texto,Papelaria,1,"86,43",Cartão de Débito,Matriz - Recife
288,19/02/2024,Boné Aba Reta,Vestuário,2,"109,16",PIX,Matriz - Recife
5038,15-06-2025,Caixa de Som Portátil,Eletrônicos,1,"74,75",pix,Matriz - Recife
6027,24-09-2025,Porta Sabonete,Casa e Utilidades,1,"154,41",Pix,Matriz - Recife
5876,06/09/2025,Bermuda Jeans,Vestuário,5,"27,38",,Matriz - Recife
3602,27-01-2025,Porta Sabonete,Casa e Utilidades,3,"144,33",PIX,Matriz - Recife
5477,2025-07-27,Bermuda Jeans,Vestuário,1,"30,80",PIX,Matriz - Recife
2191,2024-09-10,Cola Bastão,Papelaria,3,"45,60",PIX,Matriz - Recife
6667,20-11-2025,Organizador de Gaveta,Casa e Utilidades,1,"33,76",Cartão de Crédito,Matriz - Recife
2957,2024-11-26,Caneta Esferográfica,Papelaria,2,"9,55",pix,Matriz - Recife
7052,15/12/2025,Cola Bastão,,1,"47,54",Cartão de Crédito,Matriz - Recife
5282,06/07/2025,chinelo de dedo,Vestuário,2,"129,64",Cartão de Crédito,Matriz - Recife
4380,25-04-2025,Caderno Universitário,Papelaria,1,"219,85",PIX,Matriz - Recife
5463,25-07-2025,escova de limpeza,,5,"228,32",Cartão de Débito,Matriz - Recife
5449,24-07-2025,Camiseta Básica,Vestuário,1,"231,17",PIX,Matriz - Recife
701,2024-04-12,Barra de Cereal,Alimentos,2,"146,82",Pix,Matriz - Recife
6888,03-12-2025,Kit Panelas Antiaderente,Casa e Utilidades,4,"255,45",Dinheiro,Matriz - Recife
119,22-01-2024,Organizador de Gaveta,Casa e Utilidades,1,"29,81",Pix,Matriz - Recife
3692,06/02/2025,Jogo de Toalhas,Casa e Utilidades,5,"88,65",PIX,Matriz - Recife
2342,27/09/2024,Boné Aba Reta,Vestuário,3,"111,88",Cartão de Crédito,Matriz - Recife
6229,16-10-2025,Escova de Limpeza,Casa e Utilidades,2,"220,14",Cartão de Crédito,Matriz - Recife
3310,23-12-2024,Kit Panelas Antiaderente,,1,"245,57",PIX,Matriz - Recife
301,21-02-2024,Água de Coco 500ml,Alimentos,1,"63,08",Dinheiro,Matriz - Recife
4813,29/05/2025,Cabo HDMI,ELETRÔNICOS,3,"58,79",PIX,Matriz - Recife
316,23/02/2024,camiseta básica,Vestuário,3,"217,48",Pix,Matriz - Recife
253,13/02/2024,Vela Aromática,Casa e Utilidades,5,"29,02",Cartão de Crédito,Matriz - Recife
3302,22/12/2024,Água de Coco 500ml,,1,"57,92",Cartão de Crédito,Matriz - Recife
6396,2025-11-02,Chinelo de Dedo,Vestuário,1,"125,55",Cartão de Débito,Matriz - Recife
7234,2025-12-27,Caneta Esferográfica,Papelaria,2,"9,02",pix,Matriz - Recife
4199,2025-04-05,camiseta básica,Vestuário,2,"218,36",PIX,Matriz - Recife
2553,19-10-2024,Jogo de Toalhas,Casa e Utilidades,4,"89,69",pix,Matriz - Recife
3651,01/02/2025,Meia Esportiva,Vestuário,2,"15,25",pix,Matriz - Recife
7170,24/12/2025,Água de Coco 500ml,Alimentos,2,"60,83",Dinheiro,Matriz - Recife
1440,2024-06-20,Carregador USB-C,Eletrônicos,1,"15,12",pix,Matriz - Recife
1859,02/08/2024,Chinelo de Dedo,Vestuário,3,"130,66",pix,Matriz - Recife
5838,2025-09-02,suco de caju 1l,Alimentos,4,"157,15",PIX,Matriz - Recife
3280,21-12-2024,Vela Aromática,Casa e Utilidades,4,"28,95",Pix,Matriz - Recife
7068,16/12/2025,camiseta básica,Vestuário,1,"209,26",Cartão de Crédito,Matriz - Recife
5000,11/06/2025,Power Bank 10000mAh,Eletrônicos,2,"194,69",Pix,Matriz - Recife
1312,08/06/2024,Mouse Sem Fio,Eletrônicos,-1,"184,54",PIX,Matriz - Recife
6609,15-11-2025,Cabo HDMI,Eletrônicos,2,"63,83",Cartão de Crédito,Matriz - Recife
4190,04-04-2025,Chinelo de Dedo,Vestuário,2,"138,46",PIX,Matriz - Recife
3765,16-02-2025,cabo hdmi,Eletrônicos,1,"61,36",Dinheiro,Matriz - Recife
3981,2025-03-13,Cabo HDMI,ELETRÔNICOS,1,"65,96",PIX,Matriz - Recife
1467,22-06-2024,Organizador de Gaveta,Casa e Utilidades,4,"30,88",Pix,Matriz - Recife
6607,15-11-2025,Jogo de Toalhas,Casa e Utilidades,1,"94,69",Dinheiro,Matriz - Recife
2259,2024-09-18,Chinelo de Dedo,VESTUÁRIO,1,"126,39",Cartão de Crédito,Matriz - Recife
5936,13/09/2025,Cola Bastão,PAPELARIA,3,"48,45",pix,Matriz - Recife
2584,23-10-2024,Cabo HDMI,Eletrônicos,1,"62,16",Dinheiro,Matriz - Recife
3103,07/12/2024,Carregador USB-C,ELETRÔNICOS,1,"14,31",PIX,Matriz - Recife
2919,23-11-2024,caneta esferográfica,Papelaria,1,"8,92",Cartão de Débito,Matriz - Recife
4018,17-03-2025,Amendoim Torrado,Alimentos,1,"146,67",Cartão de Débito,Matriz - Recife
5203,28-06-2025,Caderno Universitário,Papelaria,2,"189,60",Cartão de Débito,Matriz - Recife
1474,2024-06-23,Organizador de Gaveta,Casa e Utilidades,4,"30,43",pix,Matriz - Recife
6048,27-09-2025,Fone de Ouvido Bluetooth,Eletrônicos,1,"173,91",pix,Matriz - Recife
5773,2025-08-27,Carregador USB-C,,2,"13,14",PIX,Matriz - Recife
3912,06-03-2025,amendoim torrado,ALIMENTOS,2,"153,67",Dinheiro,Matriz - Recife
1560,29-06-2024,Amendoim Torrado,ALIMENTOS,1,"155,18",Cartão de Débito,Matriz - Recife
6329,2025-10-26,Fone de Ouvido Bluetooth,Eletrônicos,2,"169,84",Dinheiro,Matriz - Recife
5001,2025-06-11,cola bastão,Papelaria,1,"48,97",Cartão de Crédito,Matriz - Recife
907,05/05/2024,Camiseta Básica,Vestuário,4,"212,23",Dinheiro,Matriz - Recife
6112,2025-10-04,Escova de Limpeza,CASA E UTILIDADES,5,"208,47",Pix,Matriz - Recife
6190,12-10-2025,Mouse Sem Fio,Eletrônicos,5,"180,69",PIX,Matriz - Recife
5219,29/06/2025,Barra de Cereal,Alimentos,5,"142,68",Cartão de Débito,Matriz - Recife
5671,15-08-2025,Jaqueta Corta-Vento,VESTUÁRIO,2,"61,26",Dinheiro,Matriz - Recife
6085,02-10-2025,Bermuda Jeans,Vestuário,5,"28,60",Cartão de Débito,Matriz - Recife
781,2024-04-22,Caneta Esferográfica,,1,"8,97",Dinheiro,Matriz - Recife
6092,02/10/2025,Porta Sabonete,,3,"143,58",pix,Matriz - Recife
6339,27-10-2025,Escova de Limpeza,Casa e Utilidades,1,"228,34",Dinheiro,Matriz - Recife
1389,15-06-2024,Caderno Universitário,Papelaria,1,"202,17",Cartão de Débito,Matriz - Recife
2061,26-08-2024,Biscoito Recheado,Alimentos,4,"54,20",Pix,Matriz - Recife
3045,2024-12-02,Estojo Simples,Papelaria,4,"175,03",pix,Matriz - Recife
6497,07-11-2025,bermuda jeans,Vestuário,1,"31,18",Cartão de Crédito,Matriz - Recife
219,08-02-2024,Marcador de Texto,Papelaria,2,"90,27",pix,Matriz - Recife
6445,04/11/2025,Caneta Esferográfica,Papelaria,1,"10,33",Cartão de Crédito,Matriz - Recife
6294,2025-10-23,Organizador de Gaveta,Casa e Utilidades,3,"29,18",Cartão de Crédito,Matriz - Recife
4730,2025-05-24,Cabo HDMI,Eletrônicos,2,"60,50",Cartão de Débito,Matriz - Recife
2665,2024-11-02,Caderno Universitário,,1,"205,15",Pix,Matriz - Recife
5008,2025-06-11,Caderno Universitário,Papelaria,1,"195,36",Dinheiro,Matriz - Recife
5052,2025-06-17,Power Bank 10000mAh,Eletrônicos,1,"182,88",PIX,Matriz - Recife
4772,27/05/2025,Suco de Caju 1L,Alimentos,2,"173,32",pix,Matriz - Recife
2114,01-09-2024,Barra de Cereal,Alimentos,-3,"143,84",Cartão de Crédito,Matriz - Recife
5309,2025-07-11,Boné Aba Reta,Vestuário,3,"114,68",pix,Matriz - Recife
1792,2024-07-25,Fone de Ouvido Bluetooth,Eletrônicos,2,"158,39",PIX,Matriz - Recife
6622,17-11-2025,Mochila Escolar,Papelaria,1,"217,19",Cartão de Débito,Matriz - Recife
2522,2024-10-15,vela aromática,CASA E UTILIDADES,3,"28,79",Cartão de Débito,Matriz - Recife
4540,2025-05-08,Vela Aromática,Casa e Utilidades,5,"31,17",PIX,Matriz - Recife
834,27/04/2024,Camiseta Básica,Vestuário,5,"230,49",Dinheiro,Matriz - Recife
1726,16-07-2024,Vela Aromática,Casa e Utilidades,2,"30,82",Dinheiro,Matriz - Recife
6863,2025-12-02,Carregador USB-C,Eletrônicos,1,"13,28",Dinheiro,Matriz - Recife
642,05-04-2024,Caneta Esferográfica,PAPELARIA,5,"9,59",pix,Matriz - Recife
903,04-05-2024,Café Torrado 500g,Alimentos,5,"14,09",Cartão de Débito,Matriz - Recife
3829,26-02-2025,Kit Panelas Antiaderente,Casa e Utilidades,3,"229,99",Cartão de Débito,Matriz - Recife
6680,2025-11-20,Amendoim Torrado,Alimentos,1,"142,21",Cartão de Débito,Matriz - Recife
4473,03/05/2025,Mouse Sem Fio,Eletrônicos,5,"162,32",Pix,Matriz - Recife
2305,23-09-2024,Carregador USB-C,Eletrônicos,4,"13,10",Pix,Matriz - Recife
2828,16/11/2024,Caneta Esferográfica,Papelaria,4,"9,35",PIX,Matriz - Recife
3555,21-01-2025,carregador usb-c,Eletrônicos,2,"14,49",pix,Matriz - Recife
5765,2025-08-26,Mouse Sem Fio,Eletrônicos,2,"175,94",Cartão de Crédito,Matriz - Recife
3264,20/12/2024,Bermuda Jeans,Vestuário,1,"30,11",pix,matriz-recife
3579,2025-01-25,Fone de Ouvido Bluetooth,Eletrônicos,3,"172,50",Dinheiro,Matriz - Recife
7003,2025-12-13,Escova de Limpeza,Casa e Utilidades,1,"222,41",pix,Matriz - Recife
1244,04/06/2024,Barra de Cereal,Alimentos,2,"142,11",Pix,Matriz - Recife
3154,11-12-2024,Boné Aba Reta,Vestuário,4,"102,64",Cartão de Débito,Matriz - Recife
3533,2025-01-18,Café Torrado 500g,Alimentos,5,"15,34",Pix,Matriz - Recife
802,2024-04-24,Fone de Ouvido Bluetooth,ELETRÔNICOS,-3,"166,50",pix,Matriz - Recife
978,11-05-2024,Power Bank 10000mAh,Eletrônicos,2,"174,15",Cartão de Débito,Matriz - Recife
2486,11/10/2024,Meia Esportiva,VESTUÁRIO,3,"16,42",Dinheiro,Matriz - Recife
481,17-03-2024,Camiseta Básica,Vestuário,1,"206,56",Cartão de Débito,Matriz - Recife
143,2024-01-25,Biscoito Recheado,Alimentos,2,"56,58",pix,Matriz - Recife
7306,2025-12-31,Cabo HDMI,Eletrônicos,2,"57,09",Pix,Matriz - Recife
2901,21/11/2024,Barra de Cereal,Alimentos,2,"131,44",pix,Matriz - Recife
1900,06/08/2024,Cabo HDMI,Eletrônicos,2,"66,52",pix,Matriz - Recife
3238,18-12-2024,Camiseta Básica,Vestuário,-1,"238,77",pix,Matriz - Recife
4763,2025-05-26,Cola Bastão,PAPELARIA,3,"48,68",Dinheiro,Matriz - Recife
171,30-01-2024,Porta Sabonete,Casa e Utilidades,3,"160,56",PIX,Matriz - Recife
756,19/04/2024,Jogo de Toalhas,Casa e Utilidades,1,"92,33",pix,Matriz - Recife
5555,04-08-2025,Água de Coco 500ml,,1,"62,83",Pix,Matriz - Recife
2499,12/10/2024,Boné Aba Reta,Vestuário,2,"115,24",Cartão de Crédito,Matriz - Recife
2560,20/10/2024,Bermuda Jeans,Vestuário,1,"28,98",PIX,Matriz - Recife
1074,20/05/2024,Mouse Sem Fio,ELETRÔNICOS,2,"168,73",Dinheiro,Matriz - Recife
4919,05/06/2025,Biscoito Recheado,Alimentos,1,"58,74",Dinheiro,Matriz - Recife
4578,11/05/2025,jogo de toalhas,Casa e Utilidades,2,"83,19",Cartão de Débito,Matriz - Recife
4496,04/05/2025,Organizador de Gaveta,Casa e Utilidades,3,"33,60",Pix,Matriz - Recife
6957,08/12/2025,Fone de Ouvido Bluetooth,Eletrônicos,1,"160,63",pix,Matriz - Recife
6246,2025-10-17,Caixa de Som Portátil,Eletrônicos,2,"76,96",Dinheiro,Matriz - Recife
3761,2025-02-16,Cabo HDMI,ELETRÔNICOS,-3,"58,48",Cartão de Débito,Matriz - Recife
6945,2025-12-08,Cabo HDMI,Eletrônicos,2,"61,83",Cartão de Débito,Matriz - Recife
1484,23-06-2024,Barra de Cereal,Alimentos,2,"150,86",Dinheiro,Matriz - Recife
6371,31-10-2025,Mouse Sem Fio,Eletrônicos,1,"181,51",pix,Matriz - Recife
1017,13/05/2024,Escova de Limpeza,CASA E UTILIDADES,2,"198,65",Dinheiro,Matriz - Recife
4084,2025-03-24,kit panelas antiaderente,CASA E UTILIDADES,-4,"252,89",PIX,Matriz - Recife
7192,2025-12-25,Fone de Ouvido Bluetooth,,2,"169,95",PIX,Matriz - Recife
7317,31-12-2025,Marcador de Texto,Papelaria,1,"91,05",Cartão de Débito,Matriz - Recife
6922,2025-12-05,Cabo HDMI,Eletrônicos,2,"58,98",,Matriz - Recife
3862,02/03/2025,Cola Bastão,Papelaria,1,"43,19",Pix,Matriz - Recife
4294,2025-04-14,Caderno Universitário,Papelaria,3,"216,43",Cartão de Crédito,Matriz - Recife
966,10-05-2024,Café Torrado 500g,,1,"14,43",pix,Matriz - Recife
1826,2024-07-29,Meia Esportiva,Vestuário,2,"14,14",,Matriz - Recife
1005,12/05/2024,Bermuda Jeans,VESTUÁRIO,2,"30,65",Pix,Matriz - Recife
1411,18/06/2024,Kit Panelas Antiaderente,CASA E UTILIDADES,2,"235,48",pix,Matriz - Recife
3263,20/12/2024,Água de Coco 500ml,Alimentos,1,"63,06",Pix,matriz-recife
6091,2025-10-02,Organizador de Gaveta,Casa e Utilidades,3,"31,19",PIX,Matriz - Recife
2991,28/11/2024,Chinelo de Dedo,Vestuário,3,"129,65",Dinheiro,Matriz - Recife
940,08/05/2024,Mouse Sem Fio,Eletrônicos,1,"178,16",PIX,Matriz - Recife
3512,2025-01-14,Fone de Ouvido Bluetooth,Eletrônicos,1,"157,37",Pix,Matriz - Recife
195,03-02-2024,bermuda jeans,Vestuário,4,"29,93",pix,Matriz - Recife
3594,2025-01-26,Café Torrado 500g,Alimentos,1,"15,50",Cartão de Crédito,Matriz - Recife
2874,19/11/2024,Mochila Escolar,Papelaria,1,"191,63",Pix,Matriz - Recife
556,25-03-2024,jaqueta corta-vento,Vestuário,3,"62,01",,Matriz - Recife
5433,23-07-2025,Água de Coco 500ml,,2,"66,11",pix,Matriz - Recife
839,2024-04-27,Kit Panelas Antiaderente,Casa e Utilidades,1,"249,07",Cartão de Crédito,Matriz - Recife
3542,2025-01-19,Vela Aromática,CASA E UTILIDADES,1,"29,28",pix,Matriz - Recife
1805,2024-07-26,Escova de Limpeza,,2,"227,15",,Matriz - Recife
5438,23-07-2025,Suco de Caju 1L,ALIMENTOS,2,"153,59",pix,Matriz - Recife
590,30/03/2024,Camiseta Básica,Vestuário,1,"228,51",PIX,Matriz - Recife
6552,11-11-2025,Cabo HDMI,Eletrônicos,2,"61,25",Pix,Matriz - Recife
5115,21/06/2025,Porta Sabonete,Casa e Utilidades,2,"158,73",Dinheiro,Matriz - Recife
3706,09-02-2025,Caneta Esferográfica,Papelaria,4,"9,04",Cartão de Crédito,Matriz - Recife
1583,30/06/2024,Caixa de Som Portátil,Eletrônicos,3,"75,69",pix,Matriz - Recife
1120,23/05/2024,Camiseta Básica,Vestuário,1,"212,35",Cartão de Débito,Matriz - Recife
3713,09/02/2025,Bermuda Jeans,Vestuário,3,"26,84",pix,Matriz - Recife
1814,27/07/2024,Marcador de Texto,Papelaria,2,"88,64",,Matriz - Recife
4579,11-05-2025,Vela Aromática,Casa e Utilidades,-1,"32,80",Cartão de Crédito,Matriz - Recife
1557,2024-06-29,Caixa de Som Portátil,Eletrônicos,1,"77,18",pix,Matriz - Recife
4121,28/03/2025,Mouse Sem Fio,Eletrônicos,1,"172,80",Pix,Matriz - Recife
3365,2024-12-27,Caneta Esferográfica,Papelaria,1,"9,83",Cartão de Débito,Matriz - Recife
7136,22/12/2025,Bermuda Jeans,Vestuário,2,"31,15",Cartão de Crédito,Matriz - Recife
1448,2024-06-21,Café Torrado 500g,Alimentos,2,"14,02",pix,Matriz - Recife
5256,03/07/2025,Fone de Ouvido Bluetooth,Eletrônicos,2,"154,37",pix,Matriz - Recife
2918,2024-11-23,Mouse Sem Fio,Eletrônicos,2,"169,48",pix,Matriz - Recife
6661,2025-11-19,Escova de Limpeza,Casa e Utilidades,3,"224,00",PIX,Matriz - Recife
6594,2025-11-14,Chinelo de Dedo,VESTUÁRIO,5,"134,00",Cartão de Crédito,Matriz - Recife
6716,22-11-2025,Mouse Sem Fio,Eletrônicos,2,"180,53",pix,Matriz - Recife
6654,19-11-2025,Meia Esportiva,Vestuário,2,"15,58",Pix,Matriz - Recife
3055,2024-12-03,Boné Aba Reta,Vestuário,1,"106,23",Cartão de Débito,Matriz - Recife
1840,31-07-2024,Amendoim Torrado,Alimentos,1,"139,34",Cartão de Crédito,Matriz - Recife
4226,2025-04-08,Água de Coco 500ml,Alimentos,2,"64,06",Cartão de Crédito,Matriz - Recife
1218,01-06-2024,Jaqueta Corta-Vento,Vestuário,4,"63,65",Pix,Matriz - Recife
801,24/04/2024,Caneta Esferográfica,PAPELARIA,2,"9,79",pix,Matriz - Recife
2762,11-11-2024,Escova de Limpeza,,4,"226,77",PIX,Matriz - Recife
956,2024-05-09,Power Bank 10000mAh,Eletrônicos,4,"193,66",Dinheiro,Matriz - Recife
1834,30-07-2024,Biscoito Recheado,Alimentos,1,"52,32",Cartão de Débito,Matriz - Recife
6813,29-11-2025,jaqueta corta-vento,Vestuário,1,"61,02",PIX,Matriz - Recife
5520,01/08/2025,Água de Coco 500ml,Alimentos,5,"60,91",pix,Matriz - Recife
6361,30/10/2025,Porta Sabonete,Casa e Utilidades,1,"152,29",Dinheiro,Matriz - Recife
5272,05/07/2025,Caixa de Som Portátil,Eletrônicos,1,"71,25",Cartão de Crédito,Matriz - Recife
3586,25-01-2025,carregador usb-c,Eletrônicos,3,"13,63",PIX,Matriz - Recife
3465,2025-01-05,Mochila Escolar,Papelaria,1,"211,53",Dinheiro,Matriz - Recife
4144,30-03-2025,Jogo de Toalhas,Casa e Utilidades,1,"86,73",pix,Matriz - Recife
5032,2025-06-14,Café Torrado 500g,Alimentos,3,"13,61",Pix,Matriz - Recife
6883,03-12-2025,mouse sem fio,Eletrônicos,2,"161,09",Dinheiro,Matriz - Recife
5682,2025-08-17,Mouse Sem Fio,Eletrônicos,2,"162,97",Cartão de Crédito,Matriz - Recife
3007,2024-11-29,power bank 10000mah,ELETRÔNICOS,1,"187,54",PIX,Matriz - Recife
4453,02-05-2025,Boné Aba Reta,Vestuário,1,"118,53",pix,Matriz - Recife
7079,17-12-2025,Kit Panelas Antiaderente,CASA E UTILIDADES,3,"238,26",Pix,Matriz - Recife
3931,2025-03-08,mochila escolar,Papelaria,2,"217,85",,Matriz - Recife
428,2024-03-11,Jogo de Toalhas,Casa e Utilidades,4,"94,04",Cartão de Crédito,Matriz - Recife
424,10-03-2024,Caneta Esferográfica,Papelaria,1,"8,93",Pix,Matriz - Recife
1835,30-07-2024,Meia Esportiva,Vestuário,3,"14,43",Dinheiro,Matriz - Recife
30,06/01/2024,Organizador de Gaveta,Casa e Utilidades,2,"33,14",Cartão de Crédito,Matriz - Recife
869,01-05-2024,Mochila Escolar,Papelaria,2,"216,81",Pix,Matriz - Recife
1954,12-08-2024,Suco de Caju 1L,ALIMENTOS,1,"154,44",Cartão de Crédito,Matriz - Recife
1450,2024-06-21,Organizador de Gaveta,Casa e Utilidades,3,"32,80",Cartão de Crédito,Matriz - Recife
6377,2025-10-31,Água de Coco 500ml,Alimentos,1,"63,29",PIX,Matriz - Recife
994,12/05/2024,Carregador USB-C,Eletrônicos,3,"13,41",PIX,Matriz - Recife
4068,2025-03-22,chinelo de dedo,VESTUÁRIO,1,"132,55",Dinheiro,Matriz - Recife
2131,03-09-2024,kit panelas antiaderente,Casa e Utilidades,1,"253,79",Pix,Matriz - Recife
7215,26-12-2025,Meia Esportiva,Vestuário,3,"15,82",Cartão de Crédito,Matriz - Recife
1822,2024-07-28,Suco de Caju 1L,ALIMENTOS,3,"176,23",Cartão de Crédito,Matriz - Recife
4220,2025-04-07,Cola Bastão,Papelaria,1,"46,87",pix,Matriz - Recife
761,20/04/2024,Chinelo de Dedo,Vestuário,2,"121,43",Cartão de Crédito,Matriz - Recife
348,2024-02-28,Barra de Cereal,Alimentos,1,"135,70",PIX,Matriz - Recife
5785,2025-08-28,Amendoim Torrado,ALIMENTOS,1,"155,19",Pix,Matriz - Recife
6751,24-11-2025,Escova de Limpeza,,4,"226,26",Cartão de Crédito,Matriz - Recife
4098,26-03-2025,Cabo HDMI,Eletrônicos,2,"64,86",Cartão de Débito,Matriz - Recife
2273,20-09-2024,Amendoim Torrado,Alimentos,3,"154,10",pix,Matriz - Recife
5877,06/09/2025,escova de limpeza,CASA E UTILIDADES,2,"218,32",Cartão de Crédito,Matriz - Recife
3370,27/12/2024,Estojo Simples,Papelaria,2,"185,55",PIX,Matriz - Recife
5579,07-08-2025,Fone de Ouvido Bluetooth,Eletrônicos,2,"169,78",PIX,Matriz - Recife
6709,2025-11-22,Biscoito Recheado,Alimentos,1,"52,83",Pix,Matriz - Recife
1906,07/08/2024,Caderno Universitário,PAPELARIA,1,"202,97",Cartão de Débito,Matriz - Recife
3476,06/01/2025,mochila escolar,Papelaria,2,"210,73",Cartão de Crédito,Matriz - Recife
5991,2025-09-19,Mochila Escolar,Papelaria,2,"202,87",PIX,Matriz - Recife
2167,2024-09-07,Camiseta Básica,Vestuário,-2,"229,79",pix,Matriz - Recife
2999,29-11-2024,Porta Sabonete,Casa e Utilidades,2,"142,71",pix,Matriz - Recife
4276,12/04/2025,Barra de Cereal,Alimentos,1,"146,86",Dinheiro,Matriz - Recife
4607,13/05/2025,Power Bank 10000mAh,Eletrônicos,1,"189,22",pix,Matriz - Recife
3805,22/02/2025,carregador usb-c,Eletrônicos,1,"14,29",PIX,Matriz - Recife
3611,2025-01-28,Power Bank 10000mAh,Eletrônicos,1,"187,98",Cartão de Crédito,Matriz - Recife
664,08/04/2024,Power Bank 10000mAh,Eletrônicos,1,"173,27",Cartão de Crédito,Matriz - Recife
281,17-02-2024,Água de Coco 500ml,Alimentos,2,"65,02",Cartão de Débito,Matriz - Recife
7022,2025-12-14,Camiseta Básica,Vestuário,1,"220,88",Cartão de Crédito,Matriz - Recife
4040,19/03/2025,Caixa de Som Portátil,Eletrônicos,2,"74,75",PIX,Matriz - Recife
4721,24-05-2025,Porta Sabonete,Casa e Utilidades,3,"150,15",Dinheiro,Matriz - Recife
3260,20/12/2024,Caixa de Som Portátil,Eletrônicos,-5,"77,59",pix,Matriz - Recife
3639,31-01-2025,Cola Bastão,PAPELARIA,2,"44,04",Cartão de Débito,Matriz - Recife
5790,28/08/2025,Cabo HDMI,Eletrônicos,3,"63,51",PIX,Matriz - Recife
1925,08-08-2024,Organizador de Gaveta,,1,"33,61",Cartão de Crédito,Matriz - Recife
2423,2024-10-05,Caderno Universitário,Papelaria,1,"189,01",PIX,Matriz - Recife
3128,2024-12-09,Kit Panelas Antiaderente,Casa e Utilidades,1,"253,23",PIX,Matriz - Recife
2284,22/09/2024,Biscoito Recheado,Alimentos,4,"59,74",Cartão de Débito,Matriz - Recife
6468,06-11-2025,Escova de Limpeza,Casa e Utilidades,3,"228,17",Dinheiro,Matriz - Recife
753,19-04-2024,Fone de Ouvido Bluetooth,Eletrônicos,1,"162,44",PIX,Matriz - Recife
4300,15-04-2025,Power Bank 10000mAh,Eletrônicos,4,"193,20",,Matriz - Recife
5395,20/07/2025,Caixa de Som Portátil,Eletrônicos,2,"77,74",Dinheiro,Matriz - Recife
5516,01/08/2025,Porta Sabonete,Casa e Utilidades,1,"153,03",Cartão de Débito,Matriz - Recife
113,2024-01-20,Marcador de Texto,Papelaria,1,"84,01",PIX,Matriz - Recife
7148,23/12/2025,Organizador de Gaveta,Casa e Utilidades,4,"30,88",PIX,Matriz - Recife
3321,24-12-2024,Biscoito Recheado,Alimentos,2,"55,88",Dinheiro,Matriz - Recife
5434,23/07/2025,Carregador USB-C,Eletrônicos,2,"14,74",PIX,Matriz - Recife
4709,23-05-2025,Barra de Cereal,,2,"144,99",pix,Matriz - Recife
3901,05-03-2025,Jaqueta Corta-Vento,Vestuário,1,"58,69",pix,Matriz - Recife
1115,2024-05-22,caixa de som portátil,Eletrônicos,-2,"77,02",PIX,Matriz - Recife
3630,30-01-2025,Boné Aba Reta,Vestuário,2,"110,99",Pix,Matriz - Recife
5479,27-07-2025,Kit Panelas Antiaderente,Casa e Utilidades,1,"224,05",PIX,Matriz - Recife
4218,07/04/2025,Camiseta Básica,Vestuário,2,"211,65",Dinheiro,Matriz - Recife
6187,12-10-2025,Caderno Universitário,Papelaria,4,"217,21",Dinheiro,Matriz - Recife
89,2024-01-16,Café Torrado 500g,Alimentos,1,"13,70",PIX,Matriz - Recife
7069,2025-12-16,Power Bank 10000mAh,Eletrônicos,1,"185,27",Dinheiro,Matriz - Recife
450,13/03/2024,caneta esferográfica,Papelaria,1,"9,81",pix,Matriz - Recife
1550,28/06/2024,Jogo de Toalhas,Casa e Utilidades,5,"96,57",Cartão de Crédito,Matriz - Recife
5189,27-06-2025,Camiseta Básica,Vestuário,2,"231,32",Cartão de Débito,Matriz - Recife
1390,2024-06-16,Meia Esportiva,Vestuário,1,"14,10",PIX,Matriz - Recife
7030,2025-12-14,Mochila Escolar,Papelaria,3,"202,19",Dinheiro,Matriz - Recife
6743,2025-11-24,Água de Coco 500ml,Alimentos,1,"61,79",Dinheiro,Matriz - Recife
3475,2025-01-06,caixa de som portátil,Eletrônicos,5,"78,08",pix,Matriz - Recife
1401,17-06-2024,Caixa de Som Portátil,Eletrônicos,1,"76,06",Pix,Matriz - Recife
5069,18/06/2025,Café Torrado 500g,ALIMENTOS,2,"14,84",Dinheiro,Matriz - Recife
4731,24/05/2025,água de coco 500ml,Alimentos,5,"58,45",Dinheiro,Matriz - Recife
1808,27-07-2024,Vela Aromática,CASA E UTILIDADES,4,"32,49",pix,Matriz - Recife
1263,05-06-2024,Mochila Escolar,Papelaria,3,"201,72",Pix,Matriz - Recife
6243,17/10/2025,Bermuda Jeans,Vestuário,2,"29,60",PIX,Matriz - Recife
6711,22-11-2025,Kit Panelas Antiaderente,Casa e Utilidades,1,"239,17",Dinheiro,Matriz - Recife
2819,15/11/2024,Amendoim Torrado,Alimentos,2,"159,47",Cartão de Débito,Matriz - Recife
2420,05/10/2024,Carregador USB-C,Eletrônicos,4,"13,82",Cartão de Débito,Matriz - Recife
4544,08/05/2025,Marcador de Texto,Papelaria,1,"94,66",pix,Matriz - Recife
3002,29/11/2024,Fone de Ouvido Bluetooth,Eletrônicos,1,"159,60",PIX,Matriz - Recife
5290,2025-07-08,Biscoito Recheado,Alimentos,1,"53,14",Pix,Matriz - Recife
7070,16-12-2025,Cola Bastão,Papelaria,2,"42,12",Dinheiro,Matriz - Recife
4918,05/06/2025,Biscoito Recheado,Alimentos,3,"59,04",Dinheiro,Matriz - Recife
2139,2024-09-04,Barra de Cereal,ALIMENTOS,1,"144,70",Dinheiro,Matriz - Recife
5774,27-08-2025,Carregador USB-C,Eletrônicos,1,"14,47",Cartão de Crédito,Matriz - Recife
1670,10/07/2024,Biscoito Recheado,Alimentos,3,"55,65",Cartão de Débito,Matriz - Recife
5897,2025-09-09,Caderno Universitário,Papelaria,2,"204,24",Dinheiro,Matriz - Recife
2680,03-11-2024,Boné Aba Reta,Vestuário,3,"114,93",Pix,Matriz - Recife
3768,2025-02-17,jaqueta corta-vento,Vestuário,3,"61,11",PIX,Matriz - Recife
248,2024-02-12,Chinelo de Dedo,,4,"135,73",PIX,Matriz - Recife
5882,07-09-2025,Biscoito Recheado,Alimentos,1,"52,79",Cartão de Débito,Matriz - Recife
32,06-01-2024,Porta Sabonete,Casa e Utilidades,3,"160,07",pix,Matriz - Recife
5301,11-07-2025,Amendoim Torrado,Alimentos,4,"151,68",Pix,Matriz - Recife
7188,25-12-2025,água de coco 500ml,Alimentos,4,"56,90",Cartão de Débito,Matriz - Recife
343,27-02-2024,Bermuda Jeans,Vestuário,3,"30,42",PIX,Matriz - Recife
2391,03-10-2024,Bermuda Jeans,Vestuário,1,"28,25",Cartão de Débito,Matriz - Recife
2570,21-10-2024,Camiseta Básica,Vestuário,1,"232,08",pix,Matriz - Recife
2788,2024-11-13,Biscoito Recheado,Alimentos,3,"60,57",Pix,Matriz - Recife
5550,03/08/2025,Chinelo de Dedo,Vestuário,3,"132,18",Dinheiro,Matriz - Recife
2335,26-09-2024,Estojo Simples,PAPELARIA,4,"180,89",Cartão de Débito,Matriz - Recife
6852,2025-12-01,chinelo de dedo,Vestuário,1,"120,80",Cartão de Crédito,Matriz - Recife
745,2024-04-18,Mochila Escolar,Papelaria,1,"217,40",PIX,Matriz - Recife
1456,2024-06-21,Suco de Caju 1L,Alimentos,1,"156,61",Pix,Matriz - Recife
5271,05-07-2025,Fone de Ouvido Bluetooth,Eletrônicos,3,"171,07",Cartão de Débito,Matriz - Recife
6055,2025-09-28,chinelo de dedo,,5,"120,68",Pix,Matriz - Recife
2789,13/11/2024,Escova de Limpeza,,1,"223,71",Cartão de Débito,Matriz - Recife
4580,2025-05-11,Barra de Cereal,Alimentos,2,"144,07",Pix,Matriz - Recife
4697,22/05/2025,Água de Coco 500ml,Alimentos,1,"63,62",PIX,Matriz - Recife
562,2024-03-25,Camiseta Básica,Vestuário,1,"213,13",PIX,Matriz - Recife
1222,01-06-2024,Escova de Limpeza,Casa e Utilidades,1,"212,96",pix,Matriz - Recife
3797,21/02/2025,Jaqueta Corta-Vento,Vestuário,2,"63,96",PIX,Matriz - Recife
5594,2025-08-08,Chinelo de Dedo,Vestuário,2,"132,05",Pix,Matriz - Recife
2571,21/10/2024,Mouse Sem Fio,Eletrônicos,-2,"173,90",Cartão de Débito,Matriz - Recife
2503,13/10/2024,Cola Bastão,PAPELARIA,2,"43,08",pix,Matriz - Recife
2603,2024-10-25,Amendoim Torrado,ALIMENTOS,2,"157,69",pix,Matriz - Recife
120,22/01/2024,Marcador de Texto,Papelaria,1,"93,93",Cartão de Débito,Matriz - Recife
5045,16/06/2025,Meia Esportiva,Vestuário,3,"15,94",Pix,Matriz - Recife
3105,07/12/2024,Água de Coco 500ml,Alimentos,1,"61,82",Cartão de Crédito,Matriz - Recife
641,05/04/2024,Água de Coco 500ml,Alimentos,2,"60,60",Cartão de Débito,Matriz - Recife
4837,2025-05-30,jogo de toalhas,Casa e Utilidades,1,"91,98",pix,Matriz - Recife
3100,07/12/2024,Camiseta Básica,Vestuário,1,"209,53",PIX,Matriz - Recife
3441,02/01/2025,Caderno Universitário,Papelaria,2,"219,70",pix,Matriz - Recife
7047,2025-12-15,Mouse Sem Fio,Eletrônicos,5,"163,23",pix,Matriz - Recife
7088,2025-12-18,porta sabonete,Casa e Utilidades,4,"151,82",PIX,Matriz - Recife
6510,08/11/2025,Chinelo de Dedo,Vestuário,1,"138,67",Pix,Matriz - Recife
2580,22/10/2024,Mochila Escolar,Papelaria,1,"187,64",Dinheiro,Matriz - Recife
6189,2025-10-12,Cola Bastão,Papelaria,2,"43,69",Dinheiro,Matriz - Recife
6139,06-10-2025,Mochila Escolar,Papelaria,3,"212,49",PIX,Matriz - Recife
952,2024-05-09,Café Torrado 500g,Alimentos,3,"15,39",Cartão de Crédito,Matriz - Recife
1732,17/07/2024,Chinelo de Dedo,Vestuário,1,"130,89",Cartão de Débito,Matriz - Recife
1886,05/08/2024,Power Bank 10000mAh,Eletrônicos,1,"172,55",Cartão de Débito,Matriz - Recife
5805,30/08/2025,Porta Sabonete,Casa e Utilidades,4,"162,39",pix,Matriz - Recife
6469,06-11-2025,Organizador de Gaveta,CASA E UTILIDADES,1,"29,23",Cartão de Crédito,Matriz - Recife
6303,2025-10-24,boné aba reta,Vestuário,2,"116,66",,Matriz - Recife
4293,2025-04-14,Cabo HDMI,Eletrônicos,2,"64,20",Cartão de Crédito,Matriz - Recife
3836,28-02-2025,Amendoim Torrado,Alimentos,1,"155,64",pix,Matriz - Recife
5319,2025-07-12,Bermuda Jeans,Vestuário,1,"27,38",Cartão de Débito,Matriz - Recife
4824,30-05-2025,Caderno Universitário,Papelaria,1,"210,64",PIX,Matriz - Recife
4136,2025-03-29,Bermuda Jeans,Vestuário,1,"30,66",Cartão de Crédito,Matriz - Recife
3503,2025-01-11,Caixa de Som Portátil,ELETRÔNICOS,5,"73,02",Cartão de Crédito,Matriz - Recife
42,08-01-2024,Estojo Simples,Papelaria,2,"183,59",Pix,Matriz - Recife
2133,03-09-2024,Caderno Universitário,PAPELARIA,1,"208,76",Cartão de Débito,Matriz - Recife
4172,2025-04-01,Cabo HDMI,Eletrônicos,5,"60,30",Cartão de Débito,Matriz - Recife
7063,16/12/2025,Água de Coco 500ml,Alimentos,1,"59,44",PIX,Matriz - Recife
5839,02-09-2025,Organizador de Gaveta,Casa e Utilidades,1,"32,34",Dinheiro,Matriz - Recife
101,18-01-2024,Café Torrado 500g,Alimentos,1,"13,60",PIX,Matriz - Recife
7038,14/12/2025,Chinelo de Dedo,Vestuário,1,"129,80",Cartão de Débito,Matriz - Recife
4638,2025-05-16,Fone de Ouvido Bluetooth,Eletrônicos,3,"155,98",PIX,Matriz - Recife
1109,2024-05-22,água de coco 500ml,Alimentos,-2,"57,25",Cartão de Crédito,Matriz - Recife
5299,11-07-2025,Mouse Sem Fio,ELETRÔNICOS,4,"181,49",Dinheiro,Matriz - Recife
3664,03/02/2025,Meia Esportiva,Vestuário,-1,"15,61",Cartão de Crédito,Matriz - Recife
6443,04-11-2025,Cabo HDMI,Eletrônicos,3,"64,89",Dinheiro,Matriz - Recife
1189,30-05-2024,Estojo Simples,Papelaria,2,"177,65",Cartão de Débito,Matriz - Recife
480,16-03-2024,Estojo Simples,Papelaria,1,"178,23",Cartão de Crédito,Matriz - Recife
7196,25/12/2025,Amendoim Torrado,Alimentos,3,"162,60",PIX,Matriz - Recife
1233,2024-06-03,Mochila Escolar,Papelaria,2,"206,79",pix,Matriz - Recife
5009,12-06-2025,Barra de Cereal,Alimentos,4,"148,70",Dinheiro,Matriz - Recife
6785,27-11-2025,fone de ouvido bluetooth,Eletrônicos,1,"162,34",,Matriz - Recife
5571,2025-08-06,Jogo de Toalhas,Casa e Utilidades,2,"93,99",Pix,Matriz - Recife
3378,27-12-2024,Escova de Limpeza,Casa e Utilidades,1,"204,99",pix,Matriz - Recife
3517,2025-01-15,Caneta Esferográfica,Papelaria,3,"10,08",Cartão de Débito,Matriz - Recife
3955,2025-03-11,Carregador USB-C,Eletrônicos,2,"15,01",Cartão de Débito,Matriz - Recife
3138,09/12/2024,Biscoito Recheado,Alimentos,1,"51,75",Pix,Matriz - Recife
1116,22/05/2024,Cola Bastão,Papelaria,3,"42,95",Cartão de Crédito,Matriz - Recife
4013,17-03-2025,Power Bank 10000mAh,Eletrônicos,1,"181,45",pix,Matriz - Recife
536,23/03/2024,Vela Aromática,Casa e Utilidades,1,"28,13",PIX,Matriz - Recife
740,2024-04-17,Fone de Ouvido Bluetooth,Eletrônicos,1,"168,36",PIX,Matriz - Recife
6703,2025-11-22,Boné Aba Reta,Vestuário,4,"110,56",Cartão de Crédito,Matriz - Recife
1956,12/08/2024,Amendoim Torrado,ALIMENTOS,1,"138,84",Dinheiro,Matriz - Recife
3755,15/02/2025,Mouse Sem Fio,Eletrônicos,4,"166,74",pix,Matriz - Recife
5575,06/08/2025,Cabo HDMI,Eletrônicos,1,"59,90",Cartão de Débito,Matriz - Recife
1000,2024-05-12,Meia Esportiva,Vestuário,2,"14,81",Dinheiro,Matriz - Recife
1915,07-08-2024,Vela Aromática,Casa e Utilidades,2,"30,37",pix,Matriz - Recife
4247,2025-04-10,Café Torrado 500g,Alimentos,2,"13,50",pix,Matriz - Recife
6167,2025-10-09,Organizador de Gaveta,CASA E UTILIDADES,1,"30,06",Pix,Matriz - Recife
5668,2025-08-15,jogo de toalhas,,2,"85,35",PIX,Matriz - Recife
5853,04-09-2025,Cabo HDMI,Eletrônicos,4,"60,00",PIX,Matriz - Recife
833,2024-04-27,Caneta Esferográfica,Papelaria,2,"9,29",Pix,Matriz - Recife
6448,04/11/2025,Caneta Esferográfica,PAPELARIA,3,"9,09",Dinheiro,Matriz - Recife
3197,2024-12-14,Jaqueta Corta-Vento,Vestuário,4,"57,66",PIX,Matriz - Recife
2274,20-09-2024,Cola Bastão,PAPELARIA,1,"47,09",Dinheiro,Matriz - Recife
6254,18-10-2025,Chinelo de Dedo,Vestuário,3,"132,66",Dinheiro,Matriz - Recife
438,11-03-2024,Mochila Escolar,Papelaria,-1,"217,10",Cartão de Débito,Matriz - Recife
312,23/02/2024,Carregador USB-C,Eletrônicos,1,"14,97",Cartão de Crédito,Matriz - Recife
2444,07-10-2024,Caneta Esferográfica,Papelaria,1,"9,18",Cartão de Débito,Matriz - Recife
6231,16-10-2025,Chinelo de Dedo,Vestuário,3,"138,04",pix,Matriz - Recife
6236,17/10/2025,Boné Aba Reta,Vestuário,1,"111,37",Pix,Matriz - Recife
3333,25/12/2024,Caneta Esferográfica,Papelaria,2,"9,70",Cartão de Crédito,Matriz - Recife
914,05/05/2024,Power Bank 10000mAh,Eletrônicos,2,"174,64",Pix,Matriz - Recife
1990,17/08/2024,Caixa de Som Portátil,Eletrônicos,1,"73,16",Cartão de Crédito,Matriz - Recife
3798,21-02-2025,Power Bank 10000mAh,ELETRÔNICOS,2,"180,87",Cartão de Débito,Matriz - Recife
4565,10/05/2025,Meia Esportiva,VESTUÁRIO,1,"15,75",PIX,Matriz - Recife
2980,28/11/2024,Mouse Sem Fio,Eletrônicos,1,"162,52",Cartão de Crédito,Matriz - Recife
7011,13-12-2025,Mochila Escolar,Papelaria,1,"203,30",Cartão de Crédito,Matriz - Recife
830,26-04-2024,Mouse Sem Fio,ELETRÔNICOS,3,"177,25",Pix,Matriz - Recife
6043,2025-09-26,Mouse Sem Fio,Eletrônicos,3,"182,17",Cartão de Débito,Matriz - Recife
900,2024-05-04,Carregador USB-C,Eletrônicos,1,"14,60",Cartão de Crédito,Matriz - Recife
150,26-01-2024,Fone de Ouvido Bluetooth,Eletrônicos,1,"172,70",pix,Matriz - Recife
3682,05-02-2025,Organizador de Gaveta,CASA E UTILIDADES,2,"31,26",Dinheiro,Matriz - Recife
6206,2025-10-13,Jaqueta Corta-Vento,Vestuário,3,"61,56",Cartão de Débito,Matriz - Recife
6274,21-10-2025,Kit Panelas Antiaderente,Casa e Utilidades,1,"257,97",Cartão de Débito,Matriz - Recife
7245,2025-12-28,Escova de Limpeza,Casa e Utilidades,3,"230,12",pix,Matriz - Recife
5292,09/07/2025,Amendoim Torrado,Alimentos,1,"157,23",PIX,matriz-recife
5178,26-06-2025,Bermuda Jeans,Vestuário,1,"29,44",PIX,Matriz - Recife
5044,16-06-2025,Suco de Caju 1L,Alimentos,1,"174,70",,Matriz - Recife
1046,16-05-2024,Power Bank 10000mAh,Eletrônicos,1,"179,60",pix,Matriz - Recife
4301,2025-04-15,Escova de Limpeza,Casa e Utilidades,4,"224,79",Pix,Matriz - Recife
4338,20-04-2025,jogo de toalhas,Casa e Utilidades,1,"92,27",Cartão de Crédito,Matriz - Recife
6571,12-11-2025,Estojo Simples,Papelaria,4,"183,16",PIX,Matriz - Recife
5414,2025-07-21,Camiseta Básica,Vestuário,1,"234,23",Dinheiro,Matriz - Recife
2647,30/10/2024,Power Bank 10000mAh,Eletrônicos,1,"183,61",pix,Matriz - Recife
2198,2024-09-11,Estojo Simples,Papelaria,1,"183,70",Cartão de Crédito,Matriz - Recife
6823,30/11/2025,Meia Esportiva,Vestuário,3,"16,10",PIX,Matriz - Recife
6826,2025-11-30,Suco de Caju 1L,ALIMENTOS,2,"152,30",Cartão de Débito,Matriz - Recife
2606,25-10-2024,Jogo de Toalhas,Casa e Utilidades,3,"90,62",,Matriz - Recife
493,17-03-2024,Porta Sabonete,Casa e Utilidades,1,"162,59",Dinheiro,Matriz - Recife
1566,29/06/2024,Chinelo de Dedo,Vestuário,1,"120,11",Cartão de Débito,Matriz - Recife
114,21/01/2024,Escova de Limpeza,Casa e Utilidades,1,"208,75",PIX,Matriz - Recife
2772,11/11/2024,Biscoito Recheado,Alimentos,1,"53,81",pix,Matriz - Recife
3452,2025-01-03,Cola Bastão,Papelaria,1,"44,42",pix,Matriz - Recife
134,2024-01-24,Mochila Escolar,PAPELARIA,2,"212,48",PIX,Matriz - Recife
970,10-05-2024,mouse sem fio,Eletrônicos,1,"161,97",Pix,Matriz - Recife
3228,17-12-2024,Mouse Sem Fio,ELETRÔNICOS,1,"176,19",Dinheiro,Matriz - Recife
2468,2024-10-10,escova de limpeza,Casa e Utilidades,2,"206,61",Cartão de Débito,Matriz - Recife
1348,11/06/2024,Organizador de Gaveta,CASA E UTILIDADES,1,"30,45",PIX,Matriz - Recife
6495,07-11-2025,Boné Aba Reta,Vestuário,1,"112,48",Dinheiro,Matriz - Recife
3802,22/02/2025,Cabo HDMI,Eletrônicos,2,"66,40",PIX,Matriz - Recife
2010,20/08/2024,Meia Esportiva,Vestuário,3,"14,50",Cartão de Débito,Matriz - Recife
1803,2024-07-26,mouse sem fio,Eletrônicos,-1,"181,74",Pix,Matriz - Recife
2469,2024-10-10,Fone de Ouvido Bluetooth,Eletrônicos,1,"151,79",Dinheiro,Matriz - Recife
4541,08/05/2025,Café Torrado 500g,Alimentos,2,"14,48",Cartão de Débito,Matriz - Recife
3739,13/02/2025,Chinelo de Dedo,Vestuário,2,"120,26",Pix,Matriz - Recife
1580,30/06/2024,Fone de Ouvido Bluetooth,Eletrônicos,1,"174,55",PIX,Matriz - Recife
6669,2025-11-20,Carregador USB-C,ELETRÔNICOS,2,"13,16",PIX,Matriz - Recife
6363,30-10-2025,Jogo de Toalhas,CASA E UTILIDADES,4,"86,28",Dinheiro,Matriz - Recife
293,2024-02-19,Biscoito Recheado,Alimentos,1,"58,50",PIX,Matriz - Recife
4885,03/06/2025,Mouse Sem Fio,Eletrônicos,1,"183,96",Dinheiro,Matriz - Recife
2372,2024-09-30,Power Bank 10000mAh,Eletrônicos,1,"196,65",pix,Matriz - Recife
2836,2024-11-16,Estojo Simples,Papelaria,1,"179,06",Pix,Matriz - Recife
4204,2025-04-05,Água de Coco 500ml,ALIMENTOS,3,"61,26",PIX,Matriz - Recife
3810,23/02/2025,barra de cereal,Alimentos,3,"132,34",pix,Matriz - Recife
3770,17/02/2025,Carregador USB-C,Eletrônicos,4,"15,01",PIX,Matriz - Recife
7308,31-12-2025,Jogo de Toalhas,Casa e Utilidades,1,"95,43",Cartão de Débito,Matriz - Recife
3527,16/01/2025,Camiseta Básica,Vestuário,1,"236,97",Pix,Matriz - Recife
3239,2024-12-18,Escova de Limpeza,Casa e Utilidades,5,"208,33",Cartão de Débito,Matriz - Recife
2491,2024-10-12,Caderno Universitário,Papelaria,3,"202,07",Cartão de Débito,Matriz - Recife
99,18/01/2024,Chinelo de Dedo,Vestuário,2,"137,54",Pix,Matriz - Recife
1395,16/06/2024,Cabo HDMI,Eletrônicos,2,"57,66",Dinheiro,matriz-recife
2885,20/11/2024,Vela Aromática,Casa e Utilidades,1,"28,53",PIX,Matriz - Recife
3076,05/12/2024,Caderno Universitário,Papelaria,2,"194,77",,Matriz - Recife
3346,26/12/2024,Boné Aba Reta,Vestuário,1,"117,91",Pix,Matriz - Recife
6540,10/11/2025,Suco de Caju 1L,ALIMENTOS,1,"168,42",pix,Matriz - Recife
4734,24/05/2025,mochila escolar,Papelaria,1,"190,52",Cartão de Crédito,Matriz - Recife
5003,11/06/2025,Camiseta Básica,Vestuário,1,"209,46",Cartão de Crédito,Matriz - Recife
3584,25/01/2025,Power Bank 10000mAh,Eletrônicos,4,"190,28",Pix,Matriz - Recife
1191,30-05-2024,bermuda jeans,Vestuário,2,"28,22",PIX,Matriz - Recife
216,07/02/2024,Organizador de Gaveta,Casa e Utilidades,2,"31,85",Cartão de Crédito,Matriz - Recife
4284,13/04/2025,Água de Coco 500ml,Alimentos,2,"65,76",pix,Matriz - Recife
6299,23/10/2025,Boné Aba Reta,Vestuário,3,"102,92",Cartão de Débito,Matriz - Recife
6858,2025-12-02,Barra de Cereal,Alimentos,1,"143,69",pix,Matriz - Recife
3980,13/03/2025,Cabo HDMI,ELETRÔNICOS,1,"65,56",Cartão de Crédito,Matriz - Recife
2615,26-10-2024,Carregador USB-C,Eletrônicos,4,"14,10",pix,Matriz - Recife
5711,20-08-2025,Suco de Caju 1L,Alimentos,-2,"154,25",Pix,Matriz - Recife
1523,2024-06-26,Cola Bastão,Papelaria,1,"42,06",Dinheiro,Matriz - Recife
4398,28/04/2025,Marcador de Texto,Papelaria,1,"95,52",Dinheiro,Matriz - Recife
2176,09/09/2024,Jogo de Toalhas,Casa e Utilidades,2,"88,15",Pix,Matriz - Recife
1922,08-08-2024,Café Torrado 500g,Alimentos,1,"14,46",Cartão de Débito,Matriz - Recife
1382,14-06-2024,Power Bank 10000mAh,Eletrônicos,2,"173,72",Cartão de Débito,Matriz - Recife
472,15/03/2024,Caixa de Som Portátil,Eletrônicos,2,"78,68",PIX,Matriz - Recife
6109,2025-10-04,Porta Sabonete,Casa e Utilidades,3,"149,11",pix,Matriz - Recife
422,2024-03-10,Chinelo de Dedo,Vestuário,2,"132,43",Cartão de Crédito,Matriz - Recife
1991,2024-08-17,Organizador de Gaveta,Casa e Utilidades,4,"28,92",pix,Matriz - Recife
4770,27/05/2025,Suco de Caju 1L,Alimentos,2,"158,90",Dinheiro,Matriz - Recife
2678,2024-11-02,Caderno Universitário,PAPELARIA,2,"219,08",Pix,Matriz - Recife
1311,08-06-2024,Amendoim Torrado,Alimentos,1,"142,99",Cartão de Débito,Matriz - Recife
5226,30/06/2025,porta sabonete,Casa e Utilidades,-1,"160,58",pix,Matriz - Recife
5505,2025-07-31,Fone de Ouvido Bluetooth,Eletrônicos,1,"171,12",Cartão de Crédito,Matriz - Recife
6487,2025-11-07,Barra de Cereal,Alimentos,1,"132,19",Dinheiro,Matriz - Recife
6128,05/10/2025,Porta Sabonete,CASA E UTILIDADES,4,"151,32",Pix,Matriz - Recife
5827,01-09-2025,Caderno Universitário,PAPELARIA,2,"205,99",Dinheiro,Matriz - Recife
1829,2024-07-29,Cola Bastão,Papelaria,1,"45,47",pix,Matriz - Recife
3397,29/12/2024,Água de Coco 500ml,Alimentos,1,"60,45",pix,Matriz - Recife
3286,21/12/2024,Barra de Cereal,Alimentos,3,"136,89",Cartão de Débito,Matriz - Recife
4863,2025-06-01,Marcador de Texto,Papelaria,1,"85,90",Cartão de Débito,Matriz - Recife
2910,22/11/2024,Caderno Universitário,PAPELARIA,3,"205,09",pix,Matriz - Recife
3499,2025-01-10,café torrado 500g,Alimentos,1,"15,23",Pix,Matriz - Recife
5554,2025-08-04,Suco de Caju 1L,Alimentos,-1,"155,52",pix,Matriz - Recife
5031,14/06/2025,boné aba reta,Vestuário,2,"114,33",PIX,Matriz - Recife
5994,2025-09-20,porta sabonete,CASA E UTILIDADES,1,"156,59",Dinheiro,Matriz - Recife
6624,2025-11-17,meia esportiva,Vestuário,1,"15,29",pix,Matriz - Recife
6947,2025-12-08,Cabo HDMI,Eletrônicos,1,"58,30",Dinheiro,Matriz - Recife
4481,2025-05-04,Amendoim Torrado,Alimentos,1,"156,76",Cartão de Crédito,Matriz - Recife
4860,2025-06-01,Chinelo de Dedo,Vestuário,1,"137,33",pix,Matriz - Recife
2886,2024-11-20,Jogo de Toalhas,Casa e Utilidades,1,"92,34",Pix,Matriz - Recife
685,10/04/2024,Boné Aba Reta,Vestuário,3,"110,56",pix,Matriz - Recife
857,30/04/2024,Marcador de Texto,Papelaria,4,"96,44",Pix,Matriz - Recife
127,2024-01-23,Jaqueta Corta-Vento,Vestuário,1,"62,51",pix,Matriz - Recife
3679,2025-02-05,Carregador USB-C,Eletrônicos,4,"14,73",Cartão de Crédito,Matriz - Recife
5918,11/09/2025,Mouse Sem Fio,Eletrônicos,1,"168,28",Dinheiro,Matriz - Recife
6625,2025-11-17,Porta Sabonete,CASA E UTILIDADES,5,"158,78",Cartão de Débito,Matriz - Recife
155,28-01-2024,amendoim torrado,Alimentos,3,"157,25",PIX,Matriz - Recife
5722,21-08-2025,Barra de Cereal,Alimentos,2,"145,53",Pix,Matriz - Recife
4141,2025-03-29,Cola Bastão,Papelaria,3,"44,03",Dinheiro,Matriz - Recife
7256,29-12-2025,Água de Coco 500ml,Alimentos,5,"64,98",PIX,Matriz - Recife
5755,25-08-2025,Suco de Caju 1L,Alimentos,2,"175,63",pix,Matriz - Recife
1674,10-07-2024,Chinelo de Dedo,Vestuário,1,"137,11",Dinheiro,Matriz - Recife
1952,11-08-2024,Vela Aromática,Casa e Utilidades,1,"28,55",pix,Matriz - Recife
4525,06/05/2025,Caderno Universitário,Papelaria,2,"200,12",Dinheiro,Matriz - Recife
1821,28/07/2024,Estojo Simples,Papelaria,1,"190,93",Dinheiro,Matriz - Recife
4700,22/05/2025,Marcador de Texto,Papelaria,1,"96,37",Pix,Matriz - Recife
6277,2025-10-21,Kit Panelas Antiaderente,Casa e Utilidades,2,"247,23",PIX,Matriz - Recife
2475,10/10/2024,Cola Bastão,Papelaria,2,"46,24",pix,Matriz - Recife
3117,08/12/2024,Amendoim Torrado,Alimentos,2,"142,76",PIX,Matriz - Recife
6621,2025-11-17,Escova de Limpeza,CASA E UTILIDADES,5,"205,15",PIX,Matriz - Recife
4196,04-04-2025,Escova de Limpeza,Casa e Utilidades,1,"209,65",PIX,Matriz - Recife
5134,23/06/2025,Chinelo de Dedo,Vestuário,2,"124,22",Cartão de Débito,Matriz - Recife
2040,2024-08-23,Caneta Esferográfica,Papelaria,1,"10,20",Dinheiro,Matriz - Recife
2490,11/10/2024,Vela Aromática,CASA E UTILIDADES,2,"30,52",Dinheiro,Matriz - Recife
211,2024-02-06,Porta Sabonete,Casa e Utilidades,2,"150,28",PIX,Matriz - Recife
3341,2024-12-26,camiseta básica,VESTUÁRIO,1,"231,72",Pix,Matriz - Recife
619,2024-04-02,Boné Aba Reta,Vestuário,2,"115,99",Pix,Matriz - Recife
1605,2024-07-02,Caderno Universitário,Papelaria,1,"193,90",Pix,Matriz - Recife
4995,11/06/2025,camiseta básica,Vestuário,1,"237,89",Cartão de Crédito,Matriz - Recife
442,12-03-2024,Meia Esportiva,Vestuário,1,"14,09",pix,Matriz - Recife
608,2024-03-31,Mochila Escolar,PAPELARIA,2,"217,77",Cartão de Crédito,Matriz - Recife
6822,30-11-2025,Caderno Universitário,PAPELARIA,1,"216,48",Cartão de Crédito,Matriz - Recife
5663,15-08-2025,Jogo de Toalhas,Casa e Utilidades,2,"88,50",PIX,Matriz - Recife
1501,24/06/2024,Carregador USB-C,Eletrônicos,1,"13,33",Pix,Matriz - Recife
3895,05-03-2025,Porta Sabonete,Casa e Utilidades,1,"145,87",Cartão de Crédito,Matriz - Recife
2586,2024-10-23,Barra de Cereal,ALIMENTOS,1,"129,89",,Matriz - Recife
6501,2025-11-07,Kit Panelas Antiaderente,CASA E UTILIDADES,1,"242,09",Dinheiro,Matriz - Recife
2500,13-10-2024,Barra de Cereal,,2,"131,34",pix,Matriz - Recife
285,2024-02-18,Amendoim Torrado,Alimentos,1,"154,11",pix,Matriz - Recife
555,2024-03-25,power bank 10000mah,Eletrônicos,1,"198,18",Cartão de Crédito,Matriz - Recife
7109,2025-12-19,Jogo de Toalhas,Casa e Utilidades,1,"82,42",Dinheiro,Matriz - Recife
5607,2025-08-10,Meia Esportiva,VESTUÁRIO,3,"16,03",pix,Matriz - Recife
1569,2024-06-29,Organizador de Gaveta,Casa e Utilidades,2,"30,12",Cartão de Débito,matriz-recife
6824,30/11/2025,Amendoim Torrado,Alimentos,3,"142,11",Cartão de Crédito,Matriz - Recife
1988,17/08/2024,Suco de Caju 1L,Alimentos,2,"176,56",Dinheiro,Matriz - Recife
6490,07-11-2025,Café Torrado 500g,Alimentos,1,"15,12",PIX,Matriz - Recife
3456,03/01/2025,Água de Coco 500ml,Alimentos,1,"61,06",pix,Matriz - Recife
5567,05-08-2025,chinelo de dedo,Vestuário,3,"135,99",Dinheiro,Matriz - Recife
5368,18-07-2025,Escova de Limpeza,Casa e Utilidades,1,"221,59",pix,Matriz - Recife
1140,25/05/2024,Power Bank 10000mAh,Eletrônicos,1,"175,88",Pix,Matriz - Recife
5806,2025-08-31,Marcador de Texto,Papelaria,3,"97,17",pix,Matriz - Recife
757,2024-04-19,Carregador USB-C,,5,"14,94",Cartão de Crédito,Matriz - Recife
2577,22/10/2024,Marcador de Texto,,2,"86,74",,Matriz - Recife
1476,2024-06-23,Carregador USB-C,Eletrônicos,3,"13,78",Cartão de Débito,Matriz - Recife
5969,2025-09-17,Água de Coco 500ml,Alimentos,5,"56,92",pix,Matriz - Recife
4230,08/04/2025,Marcador de Texto,Papelaria,1,"86,17",pix,Matriz - Recife
6794,27-11-2025,Chinelo de Dedo,Vestuário,3,"124,74",Cartão de Crédito,Matriz - Recife
5132,23-06-2025,Suco de Caju 1L,ALIMENTOS,1,"172,98",Pix,matriz-recife
3828,26/02/2025,Biscoito Recheado,ALIMENTOS,1,"58,05",PIX,Matriz - Recife
418,10/03/2024,Água de Coco 500ml,ALIMENTOS,1,"57,77",PIX,Matriz - Recife
4475,03-05-2025,Vela Aromática,Casa e Utilidades,1,"32,41",Pix,Matriz - Recife
5649,14-08-2025,Barra de Cereal,Alimentos,1,"142,54",Pix,Matriz - Recife
13,2024-01-03,Fone de Ouvido Bluetooth,Eletrônicos,4,"151,57",pix,Matriz - Recife
6533,09/11/2025,Fone de Ouvido Bluetooth,Eletrônicos,2,"163,45",Cartão de Débito,Matriz - Recife
1337,2024-06-10,Café Torrado 500g,Alimentos,1,"13,29",Dinheiro,Matriz - Recife
6064,29/09/2025,Marcador de Texto,Papelaria,-2,"83,77",PIX,Matriz - Recife
2280,2024-09-21,Caderno Universitário,Papelaria,1,"188,66",Cartão de Crédito,Matriz - Recife
2353,28/09/2024,barra de cereal,,1,"136,53",PIX,Matriz - Recife
2653,31-10-2024,Chinelo de Dedo,VESTUÁRIO,2,"133,27",Dinheiro,Matriz - Recife
2684,2024-11-03,Barra de Cereal,Alimentos,3,"130,52",Pix,Matriz - Recife
7250,28-12-2025,Cabo HDMI,Eletrônicos,2,"65,03",Pix,Matriz - Recife
7131,20/12/2025,Café Torrado 500g,Alimentos,4,"13,97",Dinheiro,Matriz - Recife
63,2024-01-10,Mochila Escolar,Papelaria,2,"202,81",Dinheiro,Matriz - Recife
3483,2025-01-07,Bermuda Jeans,Vestuário,1,"29,74",PIX,Matriz - Recife
4264,2025-04-11,Mouse Sem Fio,ELETRÔNICOS,3,"178,98",Dinheiro,Matriz - Recife
3944,2025-03-09,Caneta Esferográfica,Papelaria,2,"9,68",PIX,Matriz - Recife
7002,12-12-2025,Cola Bastão,Papelaria,1,"46,51",PIX,Matriz - Recife
2399,03-10-2024,Escova de Limpeza,Casa e Utilidades,4,"208,31",Dinheiro,Matriz - Recife
1768,21/07/2024,Boné Aba Reta,Vestuário,4,"115,87",Dinheiro,Matriz - Recife
6695,21-11-2025,Jogo de Toalhas,Casa e Utilidades,2,"90,32",Cartão de Débito,Matriz - Recife
321,24/02/2024,Camiseta Básica,Vestuário,4,"220,07",Dinheiro,Matriz - Recife
2354,28/09/2024,Chinelo de Dedo,Vestuário,3,"124,52",pix,Matriz - Recife
5173,2025-06-26,Porta Sabonete,,1,"155,49",PIX,Matriz - Recife
6768,25-11-2025,Organizador de Gaveta,Casa e Utilidades,1,"30,19",Pix,Matriz - Recife
2805,15-11-2024,Marcador de Texto,PAPELARIA,1,"97,22",Cartão de Débito,Matriz - Recife
3159,11-12-2024,Mochila Escolar,Papelaria,1,"196,47",pix,Matriz - Recife
6681,2025-11-20,Caderno Universitário,Papelaria,1,"211,36",Cartão de Crédito,matriz-recife
5443,2025-07-24,Cola Bastão,Papelaria,1,"44,92",Dinheiro,Matriz - Recife
3638,2025-01-31,Suco de Caju 1L,Alimentos,2,"159,64",PIX,Matriz - Recife
4670,18-05-2025,Mochila Escolar,PAPELARIA,1,"213,24",Cartão de Débito,Matriz - Recife
1599,01/07/2024,Marcador de Texto,Papelaria,-1,"94,48",Cartão de Débito,Matriz - Recife
2812,15-11-2024,Suco de Caju 1L,Alimentos,3,"164,56",PIX,Matriz - Recife
6418,2025-11-03,Mouse Sem Fio,Eletrônicos,1,"161,02",PIX,Matriz - Recife
4381,2025-04-25,Organizador de Gaveta,Casa e Utilidades,1,"32,78",PIX,Matriz - Recife
2148,05-09-2024,Power Bank 10000mAh,ELETRÔNICOS,1,"181,08",Cartão de Débito,Matriz - Recife
6866,2025-12-02,Camiseta Básica,Vestuário,1,"232,58",pix,Matriz - Recife
4902,04/06/2025,Caderno Universitário,Papelaria,1,"218,99",Cartão de Crédito,Matriz - Recife
3425,2024-12-31,Marcador de Texto,Papelaria,4,"93,71",Pix,Matriz - Recife
2414,04-10-2024,Caneta Esferográfica,PAPELARIA,5,"9,99",Cartão de Débito,Matriz - Recife
1332,10-06-2024,Mochila Escolar,Papelaria,1,"206,46",pix,Matriz - Recife
2069,2024-08-26,Power Bank 10000mAh,Eletrônicos,1,"200,82",pix,Matriz - Recife
5489,2025-07-28,Caderno Universitário,Papelaria,2,"218,30",pix,Matriz - Recife
2206,2024-09-12,Caneta Esferográfica,Papelaria,2,"9,64",Cartão de Débito,Matriz - Recife
6235,16/10/2025,Suco de Caju 1L,Alimentos,1,"178,05",Dinheiro,Matriz - Recife
7076,2025-12-16,Mochila Escolar,Papelaria,4,"218,77",pix,Matriz - Recife
3767,2025-02-17,Organizador de Gaveta,CASA E UTILIDADES,1,"32,96",Cartão de Débito,Matriz - Recife
5159,25-06-2025,Jogo de Toalhas,Casa e Utilidades,5,"93,29",Pix,Matriz - Recife
461,2024-03-14,Café Torrado 500g,Alimentos,5,"13,91",pix,Matriz - Recife
2655,31/10/2024,Vela Aromática,Casa e Utilidades,1,"30,91",Cartão de Débito,Matriz - Recife
1064,19-05-2024,Vela Aromática,CASA E UTILIDADES,2,"31,58",pix,Matriz - Recife
7211,2025-12-26,Vela Aromática,Casa e Utilidades,1,"30,25",Cartão de Crédito,Matriz - Recife
125,23-01-2024,Bermuda Jeans,Vestuário,2,"30,10",Cartão de Débito,Matriz - Recife
1103,21-05-2024,Caixa de Som Portátil,Eletrônicos,4,"78,16",Cartão de Crédito,Matriz - Recife
534,2024-03-23,Chinelo de Dedo,Vestuário,2,"123,68",Cartão de Débito,Matriz - Recife
6130,2025-10-06,Camiseta Básica,Vestuário,2,"228,39",Dinheiro,Matriz - Recife
5997,20-09-2025,Estojo Simples,PAPELARIA,1,"189,00",pix,Matriz - Recife
3169,12-12-2024,Boné Aba Reta,Vestuário,4,"118,54",Dinheiro,Matriz - Recife
2012,2024-08-20,Power Bank 10000mAh,Eletrônicos,4,"187,63",PIX,Matriz - Recife
3950,10-03-2025,Estojo Simples,Papelaria,1,"188,26",pix,Matriz - Recife
904,2024-05-04,Vela Aromática,Casa e Utilidades,2,"32,19",PIX,Matriz - Recife
4708,2025-05-23,Caneta Esferográfica,Papelaria,1,"9,19",PIX,Matriz - Recife
702,2024-04-12,Kit Panelas Antiaderente,Casa e Utilidades,1,"256,74",PIX,Matriz - Recife
223,2024-02-09,Porta Sabonete,Casa e Utilidades,1,"156,96",pix,Matriz - Recife
4682,19-05-2025,Carregador USB-C,Eletrônicos,1,"14,17",Dinheiro,Matriz - Recife
5422,22-07-2025,Cabo HDMI,Eletrônicos,1,"64,73",pix,Matriz - Recife
2716,2024-11-06,Caneta Esferográfica,Papelaria,3,"10,07",pix,Matriz - Recife
5365,18-07-2025,Caderno Universitário,Papelaria,2,"198,45",Dinheiro,Matriz - Recife
3212,15/12/2024,Cola Bastão,Papelaria,1,"44,24",pix,Matriz - Recife
5116,2025-06-21,Mouse Sem Fio,Eletrônicos,3,"171,11",Cartão de Débito,Matriz - Recife
1243,2024-06-04,Caderno Universitário,Papelaria,1,"215,15",Cartão de Crédito,Matriz - Recife
6330,26/10/2025,Boné Aba Reta,Vestuário,1,"102,21",pix,Matriz - Recife
6884,2025-12-03,Escova de Limpeza,Casa e Utilidades,3,"216,90",Dinheiro,Matriz - Recife
3303,22/12/2024,Cabo HDMI,Eletrônicos,3,"66,50",pix,Matriz - Recife
5728,22-08-2025,Cabo HDMI,ELETRÔNICOS,3,"61,88",Cartão de Crédito,Matriz - Recife
6219,15/10/2025,Organizador de Gaveta,Casa e Utilidades,1,"30,95",Pix,Matriz - Recife
1254,2024-06-04,Água de Coco 500ml,Alimentos,3,"61,36",Cartão de Débito,Matriz - Recife
177,31/01/2024,Cola Bastão,Papelaria,3,"45,08",PIX,Matriz - Recife
3650,2025-02-01,Bermuda Jeans,Vestuário,1,"28,82",Pix,Matriz - Recife
7085,2025-12-17,Água de Coco 500ml,Alimentos,1,"64,19",Cartão de Crédito,Matriz - Recife
3921,2025-03-08,Estojo Simples,Papelaria,2,"175,84",pix,Matriz - Recife
5780,2025-08-28,Caixa de Som Portátil,Eletrônicos,2,"80,08",Cartão de Crédito,Matriz - Recife
3343,2024-12-26,mouse sem fio,Eletrônicos,2,"176,45",Cartão de Crédito,Matriz - Recife
4977,09/06/2025,Cola Bastão,Papelaria,1,"45,15",Pix,Matriz - Recife
2230,14/09/2024,Barra de Cereal,Alimentos,2,"131,86",Pix,Matriz - Recife
5014,2025-06-12,Meia Esportiva,Vestuário,4,"14,57",pix,Matriz - Recife
4444,01/05/2025,jaqueta corta-vento,Vestuário,1,"60,61",Cartão de Débito,Matriz - Recife
4790,28/05/2025,Cola Bastão,PAPELARIA,1,"45,15",Dinheiro,Matriz - Recife
2238,2024-09-15,Caixa de Som Portátil,Eletrônicos,2,"70,76",PIX,Matriz - Recife
4828,2025-05-30,biscoito recheado,Alimentos,1,"52,08",Dinheiro,Matriz - Recife
1277,2024-06-06,Água de Coco 500ml,Alimentos,1,"64,66",Cartão de Crédito,Matriz - Recife
2722,06-11-2024,Mouse Sem Fio,Eletrônicos,3,"182,53",Pix,Matriz - Recife
1966,2024-08-14,Estojo Simples,Papelaria,2,"179,60",PIX,Matriz - Recife
5120,2025-06-22,Caderno Universitário,Papelaria,1,"206,77",PIX,Matriz - Recife
6534,2025-11-09,Fone de Ouvido Bluetooth,Eletrônicos,1,"152,25",pix,Matriz - Recife
3789,2025-02-20,Fone de Ouvido Bluetooth,Eletrônicos,2,"169,94",,Matriz - Recife
5105,21/06/2025,Estojo Simples,Papelaria,1,"166,79",Cartão de Débito,Matriz - Recife
1306,2024-06-08,Suco de Caju 1L,Alimentos,3,"155,67",Pix,Matriz - Recife
666,08/04/2024,café torrado 500g,Alimentos,2,"14,34",Pix,Matriz - Recife
3893,2025-03-05,Kit Panelas Antiaderente,Casa e Utilidades,1,"229,97",Pix,Matriz - Recife
4215,2025-04-07,Água de Coco 500ml,Alimentos,2,"59,51",Cartão de Crédito,Matriz - Recife
5035,2025-06-15,Organizador de Gaveta,Casa e Utilidades,1,"29,95",Dinheiro,Matriz - Recife
5080,19-06-2025,Cabo HDMI,Eletrônicos,1,"58,10",Pix,Matriz - Recife
7093,2025-12-18,Escova de Limpeza,Casa e Utilidades,1,"229,17",Pix,Matriz - Recife
4034,19-03-2025,Carregador USB-C,Eletrônicos,3,"14,24",pix,Matriz - Recife
2296,23/09/2024,escova de limpeza,Casa e Utilidades,2,"221,12",pix,Matriz - Recife
4788,28-05-2025,Água de Coco 500ml,,2,"58,26",Dinheiro,Matriz - Recife
3854,02/03/2025,Cola Bastão,Papelaria,4,"45,11",Dinheiro,Matriz - Recife
6238,17/10/2025,Fone de Ouvido Bluetooth,Eletrônicos,1,"166,70",Dinheiro,Matriz - Recife
5356,17-07-2025,Boné Aba Reta,Vestuário,2,"115,05",Dinheiro,Matriz - Recife
181,31-01-2024,Marcador de Texto,Papelaria,2,"97,17",Cartão de Débito,Matriz - Recife
3485,08-01-2025,Biscoito Recheado,Alimentos,1,"60,41",Cartão de Crédito,Matriz - Recife
1413,2024-06-18,Cabo HDMI,Eletrônicos,2,"58,69",Dinheiro,Matriz - Recife
2379,2024-10-01,Jogo de Toalhas,Casa e Utilidades,-1,"86,94",Pix,matriz-recife
6754,25/11/2025,Fone de Ouvido Bluetooth,Eletrônicos,1,"157,49",Dinheiro,Matriz - Recife
1648,07/07/2024,Boné Aba Reta,Vestuário,4,"104,66",Cartão de Débito,Matriz - Recife
2782,12-11-2024,Biscoito Recheado,Alimentos,1,"53,45",Cartão de Crédito,Matriz - Recife
3629,30/01/2025,Barra de Cereal,Alimentos,1,"145,14",Dinheiro,Matriz - Recife
5942,2025-09-14,Cabo HDMI,Eletrônicos,1,"62,27",pix,Matriz - Recife
569,2024-03-27,Suco de Caju 1L,ALIMENTOS,1,"152,79",PIX,Matriz - Recife
2905,2024-11-21,Jogo de Toalhas,CASA E UTILIDADES,3,"84,27",Dinheiro,Matriz - Recife
1892,05/08/2024,Caderno Universitário,Papelaria,1,"215,51",PIX,Matriz - Recife
1866,03/08/2024,Café Torrado 500g,Alimentos,3,"14,50",Cartão de Crédito,Matriz - Recife
6900,04/12/2025,Marcador de Texto,PAPELARIA,2,"89,96",Dinheiro,Matriz - Recife
1171,2024-05-28,Amendoim Torrado,Alimentos,2,"154,89",Pix,Matriz - Recife
3885,04/03/2025,Estojo Simples,PAPELARIA,3,"172,78",PIX,Matriz - Recife
5656,14/08/2025,Cola Bastão,Papelaria,1,"43,89",pix,Matriz - Recife
6605,15/11/2025,Porta Sabonete,,3,"155,71",Pix,Matriz - Recife
878,01-05-2024,Caixa de Som Portátil,Eletrônicos,1,"75,99",PIX,Matriz - Recife
1745,18/07/2024,Porta Sabonete,CASA E UTILIDADES,4,"151,87",pix,Matriz - Recife
2265,19/09/2024,Marcador de Texto,Papelaria,1,"85,54",Dinheiro,Matriz - Recife
5896,08/09/2025,Porta Sabonete,Casa e Utilidades,2,"164,76",PIX,Matriz - Recife
4874,2025-06-01,Suco de Caju 1L,Alimentos,1,"170,00",Dinheiro,Matriz - Recife
2142,04/09/2024,Café Torrado 500g,Alimentos,1,"13,41",Cartão de Crédito,Matriz - Recife
5814,2025-08-31,Barra de Cereal,,1,"141,94",Dinheiro,Matriz - Recife
1416,2024-06-18,Caixa de Som Portátil,Eletrônicos,5,"78,05",Dinheiro,Matriz - Recife
989,2024-05-12,Chinelo de Dedo,VESTUÁRIO,3,"138,03",PIX,Matriz - Recife
4235,09-04-2025,Água de Coco 500ml,Alimentos,2,"58,82",Dinheiro,Matriz - Recife
1473,23-06-2024,Cabo HDMI,Eletrônicos,5,"64,31",Dinheiro,Matriz - Recife
6649,2025-11-18,Barra de Cereal,Alimentos,-1,"135,67",pix,Matriz - Recife
1909,2024-08-07,Biscoito Recheado,Alimentos,1,"51,80",Dinheiro,Matriz - Recife
2199,11/09/2024,Carregador USB-C,ELETRÔNICOS,2,"12,99",PIX,Matriz - Recife
2081,28-08-2024,Kit Panelas Antiaderente,Casa e Utilidades,2,"235,01",Cartão de Crédito,Matriz - Recife
3858,2025-03-02,Camiseta Básica,VESTUÁRIO,3,"236,40",Cartão de Crédito,Matriz - Recife
1668,10/07/2024,Jogo de Toalhas,,1,"86,45",pix,Matriz - Recife
2853,18/11/2024,Água de Coco 500ml,Alimentos,1,"63,25",Cartão de Crédito,Matriz - Recife
4299,2025-04-15,Carregador USB-C,Eletrônicos,3,"14,18",PIX,Matriz - Recife
3427,31-12-2024,Cola Bastão,Papelaria,3,"47,47",Cartão de Débito,Matriz - Recife
1013,13-05-2024,Carregador USB-C,Eletrônicos,1,"15,06",Pix,Matriz - Recife
4810,29/05/2025,Suco de Caju 1L,,3,"166,30",PIX,Matriz - Recife
491,2024-03-17,Café Torrado 500g,ALIMENTOS,2,"15,01",pix,Matriz - Recife
2947,2024-11-25,Kit Panelas Antiaderente,Casa e Utilidades,1,"223,55",pix,Matriz - Recife
4954,2025-06-08,Amendoim Torrado,ALIMENTOS,5,"154,62",Pix,Matriz - Recife
4661,2025-05-17,Kit Panelas Antiaderente,Casa e Utilidades,1,"220,79",pix,Matriz - Recife
3222,16/12/2024,Carregador USB-C,,1,"13,28",Cartão de Débito,Matriz - Recife
3914,06/03/2025,Organizador de Gaveta,Casa e Utilidades,1,"33,71",Cartão de Crédito,Matriz - Recife
3174,12-12-2024,Suco de Caju 1L,Alimentos,2,"171,02",Pix,Matriz - Recife
6044,2025-09-26,Estojo Simples,Papelaria,3,"169,15",PIX,Matriz - Recife
466,2024-03-15,Amendoim Torrado,Alimentos,4,"146,28",Cartão de Crédito,Matriz - Recife
4748,2025-05-25,Organizador de Gaveta,Casa e Utilidades,3,"29,14",Pix,Matriz - Recife
3301,22/12/2024,Suco de Caju 1L,Alimentos,1,"172,47",pix,Matriz - Recife
6939,07/12/2025,Bermuda Jeans,Vestuário,1,"28,75",Pix,Matriz - Recife
5659,15/08/2025,Barra de Cereal,Alimentos,1,"134,29",Dinheiro,Matriz - Recife
2761,2024-11-11,escova de limpeza,Casa e Utilidades,1,"225,84",Cartão de Débito,Matriz - Recife
7110,19-12-2025,Organizador de Gaveta,Casa e Utilidades,1,"33,77",Cartão de Débito,Matriz - Recife
4752,26/05/2025,Estojo Simples,PAPELARIA,3,"163,28",Cartão de Débito,Matriz - Recife
2977,2024-11-28,Meia Esportiva,Vestuário,1,"15,77",PIX,Matriz - Recife
1408,17/06/2024,Chinelo de Dedo,Vestuário,2,"131,89",pix,Matriz - Recife
1009,13/05/2024,Cola Bastão,,1,"43,08",Pix,Matriz - Recife
4219,2025-04-07,Suco de Caju 1L,Alimentos,2,"162,16",Cartão de Crédito,Matriz - Recife
4702,22/05/2025,Meia Esportiva,Vestuário,2,"14,18",Pix,Matriz - Recife
4626,15/05/2025,Kit Panelas Antiaderente,Casa e Utilidades,2,"237,15",Pix,Matriz - Recife
6767,25/11/2025,Caderno Universitário,Papelaria,2,"208,35",PIX,Matriz - Recife
2090,30-08-2024,Jaqueta Corta-Vento,Vestuário,3,"57,22",pix,Matriz - Recife
6728,23-11-2025,Biscoito Recheado,Alimentos,1,"54,25",pix,Matriz - Recife
7036,14-12-2025,Caneta Esferográfica,Papelaria,1,"9,50",pix,Matriz - Recife
1575,30-06-2024,Suco de Caju 1L,Alimentos,2,"154,20",Cartão de Débito,Matriz - Recife
342,27-02-2024,Kit Panelas Antiaderente,CASA E UTILIDADES,1,"246,78",PIX,Matriz - Recife
3887,04-03-2025,água de coco 500ml,ALIMENTOS,1,"61,94",Pix,Matriz - Recife
4592,13-05-2025,Água de Coco 500ml,Alimentos,1,"63,80",pix,Matriz - Recife
4786,28-05-2025,Café Torrado 500g,Alimentos,3,"14,25",pix,Matriz - Recife
5164,26/06/2025,amendoim torrado,Alimentos,1,"151,20",PIX,Matriz - Recife
1681,2024-07-11,Bermuda Jeans,Vestuário,1,"29,92",Dinheiro,Matriz - Recife
2998,2024-11-29,Café Torrado 500g,Alimentos,1,"14,54",Cartão de Débito,Matriz - Recife
6956,2025-12-08,Porta Sabonete,Casa e Utilidades,3,"163,58",Dinheiro,Matriz - Recife
444,12/03/2024,Carregador USB-C,Eletrônicos,1,"13,82",Dinheiro,Matriz - Recife
6081,01-10-2025,Mochila Escolar,Papelaria,1,"207,05",Cartão de Débito,Matriz - Recife
470,15-03-2024,Marcador de Texto,Papelaria,1,"94,86",Pix,Matriz - Recife
187,2024-02-01,boné aba reta,Vestuário,1,"102,11",PIX,Matriz - Recife
898,2024-05-03,Cabo HDMI,ELETRÔNICOS,2,"59,05",Cartão de Débito,Matriz - Recife
6697,21/11/2025,Porta Sabonete,Casa e Utilidades,2,"157,17",Dinheiro,Matriz - Recife
3035,2024-12-01,Caixa de Som Portátil,Eletrônicos,1,"75,13",Cartão de Crédito,Matriz - Recife
3056,03/12/2024,Escova de Limpeza,Casa e Utilidades,-3,"196,88",pix,Matriz - Recife
5311,2025-07-12,chinelo de dedo,VESTUÁRIO,1,"122,89",Cartão de Débito,Matriz - Recife
5387,19-07-2025,Power Bank 10000mAh,Eletrônicos,1,"192,98",Cartão de Débito,Matriz - Recife
1548,28/06/2024,Boné Aba Reta,Vestuário,3,"113,00",PIX,Matriz - Recife
6932,06-12-2025,Caderno Universitário,Papelaria,2,"190,68",Cartão de Débito,Matriz - Recife
3141,10/12/2024,Mochila Escolar,Papelaria,-3,"190,01",Cartão de Crédito,Matriz - Recife
873,01/05/2024,Kit Panelas Antiaderente,Casa e Utilidades,4,"228,87",Pix,Matriz - Recife
6177,10/10/2025,Meia Esportiva,Vestuário,1,"14,99",Cartão de Débito,Matriz - Recife
2472,2024-10-10,Carregador USB-C,Eletrônicos,1,"15,07",Dinheiro,Matriz - Recife
5151,24-06-2025,Caderno Universitário,Papelaria,1,"188,27",Cartão de Débito,Matriz - Recife
5976,2025-09-17,marcador de texto,Papelaria,1,"85,65",Dinheiro,Matriz - Recife
6271,21-10-2025,Café Torrado 500g,Alimentos,2,"14,64",Cartão de Débito,Matriz - Recife
3665,03/02/2025,Amendoim Torrado,ALIMENTOS,1,"151,60",Dinheiro,Matriz - Recife
523,2024-03-21,Bermuda Jeans,VESTUÁRIO,1,"27,83",pix,Matriz - Recife
7153,23-12-2025,Barra de Cereal,Alimentos,2,"139,11",Cartão de Crédito,Matriz - Recife
1090,21-05-2024,Chinelo de Dedo,Vestuário,2,"132,76",Cartão de Crédito,Matriz - Recife
25,2024-01-05,Marcador de Texto,PAPELARIA,3,"91,22",Cartão de Crédito,Matriz - Recife
1947,11/08/2024,Estojo Simples,Papelaria,5,"166,54",Dinheiro,Matriz - Recife
3225,2024-12-17,Suco de Caju 1L,Alimentos,1,"161,47",pix,Matriz - Recife
5818,2025-08-31,água de coco 500ml,Alimentos,2,"63,29",PIX,Matriz - Recife
2667,2024-11-02,meia esportiva,Vestuário,2,"14,61",Cartão de Crédito,Matriz - Recife
4923,06-06-2025,Escova de Limpeza,Casa e Utilidades,5,"207,82",Cartão de Débito,Matriz - Recife
3737,13/02/2025,Biscoito Recheado,ALIMENTOS,1,"55,01",PIX,Matriz - Recife
4903,2025-06-04,Fone de Ouvido Bluetooth,,1,"166,38",Cartão de Débito,Matriz - Recife
4586,2025-05-12,Porta Sabonete,Casa e Utilidades,1,"142,35",Pix,Matriz - Recife
4844,2025-05-31,suco de caju 1l,Alimentos,3,"167,56",Cartão de Débito,Matriz - Recife
3490,2025-01-08,Bermuda Jeans,,1,"30,11",Cartão de Débito,Matriz - Recife
4849,31/05/2025,Caderno Universitário,Papelaria,1,"210,48",Cartão de Crédito,Matriz - Recife
3046,02-12-2024,Organizador de Gaveta,Casa e Utilidades,2,"29,24",Dinheiro,Matriz - Recife
7074,16-12-2025,Água de Coco 500ml,ALIMENTOS,1,"65,35",Cartão de Débito,Matriz - Recife
397,2024-03-08,Caneta Esferográfica,Papelaria,1,"9,45",Cartão de Crédito,Matriz - Recife
7277,30-12-2025,meia esportiva,Vestuário,1,"15,69",Dinheiro,Matriz - Recife
6136,06/10/2025,Power Bank 10000mAh,ELETRÔNICOS,1,"174,86",Dinheiro,Matriz - Recife
3867,03-03-2025,Marcador de Texto,Papelaria,2,"91,35",pix,Matriz - Recife
4957,2025-06-08,Café Torrado 500g,Alimentos,1,"14,49",Cartão de Crédito,Matriz - Recife
5665,2025-08-15,Estojo Simples,Papelaria,2,"171,18",pix,Matriz - Recife
4269,11/04/2025,Fone de Ouvido Bluetooth,Eletrônicos,4,"150,98",Pix,Matriz - Recife
4421,29/04/2025,Porta Sabonete,Casa e Utilidades,1,"149,64",Dinheiro,Matriz - Recife
1914,07/08/2024,Bermuda Jeans,Vestuário,1,"26,90",Cartão de Crédito,Matriz - Recife
23,05-01-2024,Boné Aba Reta,Vestuário,1,"103,19",PIX,Matriz - Recife
2531,16-10-2024,marcador de texto,Papelaria,1,"91,18",,Matriz - Recife
154,27-01-2024,Barra de Cereal,ALIMENTOS,3,"136,93",PIX,Matriz - Recife
5878,06/09/2025,Kit Panelas Antiaderente,Casa e Utilidades,1,"256,23",Cartão de Débito,Matriz - Recife
4512,2025-05-05,Mochila Escolar,Papelaria,1,"194,94",Dinheiro,Matriz - Recife
4268,2025-04-11,Biscoito Recheado,ALIMENTOS,3,"56,48",Cartão de Crédito,Matriz - Recife
2316,24-09-2024,Fone de Ouvido Bluetooth,Eletrônicos,1,"152,45",Dinheiro,Matriz - Recife
4717,24-05-2025,Fone de Ouvido Bluetooth,Eletrônicos,5,"164,91",Dinheiro,Matriz - Recife
4049,2025-03-21,Água de Coco 500ml,Alimentos,5,"64,86",pix,Matriz - Recife
4474,03/05/2025,Porta Sabonete,Casa e Utilidades,1,"146,44",pix,Matriz - Recife
2366,29/09/2024,Cola Bastão,Papelaria,1,"47,45",pix,Matriz - Recife
974,2024-05-10,Porta Sabonete,CASA E UTILIDADES,1,"146,64",Pix,Matriz - Recife
6287,2025-10-22,Camiseta Básica,,4,"233,10",Dinheiro,Matriz - Recife
6791,27/11/2025,Cola Bastão,Papelaria,3,"46,08",Cartão de Crédito,Matriz - Recife
2897,2024-11-20,amendoim torrado,Alimentos,2,"154,70",PIX,Matriz - Recife
1345,11-06-2024,Kit Panelas Antiaderente,CASA E UTILIDADES,4,"255,57",Cartão de Débito,Matriz - Recife
2003,2024-08-19,Estojo Simples,Papelaria,1,"177,41",Cartão de Débito,Matriz - Recife
5254,03-07-2025,Café Torrado 500g,Alimentos,2,"13,48",Dinheiro,Matriz - Recife
3404,29/12/2024,mouse sem fio,ELETRÔNICOS,1,"176,26",Cartão de Crédito,Matriz - Recife
87,15-01-2024,Jogo de Toalhas,Casa e Utilidades,1,"87,61",Pix,Matriz - Recife
7276,30/12/2025,Vela Aromática,Casa e Utilidades,-1,"31,91",Cartão de Débito,Matriz - Recife
1746,19-07-2024,Meia Esportiva,Vestuário,1,"15,02",Dinheiro,Matriz - Recife
5777,27-08-2025,Kit Panelas Antiaderente,CASA E UTILIDADES,1,"247,12",pix,Matriz - Recife
4818,29-05-2025,Meia Esportiva,,2,"14,40",Cartão de Débito,Matriz - Recife
1370,13-06-2024,Marcador de Texto,Papelaria,2,"88,55",PIX,Matriz - Recife
233,10-02-2024,Chinelo de Dedo,Vestuário,5,"122,85",Cartão de Débito,Matriz - Recife
277,16/02/2024,Fone de Ouvido Bluetooth,Eletrônicos,2,"170,76",pix,Matriz - Recife
6188,12/10/2025,Caneta Esferográfica,Papelaria,1,"9,77",Pix,Matriz - Recife
2428,2024-10-06,Água de Coco 500ml,Alimentos,1,"65,53",Pix,Matriz - Recife
7123,20-12-2025,cola bastão,PAPELARIA,3,"47,06",pix,Matriz - Recife
1837,30/07/2024,Organizador de Gaveta,Casa e Utilidades,2,"30,07",Cartão de Débito,Matriz - Recife
7168,23/12/2025,Caneta Esferográfica,Papelaria,2,"10,18",pix,Matriz - Recife
1700,14-07-2024,Biscoito Recheado,ALIMENTOS,1,"56,85",Cartão de Crédito,Matriz - Recife
453,14/03/2024,Café Torrado 500g,Alimentos,1,"13,96",Dinheiro,Matriz - Recife
4800,29/05/2025,organizador de gaveta,Casa e Utilidades,2,"31,79",pix,Matriz - Recife
7202,2025-12-25,Bermuda Jeans,Vestuário,3,"28,83",pix,Matriz - Recife
6135,06/10/2025,Amendoim Torrado,Alimentos,1,"147,11",Dinheiro,Matriz - Recife
7020,14-12-2025,Boné Aba Reta,Vestuário,3,"115,70",PIX,Matriz - Recife
4426,30/04/2025,Água de Coco 500ml,Alimentos,-4,"61,17",Dinheiro,Matriz - Recife
1944,11/08/2024,Power Bank 10000mAh,Eletrônicos,2,"172,30",,Matriz - Recife
1343,11-06-2024,Cola Bastão,Papelaria,1,"47,19",pix,Matriz - Recife
5167,2025-06-26,Meia Esportiva,Vestuário,3,"15,70",pix,Matriz - Recife
7111,19-12-2025,Escova de Limpeza,Casa e Utilidades,3,"201,97",PIX,Matriz - Recife
3472,2025-01-06,Power Bank 10000mAh,Eletrônicos,3,"187,03",Cartão de Crédito,Matriz - Recife
725,2024-04-16,mouse sem fio,Eletrônicos,-1,"169,67",PIX,Matriz - Recife
2662,02/11/2024,Água de Coco 500ml,Alimentos,1,"60,58",Pix,Matriz - Recife
1571,2024-06-30,Organizador de Gaveta,Casa e Utilidades,1,"30,88",Dinheiro,Matriz - Recife
6295,23-10-2025,Cabo HDMI,Eletrônicos,2,"62,83",Dinheiro,Matriz - Recife
1407,17-06-2024,Biscoito Recheado,Alimentos,4,"55,16",Cartão de Débito,Matriz - Recife
6527,2025-11-09,Porta Sabonete,Casa e Utilidades,3,"161,08",Cartão de Débito,Matriz - Recife
6827,30/11/2025,Jogo de Toalhas,Casa e Utilidades,2,"89,37",Cartão de Débito,Matriz - Recife
2135,03-09-2024,cola bastão,Papelaria,-1,"43,01",Cartão de Débito,Matriz - Recife
5601,2025-08-09,Estojo Simples,PAPELARIA,2,"170,24",Cartão de Débito,Matriz - Recife
5092,20-06-2025,bermuda jeans,Vestuário,2,"27,66",Dinheiro,Matriz - Recife
2229,2024-09-14,Caderno Universitário,Papelaria,2,"190,21",PIX,Matriz - Recife
5890,08-09-2025,Marcador de Texto,Papelaria,3,"83,19",Dinheiro,Matriz - Recife
5707,20/08/2025,Organizador de Gaveta,Casa e Utilidades,3,"30,42",Dinheiro,Matriz - Recife
6032,25-09-2025,Chinelo de Dedo,Vestuário,5,"124,97",Pix,Matriz - Recife
1804,26-07-2024,Caneta Esferográfica,Papelaria,1,"9,92",PIX,Matriz - Recife
3123,2024-12-09,escova de limpeza,Casa e Utilidades,1,"226,28",PIX,Matriz - Recife
5114,2025-06-21,Meia Esportiva,VESTUÁRIO,1,"15,85",Cartão de Crédito,Matriz - Recife
1812,2024-07-27,Fone de Ouvido Bluetooth,Eletrônicos,1,"157,19",pix,Matriz - Recife
5959,2025-09-15,Camiseta Básica,Vestuário,2,"208,36",Cartão de Crédito,Matriz - Recife
504,19-03-2024,Mouse Sem Fio,,2,"171,39",pix,Matriz - Recife
1049,17/05/2024,Jaqueta Corta-Vento,Vestuário,3,"62,03",PIX,Matriz - Recife
2462,09/10/2024,café torrado 500g,Alimentos,4,"14,05",Cartão de Crédito,Matriz - Recife
2688,03/11/2024,Kit Panelas Antiaderente,Casa e Utilidades,2,"246,01",Cartão de Débito,Matriz - Recife
951,2024-05-09,Escova de Limpeza,Casa e Utilidades,3,"196,27",Pix,Matriz - Recife
1325,2024-06-09,Porta Sabonete,Casa e Utilidades,-2,"160,53",PIX,Matriz - Recife
870,01/05/2024,Escova de Limpeza,Casa e Utilidades,1,"212,34",Cartão de Crédito,Matriz - Recife
2794,14/11/2024,Mochila Escolar,Papelaria,1,"192,40",Cartão de Crédito,Matriz - Recife
1915,07-08-2024,Vela Aromática,Casa e Utilidades,2,"30,37",pix,Matriz - Recife
2579,22-10-2024,Vela Aromática,CASA E UTILIDADES,1,"30,55",PIX,Matriz - Recife
2263,2024-09-19,mouse sem fio,Eletrônicos,2,"159,55",Dinheiro,Matriz - Recife
752,2024-04-19,Caixa de Som Portátil,ELETRÔNICOS,5,"70,74",Cartão de Débito,Matriz - Recife
239,11-02-2024,Organizador de Gaveta,Casa e Utilidades,1,"30,92",pix,Matriz - Recife
7241,28/12/2025,Organizador de Gaveta,Casa e Utilidades,1,"31,66",Pix,Matriz - Recife
741,18-04-2024,Jaqueta Corta-Vento,Vestuário,2,"60,83",Dinheiro,Matriz - Recife
3994,2025-03-15,Caderno Universitário,Papelaria,3,"201,19",Pix,Matriz - Recife
5126,22/06/2025,Cola Bastão,Papelaria,2,"47,73",Cartão de Crédito,Matriz - Recife
6505,2025-11-08,Marcador de Texto,Papelaria,1,"91,90",Pix,Matriz - Recife
810,25/04/2024,Meia Esportiva,Vestuário,1,"15,20",PIX,Matriz - Recife
4803,29-05-2025,Amendoim Torrado,Alimentos,5,"152,44",Pix,Matriz - Recife
3987,14-03-2025,Jaqueta Corta-Vento,Vestuário,4,"60,26",Dinheiro,Matriz - Recife
6324,25/10/2025,Água de Coco 500ml,,4,"60,18",Dinheiro,Matriz - Recife
5332,14-07-2025,Estojo Simples,PAPELARIA,2,"166,42",Cartão de Débito,Matriz - Recife
226,2024-02-09,Estojo Simples,Papelaria,2,"180,73",Pix,Matriz - Recife
623,02/04/2024,Caneta Esferográfica,Papelaria,4,"9,91",Pix,Matriz - Recife
2282,2024-09-21,Chinelo de Dedo,Vestuário,1,"131,54",PIX,Matriz - Recife
4464,02-05-2025,power bank 10000mah,Eletrônicos,1,"179,00",Cartão de Débito,Matriz - Recife
4552,09-05-2025,Boné Aba Reta,Vestuário,2,"116,38",Pix,Matriz - Recife
5413,21-07-2025,Meia Esportiva,Vestuário,4,"16,37",PIX,Matriz - Recife
435,11/03/2024,Meia Esportiva,Vestuário,1,"14,36",Cartão de Débito,Matriz - Recife
5880,07-09-2025,Barra de Cereal,Alimentos,4,"144,25",pix,Matriz - Recife
5046,2025-06-16,Caneta Esferográfica,Papelaria,1,"8,90",Cartão de Débito,Matriz - Recife
3696,2025-02-07,Boné Aba Reta,VESTUÁRIO,1,"118,58",Cartão de Débito,Matriz - Recife
7039,2025-12-15,Escova de Limpeza,Casa e Utilidades,2,"222,94",pix,Matriz - Recife
4673,18-05-2025,Mouse Sem Fio,Eletrônicos,1,"179,95",Dinheiro,Matriz - Recife
4714,23-05-2025,Bermuda Jeans,VESTUÁRIO,3,"28,11",Cartão de Débito,Matriz - Recife
2392,2024-10-03,Organizador de Gaveta,Casa e Utilidades,1,"33,57",pix,Matriz - Recife
1380,14-06-2024,Meia Esportiva,Vestuário,3,"14,00",Dinheiro,Matriz - Recife
1196,2024-05-31,Jaqueta Corta-Vento,Vestuário,3,"59,55",Cartão de Débito,Matriz - Recife
5182,27/06/2025,Cabo HDMI,Eletrônicos,4,"57,08",Cartão de Crédito,Matriz - Recife
3728,11-02-2025,Café Torrado 500g,Alimentos,2,"13,73",Dinheiro,Matriz - Recife
5852,03/09/2025,porta sabonete,Casa e Utilidades,2,"164,59",Cartão de Crédito,Matriz - Recife
3279,2024-12-21,Boné Aba Reta,Vestuário,2,"113,17",PIX,Matriz - Recife
1423,19-06-2024,Caixa de Som Portátil,Eletrônicos,1,"78,75",Cartão de Débito,Matriz - Recife
2102,31/08/2024,Barra de Cereal,ALIMENTOS,4,"130,55",pix,Matriz - Recife
3538,19-01-2025,Marcador de Texto,Papelaria,1,"95,46",Dinheiro,Matriz - Recife
6163,2025-10-09,Jaqueta Corta-Vento,VESTUÁRIO,1,"57,73",Dinheiro,Matriz - Recife
5723,2025-08-22,Cola Bastão,PAPELARIA,2,"43,23",Cartão de Débito,Matriz - Recife
6829,2025-11-30,Vela Aromática,Casa e Utilidades,3,"29,41",Cartão de Crédito,Matriz - Recife
5741,24/08/2025,Chinelo de Dedo,Vestuário,3,"125,25",Cartão de Crédito,Matriz - Recife
5416,2025-07-22,Jaqueta Corta-Vento,Vestuário,2,"60,24",Dinheiro,Matriz - Recife
4123,28-03-2025,Mochila Escolar,Papelaria,1,"217,60",Dinheiro,Matriz - Recife
2014,2024-08-20,Meia Esportiva,Vestuário,3,"15,43",PIX,Matriz - Recife
4303,15/04/2025,Estojo Simples,PAPELARIA,1,"164,58",Cartão de Crédito,Matriz - Recife
434,11/03/2024,Power Bank 10000mAh,Eletrônicos,4,"178,05",PIX,Matriz - Recife
7116,19/12/2025,Boné Aba Reta,Vestuário,2,"108,87",Dinheiro,Matriz - Recife
5618,11-08-2025,Amendoim Torrado,ALIMENTOS,-1,"152,75",pix,Matriz - Recife
465,2024-03-15,Café Torrado 500g,Alimentos,2,"14,64",PIX,Matriz - Recife
3832,27-02-2025,Power Bank 10000mAh,Eletrônicos,4,"192,85",Dinheiro,Matriz - Recife
2628,27-10-2024,Boné Aba Reta,,2,"107,12",Pix,Matriz - Recife
4938,07-06-2025,Suco de Caju 1L,Alimentos,4,"176,98",Dinheiro,Matriz - Recife
1250,04-06-2024,mochila escolar,Papelaria,1,"194,19",Dinheiro,Matriz - Recife
2021,21-08-2024,Bermuda Jeans,Vestuário,2,"28,12",Pix,Matriz - Recife
2458,2024-10-08,escova de limpeza,Casa e Utilidades,3,"209,01",Cartão de Débito,Matriz - Recife
6759,25-11-2025,Jogo de Toalhas,Casa e Utilidades,1,"93,68",pix,Matriz - Recife
2859,18/11/2024,Amendoim Torrado,Alimentos,4,"151,10",Cartão de Crédito,Matriz - Recife
7067,16/12/2025,Estojo Simples,,1,"165,74",Dinheiro,Matriz - Recife
6013,2025-09-22,Caneta Esferográfica,Papelaria,4,"9,64",Pix,Matriz - Recife
1725,16/07/2024,Barra de Cereal,ALIMENTOS,2,"138,31",Dinheiro,Matriz - Recife
6857,02-12-2025,Organizador de Gaveta,Casa e Utilidades,2,"30,84",PIX,Matriz - Recife
4775,27/05/2025,Bermuda Jeans,Vestuário,3,"28,35",Cartão de Crédito,Matriz - Recife
2487,2024-10-11,Meia Esportiva,Vestuário,3,"15,09",Pix,Matriz - Recife
3528,17-01-2025,Cola Bastão,Papelaria,3,"47,79",PIX,Matriz - Recife
1709,15/07/2024,Marcador de Texto,Papelaria,4,"88,91",Cartão de Débito,Matriz - Recife
6974,11-12-2025,Cabo HDMI,Eletrônicos,1,"63,97",pix,Matriz - Recife
7051,15/12/2025,Bermuda Jeans,VESTUÁRIO,3,"29,58",Dinheiro,Matriz - Recife
217,2024-02-08,Boné Aba Reta,Vestuário,1,"107,88",Cartão de Débito,Matriz - Recife
2393,03-10-2024,Vela Aromática,Casa e Utilidades,1,"29,24",Cartão de Débito,Matriz - Recife
715,2024-04-15,Chinelo de Dedo,VESTUÁRIO,1,"124,95",Cartão de Débito,Matriz - Recife
4397,28/04/2025,jogo de toalhas,Casa e Utilidades,1,"90,22",Cartão de Crédito,Matriz - Recife
2409,04-10-2024,carregador usb-c,Eletrônicos,2,"13,47",Cartão de Crédito,Matriz - Recife
4934,2025-06-06,Cola Bastão,Papelaria,2,"42,10",Dinheiro,Matriz - Recife
4126,2025-03-28,Jaqueta Corta-Vento,,3,"61,07",PIX,Matriz - Recife
2679,02-11-2024,Camiseta Básica,Vestuário,4,"237,31",Cartão de Débito,Matriz - Recife
4917,05/06/2025,Mochila Escolar,Papelaria,1,"200,89",Dinheiro,Matriz - Recife
6686,20-11-2025,Vela Aromática,Casa e Utilidades,1,"28,48",Dinheiro,Matriz - Recife
2927,24-11-2024,Kit Panelas Antiaderente,Casa e Utilidades,1,"235,26",Cartão de Crédito,Matriz - Recife
6014,22-09-2025,Água de Coco 500ml,Alimentos,3,"62,18",Dinheiro,Matriz - Recife
6036,26-09-2025,Fone de Ouvido Bluetooth,ELETRÔNICOS,3,"150,31",Dinheiro,Matriz - Recife
5504,2025-07-31,Barra de Cereal,ALIMENTOS,1,"142,77",Cartão de Débito,Matriz - Recife
1229,2024-06-02,Caderno Universitário,Papelaria,4,"213,03",Cartão de Débito,Matriz - Recife
210,06-02-2024,Caderno Universitário,Papelaria,1,"196,01",Cartão de Crédito,Matriz - Recife
2837,2024-11-16,jogo de toalhas,CASA E UTILIDADES,2,"89,03",Cartão de Crédito,Matriz - Recife
1811,27/07/2024,Porta Sabonete,Casa e Utilidades,5,"147,97",Dinheiro,Matriz - Recife
2020,21-08-2024,Caixa de Som Portátil,Eletrônicos,2,"73,29",Pix,Matriz - Recife
1978,15-08-2024,água de coco 500ml,Alimentos,-3,"58,97",Cartão de Crédito,Matriz - Recife
2555,19/10/2024,Biscoito Recheado,Alimentos,5,"57,71",PIX,Matriz - Recife
990,12-05-2024,Vela Aromática,Casa e Utilidades,5,"28,95",PIX,Matriz - Recife
2530,2024-10-16,Marcador de Texto,Papelaria,1,"96,94",Dinheiro,Matriz - Recife
6839,30-11-2025,Marcador de Texto,Papelaria,1,"92,71",Cartão de Crédito,Matriz - Recife
6626,2025-11-17,Caderno Universitário,Papelaria,1,"198,20",Dinheiro,Matriz - Recife
2076,27/08/2024,Camiseta Básica,VESTUÁRIO,1,"213,07",pix,Matriz - Recife
7149,23/12/2025,Cola Bastão,Papelaria,1,"42,99",pix,Matriz - Recife
2915,23/11/2024,Amendoim Torrado,Alimentos,1,"143,07",,Matriz - Recife
2698,04-11-2024,Mochila Escolar,Papelaria,1,"197,90",Dinheiro,Matriz - Recife
4156,2025-03-31,Biscoito Recheado,Alimentos,4,"53,89",Dinheiro,Matriz - Recife
198,03/02/2024,Escova de Limpeza,CASA E UTILIDADES,5,"209,57",Cartão de Crédito,Matriz - Recife
5306,2025-07-11,Organizador de Gaveta,Casa e Utilidades,2,"33,48",Cartão de Débito,Matriz - Recife
3049,2024-12-03,Estojo Simples,PAPELARIA,2,"186,53",Pix,Matriz - Recife
3824,2025-02-25,Café Torrado 500g,Alimentos,3,"13,92",Pix,Matriz - Recife
6069,30-09-2025,Vela Aromática,CASA E UTILIDADES,2,"29,51",Cartão de Crédito,Matriz - Recife
5259,2025-07-04,Kit Panelas Antiaderente,Casa e Utilidades,1,"252,35",Dinheiro,Matriz - Recife
2309,2024-09-24,Kit Panelas Antiaderente,Casa e Utilidades,2,"247,95",Cartão de Crédito,Matriz - Recife
417,10-03-2024,Jaqueta Corta-Vento,Vestuário,-2,"59,69",Pix,Matriz - Recife
4674,19/05/2025,Porta Sabonete,Casa e Utilidades,3,"150,00",Cartão de Débito,Matriz - Recife
5676,17/08/2025,café torrado 500g,Alimentos,2,"13,28",Pix,Matriz - Recife
5241,2025-07-01,Jogo de Toalhas,Casa e Utilidades,1,"96,60",Dinheiro,Matriz - Recife
2545,2024-10-18,Boné Aba Reta,VESTUÁRIO,2,"113,29",pix,matriz-recife
4248,10-04-2025,Kit Panelas Antiaderente,Casa e Utilidades,3,"240,67",PIX,Matriz - Recife
2712,2024-11-05,Mouse Sem Fio,Eletrônicos,1,"172,52",Cartão de Crédito,Matriz - Recife
3918,2025-03-07,Caixa de Som Portátil,Eletrônicos,2,"73,20",Dinheiro,Matriz - Recife
4015,2025-03-17,Cola Bastão,Papelaria,5,"42,55",Pix,Matriz - Recife
3534,18-01-2025,Meia Esportiva,Vestuário,1,"14,79",Cartão de Crédito,Matriz - Recife
3801,2025-02-22,Marcador de Texto,Papelaria,2,"83,55",pix,Matriz - Recife
1776,2024-07-22,Estojo Simples,PAPELARIA,1,"165,94",Dinheiro,Matriz - Recife
5327,13-07-2025,Biscoito Recheado,ALIMENTOS,1,"52,04",pix,Matriz - Recife
7151,2025-12-23,Água de Coco 500ml,Alimentos,1,"62,51",Dinheiro,Matriz - Recife
3714,2025-02-09,Biscoito Recheado,Alimentos,3,"56,01",Pix,Matriz - Recife
6415,2025-11-03,Mouse Sem Fio,Eletrônicos,1,"172,51",PIX,Matriz - Recife
6551,11-11-2025,Fone de Ouvido Bluetooth,Eletrônicos,2,"152,76",Cartão de Débito,Matriz - Recife
6276,21-10-2025,Bermuda Jeans,Vestuário,2,"29,40",Dinheiro,Matriz - Recife
1422,2024-06-19,Caixa de Som Portátil,Eletrônicos,4,"69,42",Pix,Matriz - Recife
4326,18/04/2025,Escova de Limpeza,Casa e Utilidades,4,"226,04",Cartão de Débito,Matriz - Recife
3850,2025-03-01,estojo simples,Papelaria,3,"170,38",PIX,Matriz - Recife
257,13/02/2024,Caneta Esferográfica,PAPELARIA,1,"10,10",Pix,Matriz - Recife
1267,2024-06-05,Caderno Universitário,Papelaria,1,"217,42",Cartão de Crédito,Matriz - Recife
6381,2025-11-01,café torrado 500g,Alimentos,2,"15,02",Cartão de Crédito,matriz-recife
2747,08/11/2024,Vela Aromática,CASA E UTILIDADES,1,"30,76",PIX,Matriz - Recife
6904,2025-12-05,Amendoim Torrado,Alimentos,3,"142,15",Pix,Matriz - Recife
1459,21/06/2024,Jaqueta Corta-Vento,Vestuário,1,"63,05",Pix,Matriz - Recife
5548,03/08/2025,Kit Panelas Antiaderente,Casa e Utilidades,1,"231,27",pix,matriz-recife
2286,2024-09-22,Bermuda Jeans,Vestuário,1,"27,05",PIX,Matriz - Recife
1666,2024-07-09,Meia Esportiva,Vestuário,4,"15,81",Cartão de Crédito,Matriz - Recife
5727,22/08/2025,Mouse Sem Fio,Eletrônicos,1,"183,06",pix,Matriz - Recife
3393,2024-12-29,Porta Sabonete,,2,"152,56",PIX,Matriz - Recife
4115,27/03/2025,Boné Aba Reta,Vestuário,4,"103,14",PIX,Matriz - Recife
2709,05/11/2024,Carregador USB-C,Eletrônicos,1,"14,26",Cartão de Crédito,Matriz - Recife
4176,02-04-2025,Biscoito Recheado,Alimentos,4,"56,44",Pix,Matriz - Recife
4174,2025-04-01,Caixa de Som Portátil,Eletrônicos,1,"79,73",Cartão de Débito,Matriz - Recife
3553,21/01/2025,Caderno Universitário,Papelaria,5,"193,44",Cartão de Crédito,Matriz - Recife
5687,18-08-2025,Amendoim Torrado,Alimentos,2,"145,40",Cartão de Débito,Matriz - Recife
5951,14-09-2025,Caixa de Som Portátil,ELETRÔNICOS,4,"75,05",Pix,Matriz - Recife
4319,2025-04-17,Cola Bastão,Papelaria,1,"47,76",,Matriz - Recife
6933,2025-12-06,Cabo HDMI,Eletrônicos,3,"66,24",Cartão de Crédito,Matriz - Recife
5317,12/07/2025,Vela Aromática,Casa e Utilidades,2,"29,54",Pix,Matriz - Recife
6643,2025-11-18,Jaqueta Corta-Vento,VESTUÁRIO,4,"65,62",,Matriz - Recife
2484,11/10/2024,Barra de Cereal,Alimentos,1,"145,80",Pix,Matriz - Recife
4341,20-04-2025,Mochila Escolar,Papelaria,1,"193,99",PIX,Matriz - Recife
4082,24/03/2025,Caixa de Som Portátil,Eletrônicos,1,"71,65",pix,Matriz - Recife
6280,2025-10-22,Boné Aba Reta,Vestuário,4,"102,62",Dinheiro,Matriz - Recife
3186,14-12-2024,Jogo de Toalhas,Casa e Utilidades,3,"86,66",PIX,Matriz - Recife
3647,2025-01-31,Jogo de Toalhas,Casa e Utilidades,1,"83,75",pix,Matriz - Recife
4410,2025-04-29,chinelo de dedo,Vestuário,2,"121,44",Pix,Matriz - Recife
1556,29-06-2024,Bermuda Jeans,,1,"28,17",PIX,Matriz - Recife
2689,03/11/2024,Porta Sabonete,Casa e Utilidades,5,"153,10",Dinheiro,matriz-recife
4041,20/03/2025,Amendoim Torrado,Alimentos,1,"142,54",Cartão de Débito,Matriz - Recife
4909,2025-06-04,Porta Sabonete,Casa e Utilidades,-4,"163,60",Pix,Matriz - Recife
6806,28-11-2025,Carregador USB-C,Eletrônicos,1,"13,65",PIX,Matriz - Recife
244,12-02-2024,power bank 10000mah,Eletrônicos,2,"174,77",Pix,Matriz - Recife
566,26-03-2024,Estojo Simples,,2,"178,15",Dinheiro,Matriz - Recife
3071,2024-12-04,Marcador de Texto,Papelaria,1,"95,00",Pix,Matriz - Recife
1738,17/07/2024,Caixa de Som Portátil,Eletrônicos,1,"79,09",PIX,Matriz - Recife
6955,2025-12-08,Escova de Limpeza,Casa e Utilidades,2,"204,14",Cartão de Crédito,Matriz - Recife
4366,23/04/2025,Mochila Escolar,Papelaria,2,"206,90",Pix,Matriz - Recife
1215,01/06/2024,Suco de Caju 1L,Alimentos,1,"170,58",Cartão de Crédito,Matriz - Recife
1508,25-06-2024,Mochila Escolar,Papelaria,1,"198,70",Dinheiro,Matriz - Recife
6940,2025-12-07,Porta Sabonete,Casa e Utilidades,2,"145,65",Pix,Matriz - Recife
6572,12/11/2025,Escova de Limpeza,Casa e Utilidades,1,"224,92",pix,Matriz - Recife
5908,2025-09-10,Camiseta Básica,Vestuário,2,"227,93",Dinheiro,Matriz - Recife
4722,24-05-2025,Caderno Universitário,Papelaria,1,"219,70",Cartão de Débito,Matriz - Recife
5459,25/07/2025,Organizador de Gaveta,,2,"32,70",,Matriz - Recife
1655,08/07/2024,mouse sem fio,Eletrônicos,4,"179,55",Pix,Matriz - Recife
1482,2024-06-23,Jaqueta Corta-Vento,Vestuário,1,"59,80",Pix,Matriz - Recife
6921,05-12-2025,Mouse Sem Fio,ELETRÔNICOS,2,"181,79",Dinheiro,Matriz - Recife
4545,2025-05-08,Bermuda Jeans,Vestuário,2,"29,60",Cartão de Crédito,Matriz - Recife
6486,2025-11-07,Estojo Simples,Papelaria,4,"189,00",pix,Matriz - Recife
275,2024-02-16,Carregador USB-C,Eletrônicos,1,"13,58",PIX,Matriz - Recife
6239,17/10/2025,Organizador de Gaveta,Casa e Utilidades,-2,"33,18",pix,Matriz - Recife
1430,20/06/2024,Chinelo de Dedo,Vestuário,1,"122,40",PIX,Matriz - Recife
5248,02/07/2025,Mouse Sem Fio,Eletrônicos,4,"181,71",Dinheiro,Matriz - Recife
3604,27/01/2025,Caderno Universitário,Papelaria,-3,"202,71",pix,Matriz - Recife
2036,23/08/2024,Barra de Cereal,Alimentos,4,"131,83",Cartão de Débito,Matriz - Recife
1661,2024-07-09,Cola Bastão,Papelaria,1,"45,67",PIX,Matriz - Recife
5249,02-07-2025,Jogo de Toalhas,Casa e Utilidades,1,"89,92",Dinheiro,Matriz - Recife
5071,19/06/2025,Mouse Sem Fio,Eletrônicos,1,"172,88",Dinheiro,Matriz - Recife
5974,2025-09-17,Escova de Limpeza,CASA E UTILIDADES,1,"211,30",Dinheiro,Matriz - Recife
6072,30-09-2025,café torrado 500g,Alimentos,1,"15,44",Dinheiro,Matriz - Recife
6250,18/10/2025,Camiseta Básica,Vestuário,2,"227,41",PIX,Matriz - Recife
1304,2024-06-08,Carregador USB-C,Eletrônicos,2,"14,23",pix,Matriz - Recife
3223,16-12-2024,Meia Esportiva,Vestuário,1,"15,06",pix,Matriz - Recife
1619,2024-07-04,Bermuda Jeans,Vestuário,3,"28,36",Cartão de Débito,Matriz - Recife
1396,2024-06-16,Jogo de Toalhas,Casa e Utilidades,1,"94,34",Pix,Matriz - Recife
3809,2025-02-23,Mochila Escolar,Papelaria,1,"188,50",Pix,Matriz - Recife
380,05-03-2024,Vela Aromática,Casa e Utilidades,2,"32,80",Pix,Matriz - Recife
4359,2025-04-22,Organizador de Gaveta,Casa e Utilidades,4,"31,76",PIX,Matriz - Recife
6650,2025-11-19,Fone de Ouvido Bluetooth,Eletrônicos,5,"161,02",Dinheiro,Matriz - Recife
5829,01-09-2025,Chinelo de Dedo,Vestuário,1,"126,87",Cartão de Débito,Matriz - Recife
5696,2025-08-19,Barra de Cereal,Alimentos,2,"130,90",Dinheiro,Matriz - Recife
784,2024-04-22,Porta Sabonete,Casa e Utilidades,2,"147,43",Dinheiro,Matriz - Recife
1085,20-05-2024,Marcador de Texto,Papelaria,1,"89,47",Cartão de Débito,Matriz - Recife
4244,2025-04-10,Camiseta Básica,Vestuário,1,"237,47",Cartão de Crédito,Matriz - Recife
2209,13/09/2024,Jaqueta Corta-Vento,Vestuário,2,"65,29",Cartão de Crédito,Matriz - Recife
2950,26/11/2024,Camiseta Básica,Vestuário,3,"232,22",Dinheiro,Matriz - Recife
4908,2025-06-04,Mochila Escolar,Papelaria,2,"207,76",PIX,Matriz - Recife
340,26/02/2024,Fone de Ouvido Bluetooth,Eletrônicos,1,"154,36",Pix,Matriz - Recife
1782,24/07/2024,caixa de som portátil,Eletrônicos,1,"77,69",pix,Matriz - Recife
2791,13/11/2024,Fone de Ouvido Bluetooth,ELETRÔNICOS,4,"163,38",Cartão de Crédito,Matriz - Recife
6583,13-11-2025,Caderno Universitário,Papelaria,1,"205,02",pix,Matriz - Recife
2741,08-11-2024,Power Bank 10000mAh,ELETRÔNICOS,1,"174,95",PIX,Matriz - Recife
941,2024-05-08,Caneta Esferográfica,Papelaria,2,"10,07",PIX,Matriz - Recife
6726,23/11/2025,Caneta Esferográfica,Papelaria,1,"10,32",Dinheiro,Matriz - Recife
7163,23/12/2025,Marcador de Texto,PAPELARIA,2,"95,78",Pix,Matriz - Recife
7049,15/12/2025,Vela Aromática,Casa e Utilidades,1,"31,25",Cartão de Débito,Matriz - Recife
853,29/04/2024,cabo hdmi,Eletrônicos,3,"61,16",Cartão de Crédito,Matriz - Recife
6780,26-11-2025,estojo simples,Papelaria,3,"178,08",Dinheiro,Matriz - Recife
6290,22/10/2025,Amendoim Torrado,ALIMENTOS,4,"147,96",PIX,Matriz - Recife
5940,2025-09-14,Organizador de Gaveta,Casa e Utilidades,1,"32,22",Cartão de Crédito,Matriz - Recife
4185,2025-04-04,Cola Bastão,Papelaria,2,"47,58",Cartão de Débito,Matriz - Recife
4980,2025-06-09,Chinelo de Dedo,Vestuário,1,"128,07",Pix,Matriz - Recife
2735,07/11/2024,organizador de gaveta,CASA E UTILIDADES,3,"31,37",pix,Matriz - Recife
137,24/01/2024,Organizador de Gaveta,Casa e Utilidades,4,"29,49",Pix,Matriz - Recife
2727,2024-11-07,Organizador de Gaveta,Casa e Utilidades,-1,"31,52",Pix,Matriz - Recife
7203,25-12-2025,Estojo Simples,PAPELARIA,1,"166,40",Cartão de Débito,Matriz - Recife
6983,11/12/2025,Chinelo de Dedo,VESTUÁRIO,5,"121,35",pix,Matriz - Recife
6769,2025-11-25,Jogo de Toalhas,Casa e Utilidades,1,"86,72",Pix,Matriz - Recife
3040,2024-12-02,Organizador de Gaveta,Casa e Utilidades,3,"30,28",Pix,Matriz - Recife
162,28-01-2024,Jogo de Toalhas,Casa e Utilidades,1,"91,89",Pix,Matriz - Recife
3580,2025-01-25,Água de Coco 500ml,Alimentos,1,"65,11",Pix,Matriz - Recife
926,06-05-2024,Caneta Esferográfica,Papelaria,2,"9,62",pix,Matriz - Recife
2848,2024-11-18,Chinelo de Dedo,Vestuário,2,"124,82",Dinheiro,Matriz - Recife
1563,29-06-2024,Escova de Limpeza,Casa e Utilidades,1,"196,70",pix,Matriz - Recife
1460,21/06/2024,Boné Aba Reta,Vestuário,1,"102,14",Pix,Matriz - Recife
3875,03-03-2025,Boné Aba Reta,Vestuário,2,"106,49",pix,Matriz - Recife
939,07/05/2024,Power Bank 10000mAh,Eletrônicos,2,"186,96",Cartão de Crédito,Matriz - Recife
6928,06-12-2025,Água de Coco 500ml,Alimentos,2,"59,15",Dinheiro,Matriz - Recife
7299,31-12-2025,Biscoito Recheado,Alimentos,2,"53,31",pix,Matriz - Recife
5522,01/08/2025,chinelo de dedo,Vestuário,1,"128,08",PIX,Matriz - Recife
3505,2025-01-12,Porta Sabonete,Casa e Utilidades,-2,"150,04",Cartão de Débito,Matriz - Recife
2739,2024-11-08,Caderno Universitário,Papelaria,1,"217,52",PIX,Matriz - Recife
5628,12-08-2025,Meia Esportiva,Vestuário,1,"16,06",Dinheiro,Matriz - Recife
3306,23-12-2024,Biscoito Recheado,Alimentos,1,"52,90",PIX,Matriz - Recife
4350,21/04/2025,Caderno Universitário,PAPELARIA,2,"189,47",Pix,Matriz - Recife
3028,01-12-2024,Caixa de Som Portátil,Eletrônicos,3,"69,54",pix,Matriz - Recife
4534,07-05-2025,Jogo de Toalhas,Casa e Utilidades,1,"82,41",Pix,Matriz - Recife
4876,01/06/2025,bermuda jeans,Vestuário,3,"27,80",pix,Matriz - Recife
1036,16/05/2024,Estojo Simples,Papelaria,3,"165,73",Cartão de Crédito,Matriz - Recife
276,2024-02-16,Caneta Esferográfica,Papelaria,1,"9,39",Cartão de Crédito,Matriz - Recife
2255,18-09-2024,Escova de Limpeza,CASA E UTILIDADES,2,"217,51",PIX,Matriz - Recife
7117,2025-12-19,Caneta Esferográfica,Papelaria,3,"10,28",Pix,Matriz - Recife
5596,2025-08-09,Mochila Escolar,Papelaria,1,"193,74",Cartão de Crédito,Matriz - Recife
4939,07-06-2025,Vela Aromática,Casa e Utilidades,3,"29,69",Pix,Matriz - Recife
1748,19-07-2024,Porta Sabonete,Casa e Utilidades,5,"164,45",pix,Matriz - Recife
6952,2025-12-08,Meia Esportiva,VESTUÁRIO,2,"14,30",PIX,Matriz - Recife
6278,21-10-2025,Vela Aromática,Casa e Utilidades,1,"30,53",PIX,Matriz - Recife
6764,25-11-2025,Caneta Esferográfica,PAPELARIA,5,"9,23",Dinheiro,Matriz - Recife
4216,07-04-2025,Marcador de Texto,Papelaria,2,"88,27",Dinheiro,Matriz - Recife
4133,29/03/2025,Boné Aba Reta,,1,"106,03",Cartão de Crédito,Matriz - Recife
6424,03/11/2025,Camiseta Básica,Vestuário,2,"227,37",Cartão de Crédito,Matriz - Recife
48,08-01-2024,Camiseta Básica,Vestuário,2,"216,80",Cartão de Crédito,Matriz - Recife
3422,31-12-2024,Cola Bastão,Papelaria,1,"42,62",Dinheiro,Matriz - Recife
6320,25/10/2025,Meia Esportiva,Vestuário,1,"14,44",Cartão de Débito,Matriz - Recife
5658,14/08/2025,Caderno Universitário,Papelaria,2,"192,11",Pix,Matriz - Recife
5287,07/07/2025,Vela Aromática,Casa e Utilidades,2,"28,23",PIX,Matriz - Recife
6457,05/11/2025,Suco de Caju 1L,Alimentos,4,"170,72",Cartão de Débito,Matriz - Recife
3898,05-03-2025,Caneta Esferográfica,Papelaria,2,"9,99",Cartão de Crédito,Matriz - Recife
3354,2024-12-26,Jogo de Toalhas,CASA E UTILIDADES,2,"91,90",Pix,Matriz - Recife
854,2024-04-30,Chinelo de Dedo,VESTUÁRIO,2,"132,52",pix,Matriz - Recife
1406,2024-06-17,Vela Aromática,Casa e Utilidades,2,"30,78",PIX,Matriz - Recife
3463,05/01/2025,Cabo HDMI,Eletrônicos,1,"66,36",Dinheiro,Matriz - Recife
4457,02-05-2025,Cabo HDMI,Eletrônicos,1,"65,97",pix,Matriz - Recife
2233,15-09-2024,Carregador USB-C,Eletrônicos,3,"13,41",Dinheiro,Matriz - Recife
6544,2025-11-10,Chinelo de Dedo,Vestuário,2,"135,36",Cartão de Débito,Matriz - Recife
1276,2024-06-06,Café Torrado 500g,Alimentos,1,"14,61",Pix,Matriz - Recife
2860,18-11-2024,Amendoim Torrado,Alimentos,3,"154,52",Pix,Matriz - Recife
6168,09-10-2025,Organizador de Gaveta,Casa e Utilidades,1,"30,05",Pix,Matriz - Recife
1579,2024-06-30,Chinelo de Dedo,Vestuário,4,"121,11",Cartão de Débito,Matriz - Recife
7239,27-12-2025,Vela Aromática,Casa e Utilidades,1,"32,43",Cartão de Crédito,Matriz - Recife
52,2024-01-09,Água de Coco 500ml,Alimentos,1,"65,75",Pix,Matriz - Recife
1883,05-08-2024,Caixa de Som Portátil,Eletrônicos,1,"74,62",Dinheiro,Matriz - Recife
6307,2025-10-24,Bermuda Jeans,Vestuário,2,"28,38",Pix,Matriz - Recife
659,2024-04-08,Chinelo de Dedo,Vestuário,4,"132,57",PIX,Matriz - Recife
6041,26-09-2025,Caderno Universitário,Papelaria,2,"219,47",Cartão de Débito,Matriz - Recife
2074,27/08/2024,Camiseta Básica,Vestuário,1,"226,12",Dinheiro,Matriz - Recife
2656,31-10-2024,Cabo HDMI,Eletrônicos,1,"63,82",Dinheiro,Matriz - Recife
4012,2025-03-17,Suco de Caju 1L,Alimentos,1,"170,98",PIX,Matriz - Recife
1317,09-06-2024,Chinelo de Dedo,Vestuário,2,"124,44",pix,Matriz - Recife
5776,27/08/2025,Fone de Ouvido Bluetooth,Eletrônicos,1,"161,27",Pix,Matriz - Recife
7205,25-12-2025,Kit Panelas Antiaderente,Casa e Utilidades,1,"249,67",Cartão de Crédito,Matriz - Recife
2001,19-08-2024,Power Bank 10000mAh,Eletrônicos,2,"192,90",Cartão de Crédito,Matriz - Recife
7089,18/12/2025,Organizador de Gaveta,Casa e Utilidades,4,"32,91",PIX,Matriz - Recife
5266,04-07-2025,biscoito recheado,Alimentos,4,"56,54",Cartão de Débito,Matriz - Recife
2585,2024-10-23,Cabo HDMI,Eletrônicos,3,"57,64",pix,Matriz - Recife
3255,19/12/2024,Biscoito Recheado,Alimentos,1,"55,59",Pix,Matriz - Recife
5344,2025-07-16,Café Torrado 500g,Alimentos,1,"14,46",pix,Matriz - Recife
4155,31/03/2025,Bermuda Jeans,Vestuário,1,"27,99",Cartão de Crédito,Matriz - Recife
1257,04/06/2024,Escova de Limpeza,Casa e Utilidades,3,"221,59",Dinheiro,Matriz - Recife
2189,10/09/2024,Biscoito Recheado,ALIMENTOS,4,"57,48",Pix,Matriz - Recife
4259,11/04/2025,Camiseta Básica,Vestuário,2,"216,07",pix,Matriz - Recife
5744,2025-08-24,Kit Panelas Antiaderente,Casa e Utilidades,1,"237,34",Cartão de Débito,Matriz - Recife
6778,26-11-2025,Meia Esportiva,Vestuário,2,"14,79",PIX,Matriz - Recife
6753,2025-11-25,Caderno Universitário,PAPELARIA,2,"199,79",pix,Matriz - Recife
2758,10-11-2024,Barra de Cereal,Alimentos,1,"142,40",PIX,matriz-recife
2754,10/11/2024,Estojo Simples,Papelaria,2,"166,33",Cartão de Crédito,Matriz - Recife
49,08/01/2024,Power Bank 10000mAh,Eletrônicos,2,"171,71",Pix,Matriz - Recife
2065,26/08/2024,Porta Sabonete,Casa e Utilidades,1,"163,87",Cartão de Crédito,Matriz - Recife
1167,2024-05-27,Amendoim Torrado,Alimentos,2,"159,40",Cartão de Crédito,Matriz - Recife
3314,2024-12-23,Água de Coco 500ml,ALIMENTOS,2,"58,31",pix,Matriz - Recife
4817,29-05-2025,Água de Coco 500ml,Alimentos,4,"57,51",Cartão de Crédito,Matriz - Recife
454,14-03-2024,suco de caju 1l,Alimentos,2,"165,92",pix,Matriz - Recife
2799,2024-11-14,Meia Esportiva,Vestuário,1,"16,14",PIX,Matriz - Recife
4781,27-05-2025,Caneta Esferográfica,Papelaria,1,"10,24",Cartão de Débito,Matriz - Recife
4419,29-04-2025,Mochila Escolar,PAPELARIA,-4,"199,08",Dinheiro,Matriz - Recife
5036,2025-06-15,Meia Esportiva,Vestuário,5,"14,71",Cartão de Crédito,Matriz - Recife
6105,2025-10-03,Caixa de Som Portátil,ELETRÔNICOS,3,"73,08",PIX,Matriz - Recife
921,06-05-2024,boné aba reta,VESTUÁRIO,1,"108,31",Pix,Matriz - Recife
4683,19/05/2025,Caneta Esferográfica,Papelaria,1,"10,24",Cartão de Crédito,Matriz - Recife
75,12-01-2024,amendoim torrado,ALIMENTOS,3,"156,85",Cartão de Débito,Matriz - Recife
3455,03/01/2025,Fone de Ouvido Bluetooth,ELETRÔNICOS,1,"158,22",Pix,Matriz - Recife
946,08-05-2024,Mochila Escolar,Papelaria,3,"209,51",Dinheiro,matriz-recife
5043,16-06-2025,Amendoim Torrado,ALIMENTOS,1,"144,79",Pix,Matriz - Recife
1695,13/07/2024,marcador de texto,Papelaria,1,"85,58",pix,Matriz - Recife
54,2024-01-09,Amendoim Torrado,ALIMENTOS,2,"145,94",PIX,Matriz - Recife
1290,07-06-2024,Organizador de Gaveta,Casa e Utilidades,1,"33,26",Dinheiro,Matriz - Recife
4104,27-03-2025,Meia Esportiva,Vestuário,1,"15,57",Cartão de Débito,Matriz - Recife
6811,2025-11-29,Água de Coco 500ml,Alimentos,2,"62,30",Pix,Matriz - Recife
5873,2025-09-06,Vela Aromática,CASA E UTILIDADES,1,"30,96",Dinheiro,Matriz - Recife
3388,28/12/2024,Fone de Ouvido Bluetooth,Eletrônicos,2,"157,33",pix,Matriz - Recife
1969,14/08/2024,Suco de Caju 1L,Alimentos,4,"160,73",Pix,Matriz - Recife
4618,14-05-2025,Suco de Caju 1L,ALIMENTOS,2,"168,25",PIX,Matriz - Recife
2063,26/08/2024,Chinelo de Dedo,Vestuário,4,"121,61",Dinheiro,Matriz - Recife
7226,27-12-2025,Escova de Limpeza,Casa e Utilidades,1,"212,07",Pix,Matriz - Recife
5694,2025-08-18,Bermuda Jeans,Vestuário,2,"30,32",pix,Matriz - Recife
6370,2025-10-31,Carregador USB-C,Eletrônicos,1,"13,76",Dinheiro,Matriz - Recife
922,06-05-2024,Meia Esportiva,Vestuário,3,"16,28",PIX,Matriz - Recife
4774,2025-05-27,Caderno Universitário,Papelaria,1,"213,32",Cartão de Crédito,Matriz - Recife
4202,05-04-2025,Chinelo de Dedo,Vestuário,1,"127,99",pix,Matriz - Recife
6752,24-11-2025,Boné Aba Reta,Vestuário,2,"114,21",Cartão de Débito,Matriz - Recife
4870,01/06/2025,Amendoim Torrado,,3,"158,05",pix,Matriz - Recife
1231,02-06-2024,Kit Panelas Antiaderente,CASA E UTILIDADES,3,"250,27",Cartão de Crédito,Matriz - Recife
3576,24/01/2025,Jogo de Toalhas,Casa e Utilidades,1,"95,95",PIX,Matriz - Recife
5979,17/09/2025,Organizador de Gaveta,Casa e Utilidades,1,"32,47",pix,Matriz - Recife
4461,02-05-2025,Barra de Cereal,Alimentos,1,"139,32",PIX,Matriz - Recife
1601,2024-07-02,Amendoim Torrado,Alimentos,2,"143,26",Cartão de Crédito,Matriz - Recife
4213,07/04/2025,Água de Coco 500ml,Alimentos,1,"59,50",Pix,matriz-recife
2921,2024-11-23,Meia Esportiva,VESTUÁRIO,1,"15,77",Dinheiro,Matriz - Recife
2971,27/11/2024,Caderno Universitário,,2,"205,93",Pix,Matriz - Recife
4417,29/04/2025,Água de Coco 500ml,Alimentos,3,"63,78",Cartão de Crédito,Matriz - Recife
3841,28-02-2025,Mochila Escolar,Papelaria,1,"200,40",,Matriz - Recife
242,11-02-2024,Mochila Escolar,Papelaria,2,"212,20",PIX,Matriz - Recife
5510,2025-07-31,Boné Aba Reta,Vestuário,1,"108,76",pix,Matriz - Recife
6518,09-11-2025,Caderno Universitário,Papelaria,1,"219,05",Cartão de Crédito,Matriz - Recife
1505,2024-06-25,Biscoito Recheado,Alimentos,2,"55,45",Cartão de Débito,Matriz - Recife
1907,07/08/2024,Meia Esportiva,Vestuário,1,"16,19",PIX,Matriz - Recife
2989,28-11-2024,vela aromática,Casa e Utilidades,-4,"32,22",Cartão de Crédito,Matriz - Recife
4993,2025-06-11,jogo de toalhas,Casa e Utilidades,2,"84,41",pix,Matriz - Recife
2249,17-09-2024,Jaqueta Corta-Vento,Vestuário,1,"58,92",Cartão de Débito,Matriz - Recife
5371,2025-07-18,Água de Coco 500ml,Alimentos,1,"58,69",Cartão de Débito,Matriz - Recife
3860,02-03-2025,Camiseta Básica,Vestuário,1,"234,99",Cartão de Débito,Matriz - Recife
5536,02/08/2025,Cabo HDMI,Eletrônicos,2,"62,33",Cartão de Débito,Matriz - Recife
273,2024-02-16,Caneta Esferográfica,Papelaria,1,"9,31",PIX,Matriz - Recife
3188,2024-12-14,Vela Aromática,Casa e Utilidades,2,"32,80",PIX,Matriz - Recife
5240,2025-07-01,Barra de Cereal,Alimentos,1,"139,93",Cartão de Crédito,Matriz - Recife
4195,04-04-2025,organizador de gaveta,CASA E UTILIDADES,2,"32,09",Dinheiro,Matriz - Recife
658,08-04-2024,Amendoim Torrado,Alimentos,4,"153,86",Pix,Matriz - Recife
3942,09/03/2025,Café Torrado 500g,Alimentos,1,"14,83",PIX,Matriz - Recife
5955,15-09-2025,Suco de Caju 1L,ALIMENTOS,2,"159,51",PIX,Matriz - Recife
4038,19-03-2025,Amendoim Torrado,Alimentos,2,"145,09",PIX,Matriz - Recife
4233,2025-04-08,carregador usb-c,Eletrônicos,3,"13,72",Cartão de Crédito,Matriz - Recife
6618,16-11-2025,Vela Aromática,Casa e Utilidades,5,"31,09",Cartão de Débito,Matriz - Recife
1810,27-07-2024,Caderno Universitário,PAPELARIA,1,"205,59",Cartão de Débito,Matriz - Recife
353,2024-02-28,Chinelo de Dedo,Vestuário,3,"139,46",Dinheiro,Matriz - Recife
871,01-05-2024,Água de Coco 500ml,Alimentos,3,"58,82",Dinheiro,Matriz - Recife
1253,04/06/2024,Jaqueta Corta-Vento,Vestuário,1,"60,54",Dinheiro,Matriz - Recife
3680,05-02-2025,Kit Panelas Antiaderente,Casa e Utilidades,1,"241,02",pix,Matriz - Recife
4686,19/05/2025,suco de caju 1l,Alimentos,1,"156,79",Cartão de Crédito,Matriz - Recife
6344,27-10-2025,Meia Esportiva,Vestuário,-2,"15,38",Cartão de Débito,Matriz - Recife
5824,2025-09-01,Cabo HDMI,Eletrônicos,3,"66,89",PIX,Matriz - Recife
1710,15/07/2024,Escova de Limpeza,Casa e Utilidades,1,"212,33",Dinheiro,Matriz - Recife
6838,30-11-2025,Kit Panelas Antiaderente,Casa e Utilidades,3,"237,40",Dinheiro,Matriz - Recife
1893,05/08/2024,Bermuda Jeans,Vestuário,3,"30,26",Dinheiro,Matriz - Recife
457,14/03/2024,Jaqueta Corta-Vento,Vestuário,5,"60,07",PIX,Matriz - Recife
5690,18-08-2025,Mochila Escolar,Papelaria,1,"199,15",Cartão de Crédito,Matriz - Recife
5889,08/09/2025,Café Torrado 500g,Alimentos,1,"15,24",Cartão de Crédito,Matriz - Recife
5335,14-07-2025,Chinelo de Dedo,Vestuário,1,"124,79",Pix,Matriz - Recife
867,01/05/2024,Camiseta Básica,Vestuário,3,"210,97",PIX,Matriz - Recife
6981,11-12-2025,Caderno Universitário,Papelaria,1,"201,01",Cartão de Débito,Matriz - Recife
822,26/04/2024,Barra de Cereal,Alimentos,2,"135,73",Pix,Matriz - Recife
1923,08/08/2024,Cola Bastão,Papelaria,1,"46,88",Dinheiro,Matriz - Recife
1003,2024-05-12,Jogo de Toalhas,CASA E UTILIDADES,5,"90,43",Cartão de Crédito,Matriz - Recife
236,10-02-2024,Biscoito Recheado,Alimentos,2,"56,21",Cartão de Débito,Matriz - Recife
6492,07-11-2025,Cabo HDMI,ELETRÔNICOS,3,"59,66",Cartão de Débito,Matriz - Recife
4267,11/04/2025,Meia Esportiva,Vestuário,3,"16,42",pix,Matriz - Recife
4687,19-05-2025,Cabo HDMI,Eletrônicos,2,"63,14",Cartão de Débito,Matriz - Recife
133,24-01-2024,Caixa de Som Portátil,Eletrônicos,2,"72,25",PIX,Matriz - Recife
5647,14-08-2025,Organizador de Gaveta,Casa e Utilidades,1,"30,62",PIX,Matriz - Recife
3469,05/01/2025,Camiseta Básica,Vestuário,4,"232,94",PIX,Matriz - Recife
2080,28/08/2024,vela aromática,Casa e Utilidades,2,"29,44",Dinheiro,Matriz - Recife
1703,14-07-2024,Camiseta Básica,Vestuário,2,"225,33",PIX,Matriz - Recife
1117,23-05-2024,Organizador de Gaveta,Casa e Utilidades,1,"31,61",Cartão de Crédito,Matriz - Recife
6795,27/11/2025,Mouse Sem Fio,ELETRÔNICOS,1,"180,70",Cartão de Débito,Matriz - Recife
727,2024-04-16,Estojo Simples,Papelaria,3,"190,37",Cartão de Crédito,Matriz - Recife
580,2024-03-28,estojo simples,Papelaria,2,"163,84",pix,Matriz - Recife
944,08/05/2024,Carregador USB-C,Eletrônicos,2,"14,12",PIX,Matriz - Recife
2216,13/09/2024,Marcador de Texto,Papelaria,1,"96,17",Dinheiro,Matriz - Recife
3509,13/01/2025,Amendoim Torrado,ALIMENTOS,2,"148,67",PIX,Matriz - Recife
1190,30-05-2024,Biscoito Recheado,ALIMENTOS,1,"57,42",Dinheiro,Matriz - Recife
2183,2024-09-10,Barra de Cereal,Alimentos,2,"132,91",Pix,Matriz - Recife
3685,06-02-2025,power bank 10000mah,Eletrônicos,5,"176,12",PIX,Matriz - Recife
4908,2025-06-04,Mochila Escolar,Papelaria,2,"207,76",PIX,Matriz - Recife
1151,2024-05-26,Jogo de Toalhas,Casa e Utilidades,2,"90,53",Pix,Matriz - Recife
6450,2025-11-04,Power Bank 10000mAh,Eletrônicos,2,"184,69",Dinheiro,Matriz - Recife
5350,16/07/2025,Power Bank 10000mAh,ELETRÔNICOS,-2,"179,77",PIX,Matriz - Recife
4718,24-05-2025,Kit Panelas Antiaderente,Casa e Utilidades,1,"231,82",PIX,Matriz - Recife
6567,2025-11-12,Barra de Cereal,Alimentos,4,"147,85",Cartão de Débito,Matriz - Recife
3184,13/12/2024,Camiseta Básica,Vestuário,1,"218,48",pix,Matriz - Recife
5875,2025-09-06,café torrado 500g,,3,"14,59",PIX,Matriz - Recife
2103,2024-08-31,Kit Panelas Antiaderente,Casa e Utilidades,1,"228,91",Cartão de Débito,Matriz - Recife
5869,06-09-2025,Estojo Simples,Papelaria,2,"189,92",Cartão de Débito,Matriz - Recife
737,17-04-2024,Mouse Sem Fio,Eletrônicos,1,"170,23",Pix,Matriz - Recife
5256,03/07/2025,Fone de Ouvido Bluetooth,Eletrônicos,2,"154,37",pix,Matriz - Recife
3282,21-12-2024,amendoim torrado,Alimentos,1,"138,67",Cartão de Débito,Matriz - Recife
305,22-02-2024,Barra de Cereal,Alimentos,3,"133,29",Cartão de Crédito,Matriz - Recife
4955,08/06/2025,Estojo Simples,Papelaria,1,"190,46",pix,Matriz - Recife
3930,08/03/2025,Mochila Escolar,Papelaria,3,"197,58",PIX,Matriz - Recife
1712,2024-07-15,Jogo de Toalhas,Casa e Utilidades,2,"86,97",Pix,Matriz - Recife
6402,2025-11-02,Biscoito Recheado,ALIMENTOS,1,"57,88",Cartão de Crédito,Matriz - Recife
6613,15-11-2025,Porta Sabonete,Casa e Utilidades,1,"166,23",Cartão de Crédito,Matriz - Recife
5750,2025-08-25,Mouse Sem Fio,Eletrônicos,1,"178,19",PIX,Matriz - Recife
1322,2024-06-09,Barra de Cereal,Alimentos,1,"150,12",Dinheiro,Matriz - Recife
6541,2025-11-10,Chinelo de Dedo,Vestuário,3,"120,51",Pix,Matriz - Recife
895,2024-05-03,vela aromática,Casa e Utilidades,1,"32,12",Pix,Matriz - Recife
4516,2025-05-06,Bermuda Jeans,Vestuário,1,"28,23",PIX,Matriz - Recife
4882,02-06-2025,Camiseta Básica,Vestuário,2,"222,21",PIX,Matriz - Recife
440,12/03/2024,Cola Bastão,Papelaria,2,"43,32",Dinheiro,Matriz - Recife
1790,25-07-2024,Mouse Sem Fio,Eletrônicos,4,"184,03",Cartão de Débito,Matriz - Recife
7006,2025-12-13,Suco de Caju 1L,Alimentos,2,"173,60",PIX,Matriz - Recife
6608,15-11-2025,cabo hdmi,Eletrônicos,1,"62,12",Cartão de Débito,Matriz - Recife
2768,2024-11-11,Organizador de Gaveta,Casa e Utilidades,1,"32,24",Cartão de Débito,Matriz - Recife
2967,2024-11-27,Escova de Limpeza,Casa e Utilidades,2,"223,40",Dinheiro,Matriz - Recife
826,2024-04-26,Porta Sabonete,CASA E UTILIDADES,5,"144,17",Dinheiro,Matriz - Recife
2759,10/11/2024,Carregador USB-C,Eletrônicos,4,"14,23",PIX,Matriz - Recife
3610,2025-01-28,Marcador de Texto,Papelaria,1,"92,24",Dinheiro,Matriz - Recife
6514,08/11/2025,Chinelo de Dedo,VESTUÁRIO,2,"120,80",Dinheiro,Matriz - Recife
1157,2024-05-26,Café Torrado 500g,Alimentos,4,"13,43",PIX,Matriz - Recife
175,2024-01-30,Caderno Universitário,Papelaria,1,"193,44",Pix,Matriz - Recife
4570,10-05-2025,Café Torrado 500g,ALIMENTOS,4,"14,26",PIX,Matriz - Recife
5278,05-07-2025,Camiseta Básica,Vestuário,3,"237,37",PIX,Matriz - Recife
135,2024-01-24,Porta Sabonete,Casa e Utilidades,3,"142,63",Dinheiro,Matriz - Recife
5640,13-08-2025,Boné Aba Reta,Vestuário,3,"108,53",Pix,Matriz - Recife
1028,14/05/2024,Escova de Limpeza,Casa e Utilidades,1,"225,33",Cartão de Débito,matriz-recife
28,06/01/2024,Cola Bastão,Papelaria,4,"47,90",Pix,Matriz - Recife
4910,05/06/2025,Chinelo de Dedo,VESTUÁRIO,1,"139,66",Cartão de Débito,Matriz - Recife
5430,23-07-2025,Power Bank 10000mAh,Eletrônicos,1,"188,13",Cartão de Crédito,Matriz - Recife
5589,2025-08-07,organizador de gaveta,Casa e Utilidades,2,"31,63",Cartão de Débito,Matriz - Recife
2221,14/09/2024,carregador usb-c,Eletrônicos,2,"14,06",Dinheiro,Matriz - Recife
6727,23-11-2025,Jogo de Toalhas,CASA E UTILIDADES,2,"83,71",Pix,Matriz - Recife
3640,2025-01-31,Cola Bastão,Papelaria,1,"46,51",Cartão de Crédito,Matriz - Recife
6679,20-11-2025,Jaqueta Corta-Vento,,1,"61,74",Dinheiro,Matriz - Recife
6015,22/09/2025,Caixa de Som Portátil,ELETRÔNICOS,3,"69,68",pix,Matriz - Recife
5828,01/09/2025,Porta Sabonete,Casa e Utilidades,1,"159,72",Cartão de Débito,Matriz - Recife
1985,16/08/2024,Escova de Limpeza,Casa e Utilidades,2,"225,70",Pix,Matriz - Recife
1058,18-05-2024,Mouse Sem Fio,Eletrônicos,1,"184,39",Dinheiro,Matriz - Recife
2504,2024-10-13,Fone de Ouvido Bluetooth,Eletrônicos,1,"151,81",Dinheiro,Matriz - Recife
5313,2025-07-12,Chinelo de Dedo,Vestuário,1,"126,08",Cartão de Débito,Matriz - Recife
6612,15/11/2025,Café Torrado 500g,Alimentos,3,"13,64",Dinheiro,Matriz - Recife
778,21/04/2024,Barra de Cereal,ALIMENTOS,4,"140,70",Cartão de Crédito,matriz-recife
1435,20-06-2024,Meia Esportiva,Vestuário,2,"16,06",Dinheiro,Matriz - Recife
367,02-03-2024,Escova de Limpeza,Casa e Utilidades,2,"208,66",Pix,Matriz - Recife
6275,21/10/2025,café torrado 500g,Alimentos,3,"13,95",pix,Matriz - Recife
1445,21/06/2024,Camiseta Básica,VESTUÁRIO,1,"231,85",Pix,Matriz - Recife
3531,17-01-2025,Mochila Escolar,Papelaria,1,"199,42",pix,Matriz - Recife
4429,30-04-2025,Escova de Limpeza,Casa e Utilidades,2,"215,83",PIX,Matriz - Recife
2143,04/09/2024,Caixa de Som Portátil,Eletrônicos,-2,"71,19",PIX,Matriz - Recife
5041,16/06/2025,Caneta Esferográfica,PAPELARIA,1,"9,65",PIX,Matriz - Recife
5624,11/08/2025,Biscoito Recheado,Alimentos,5,"58,32",Cartão de Crédito,Matriz - Recife
5420,22-07-2025,Chinelo de Dedo,Vestuário,1,"139,28",Pix,Matriz - Recife
3281,21/12/2024,Água de Coco 500ml,Alimentos,1,"61,29",pix,Matriz - Recife
893,03/05/2024,Caderno Universitário,Papelaria,1,"201,98",Pix,Matriz - Recife
7296,2025-12-30,Kit Panelas Antiaderente,Casa e Utilidades,1,"257,30",pix,Matriz - Recife
5846,03-09-2025,Barra de Cereal,Alimentos,2,"139,44",Pix,Matriz - Recife
6428,04/11/2025,Vela Aromática,Casa e Utilidades,1,"31,10",Dinheiro,Matriz - Recife
6144,07-10-2025,Caderno Universitário,,1,"213,49",PIX,Matriz - Recife
1481,23-06-2024,Água de Coco 500ml,,1,"61,81",Cartão de Crédito,Matriz - Recife
7107,19/12/2025,Jogo de Toalhas,Casa e Utilidades,2,"85,54",Cartão de Débito,Matriz - Recife
695,11-04-2024,Boné Aba Reta,Vestuário,2,"115,38",Dinheiro,Matriz - Recife
843,28-04-2024,Caderno Universitário,PAPELARIA,2,"212,09",Cartão de Crédito,Matriz - Recife
2402,2024-10-03,Marcador de Texto,Papelaria,4,"93,83",PIX,Matriz - Recife
3662,03-02-2025,Jogo de Toalhas,Casa e Utilidades,3,"86,75",Dinheiro,Matriz - Recife
1879,2024-08-04,Barra de Cereal,Alimentos,2,"151,01",Pix,Matriz - Recife
1498,24-06-2024,Estojo Simples,Papelaria,1,"188,06",Cartão de Débito,Matriz - Recife
3163,12-12-2024,Mouse Sem Fio,Eletrônicos,3,"166,42",Pix,Matriz - Recife
2815,15-11-2024,Estojo Simples,Papelaria,1,"179,73",Cartão de Débito,Matriz - Recife
1414,2024-06-18,Mochila Escolar,Papelaria,1,"196,31",Cartão de Crédito,Matriz - Recife
2543,18-10-2024,Fone de Ouvido Bluetooth,Eletrônicos,5,"149,74",Dinheiro,Matriz - Recife
1825,2024-07-29,Cabo HDMI,Eletrônicos,1,"61,63",PIX,Matriz - Recife
4991,2025-06-10,Água de Coco 500ml,ALIMENTOS,1,"57,53",Cartão de Débito,Matriz - Recife
4778,27-05-2025,Kit Panelas Antiaderente,Casa e Utilidades,3,"223,82",pix,Matriz - Recife
1111,22-05-2024,Escova de Limpeza,Casa e Utilidades,1,"202,39",PIX,Matriz - Recife
2863,2024-11-18,Biscoito Recheado,Alimentos,1,"54,25",Dinheiro,Matriz - Recife
6787,2025-11-27,Fone de Ouvido Bluetooth,Eletrônicos,4,"175,24",PIX,Matriz - Recife
4063,2025-03-22,Caixa de Som Portátil,Eletrônicos,2,"70,93",pix,Matriz - Recife
1298,08-06-2024,Chinelo de Dedo,Vestuário,4,"136,15",Dinheiro,Matriz - Recife
3830,26-02-2025,Cabo HDMI,Eletrônicos,2,"63,20",Cartão de Débito,Matriz - Recife
748,18-04-2024,Cola Bastão,,1,"49,17",Pix,Matriz - Recife
6481,2025-11-07,Cabo HDMI,Eletrônicos,2,"61,64",Dinheiro,Matriz - Recife
172,2024-01-30,Fone de Ouvido Bluetooth,Eletrônicos,3,"173,23",Dinheiro,Matriz - Recife
6159,2025-10-08,Bermuda Jeans,Vestuário,1,"29,58",Cartão de Débito,Matriz - Recife
5370,18/07/2025,Suco de Caju 1L,Alimentos,2,"156,87",PIX,Matriz - Recife
2535,2024-10-17,Suco de Caju 1L,ALIMENTOS,1,"158,51",pix,Matriz - Recife
5238,2025-07-01,Amendoim Torrado,,2,"155,01",Pix,Matriz - Recife
5834,02/09/2025,Porta Sabonete,Casa e Utilidades,1,"151,16",Cartão de Crédito,Matriz - Recife
4437,01/05/2025,Power Bank 10000mAh,Eletrônicos,1,"179,27",Cartão de Crédito,Matriz - Recife
6400,02/11/2025,Organizador de Gaveta,Casa e Utilidades,1,"33,51",Cartão de Crédito,Matriz - Recife
1156,26/05/2024,Caneta Esferográfica,Papelaria,3,"9,70",Pix,Matriz - Recife
2339,2024-09-27,Água de Coco 500ml,Alimentos,1,"64,17",pix,Matriz - Recife
2734,07-11-2024,Café Torrado 500g,ALIMENTOS,4,"14,04",pix,Matriz - Recife
3008,29/11/2024,Camiseta Básica,Vestuário,2,"236,28",pix,Matriz - Recife
5851,03/09/2025,Caneta Esferográfica,Papelaria,1,"9,66",pix,Matriz - Recife
3078,2024-12-05,Organizador de Gaveta,Casa e Utilidades,4,"31,70",Cartão de Crédito,Matriz - Recife
6021,2025-09-23,Kit Panelas Antiaderente,Casa e Utilidades,5,"238,07",pix,Matriz - Recife
7145,22/12/2025,Escova de Limpeza,Casa e Utilidades,2,"206,82",Cartão de Crédito,Matriz - Recife
2720,06-11-2024,Caderno Universitário,Papelaria,4,"197,12",Cartão de Crédito,Matriz - Recife
4375,25-04-2025,Água de Coco 500ml,Alimentos,1,"65,45",Pix,Matriz - Recife
2060,26/08/2024,Caixa de Som Portátil,Eletrônicos,2,"70,46",PIX,Matriz - Recife
3896,2025-03-05,Power Bank 10000mAh,Eletrônicos,5,"173,10",pix,Matriz - Recife
425,10-03-2024,Meia Esportiva,Vestuário,2,"15,18",Cartão de Débito,Matriz - Recife
5643,13/08/2025,Amendoim Torrado,Alimentos,1,"150,32",Cartão de Crédito,Matriz - Recife
1132,2024-05-24,Caneta Esferográfica,Papelaria,4,"9,90",Dinheiro,Matriz - Recife
4838,2025-05-30,Amendoim Torrado,Alimentos,1,"155,05",Dinheiro,Matriz - Recife
3000,2024-11-29,Estojo Simples,Papelaria,2,"185,29",Cartão de Débito,Matriz - Recife
6251,18/10/2025,Marcador de Texto,PAPELARIA,4,"84,30",pix,Matriz - Recife
2875,19/11/2024,Café Torrado 500g,Alimentos,1,"15,32",pix,Matriz - Recife
632,2024-04-03,Fone de Ouvido Bluetooth,,1,"160,18",Cartão de Débito,Matriz - Recife
2435,06/10/2024,Cabo HDMI,Eletrônicos,1,"58,87",pix,Matriz - Recife
6692,2025-11-21,biscoito recheado,Alimentos,1,"53,19",Dinheiro,Matriz - Recife
3592,26/01/2025,café torrado 500g,Alimentos,1,"14,03",PIX,Matriz - Recife
4270,12/04/2025,bermuda jeans,,1,"27,36",Pix,Matriz - Recife
4032,2025-03-19,Carregador USB-C,Eletrônicos,2,"14,41",Cartão de Crédito,Matriz - Recife
6879,03/12/2025,Camiseta Básica,Vestuário,3,"239,41",Pix,Matriz - Recife
1345,11-06-2024,Kit Panelas Antiaderente,CASA E UTILIDADES,4,"255,57",Cartão de Débito,Matriz - Recife
6145,2025-10-07,Escova de Limpeza,Casa e Utilidades,-4,"212,89",Dinheiro,Matriz - Recife
6574,13-11-2025,Kit Panelas Antiaderente,CASA E UTILIDADES,1,"245,94",Pix,Matriz - Recife
39,07-01-2024,Estojo Simples,Papelaria,1,"169,79",Pix,Matriz - Recife
4209,06/04/2025,Bermuda Jeans,Vestuário,1,"28,89",Cartão de Débito,Matriz - Recife
4309,16/04/2025,Jaqueta Corta-Vento,Vestuário,1,"65,01",Pix,Matriz - Recife
6684,20/11/2025,Barra de Cereal,Alimentos,3,"151,01",Cartão de Débito,Matriz - Recife
2602,25/10/2024,Porta Sabonete,CASA E UTILIDADES,2,"152,79",Dinheiro,Matriz - Recife
5637,13/08/2025,Fone de Ouvido Bluetooth,,2,"149,86",Cartão de Crédito,Matriz - Recife
4926,06-06-2025,Café Torrado 500g,Alimentos,1,"15,41",pix,Matriz - Recife
6968,10-12-2025,barra de cereal,Alimentos,1,"145,21",PIX,Matriz - Recife
2365,29-09-2024,Estojo Simples,PAPELARIA,2,"181,09",pix,Matriz - Recife
6011,22-09-2025,Chinelo de Dedo,Vestuário,4,"124,08",Dinheiro,Matriz - Recife
626,2024-04-03,Caderno Universitário,Papelaria,2,"191,51",pix,Matriz - Recife
7278,2025-12-30,Estojo Simples,PAPELARIA,5,"180,40",PIX,Matriz - Recife
2307,23/09/2024,Escova de Limpeza,Casa e Utilidades,1,"215,73",pix,Matriz - Recife
6319,25-10-2025,Porta Sabonete,Casa e Utilidades,1,"147,38",Dinheiro,Matriz - Recife
6060,28-09-2025,Cola Bastão,PAPELARIA,3,"44,74",pix,Matriz - Recife
200,04/02/2024,Fone de Ouvido Bluetooth,Eletrônicos,1,"157,75",pix,Matriz - Recife
3270,21/12/2024,Biscoito Recheado,Alimentos,1,"58,87",Cartão de Crédito,Matriz - Recife
6948,08-12-2025,carregador usb-c,Eletrônicos,1,"14,79",Cartão de Crédito,Matriz - Recife
3221,16/12/2024,Caixa de Som Portátil,Eletrônicos,1,"73,95",PIX,Matriz - Recife
3908,2025-03-06,Meia Esportiva,Vestuário,4,"14,66",PIX,Matriz - Recife
5357,2025-07-17,Cola Bastão,Papelaria,1,"43,91",Cartão de Débito,Matriz - Recife
3742,2025-02-14,bermuda jeans,Vestuário,1,"28,28",Pix,Matriz - Recife
2866,2024-11-18,Organizador de Gaveta,Casa e Utilidades,4,"30,96",Cartão de Crédito,Matriz - Recife
7187,2025-12-25,Escova de Limpeza,Casa e Utilidades,1,"228,57",Cartão de Débito,Matriz - Recife
5553,04/08/2025,Mouse Sem Fio,Eletrônicos,1,"171,84",pix,Matriz - Recife
5146,24-06-2025,Carregador USB-C,Eletrônicos,2,"14,05",Dinheiro,Matriz - Recife
6312,24/10/2025,Amendoim Torrado,Alimentos,2,"161,99",Cartão de Débito,Matriz - Recife
4411,29-04-2025,jogo de toalhas,Casa e Utilidades,1,"87,48",Cartão de Débito,Matriz - Recife
1553,28/06/2024,Café Torrado 500g,Alimentos,1,"14,72",Dinheiro,Matriz - Recife
4361,23/04/2025,Caneta Esferográfica,PAPELARIA,2,"9,50",Cartão de Débito,Matriz - Recife
2807,15-11-2024,Meia Esportiva,Vestuário,1,"14,55",Pix,Matriz - Recife
2461,09/10/2024,Jogo de Toalhas,,1,"95,07",pix,Matriz - Recife
6419,03-11-2025,Mochila Escolar,Papelaria,5,"203,14",PIX,Matriz - Recife
4798,29-05-2025,Fone de Ouvido Bluetooth,ELETRÔNICOS,4,"162,94",Cartão de Crédito,Matriz - Recife
5186,27/06/2025,Carregador USB-C,Eletrônicos,3,"14,55",Pix,Matriz - Recife
1518,26/06/2024,Barra de Cereal,ALIMENTOS,2,"131,66",Cartão de Débito,Matriz - Recife
5705,20-08-2025,Caderno Universitário,Papelaria,3,"188,25",PIX,Matriz - Recife
4019,18-03-2025,Power Bank 10000mAh,Eletrônicos,1,"179,00",Cartão de Crédito,Matriz - Recife
1989,17/08/2024,Estojo Simples,Papelaria,1,"162,99",pix,Matriz - Recife
2412,04/10/2024,Cabo HDMI,Eletrônicos,2,"66,69",PIX,Matriz - Recife
3067,04-12-2024,Biscoito Recheado,Alimentos,2,"52,05",PIX,Matriz - Recife
4386,2025-04-26,Boné Aba Reta,Vestuário,3,"103,93",Pix,Matriz - Recife
5561,2025-08-05,Café Torrado 500g,Alimentos,2,"14,21",pix,Matriz - Recife
2022,21/08/2024,meia esportiva,Vestuário,3,"15,03",Cartão de Crédito,Matriz - Recife
2039,2024-08-23,Suco de Caju 1L,Alimentos,1,"171,14",PIX,Matriz - Recife
2893,20-11-2024,Meia Esportiva,VESTUÁRIO,2,"15,62",pix,Matriz - Recife
4627,15-05-2025,Água de Coco 500ml,Alimentos,3,"56,47",Cartão de Crédito,Matriz - Recife
2362,29/09/2024,Cola Bastão,Papelaria,3,"43,84",Cartão de Débito,Matriz - Recife
1867,03-08-2024,Jaqueta Corta-Vento,VESTUÁRIO,3,"64,62",Cartão de Crédito,Matriz - Recife
324,25-02-2024,Organizador de Gaveta,Casa e Utilidades,1,"31,96",Pix,Matriz - Recife
1293,07/06/2024,Caneta Esferográfica,Papelaria,3,"9,36",Cartão de Débito,Matriz - Recife
6570,2025-11-12,Organizador de Gaveta,Casa e Utilidades,1,"29,35",Dinheiro,Matriz - Recife
5692,18-08-2025,Suco de Caju 1L,Alimentos,1,"157,49",PIX,Matriz - Recife
2173,2024-09-08,Power Bank 10000mAh,Eletrônicos,3,"173,79",pix,Matriz - Recife
5929,12/09/2025,Vela Aromática,Casa e Utilidades,1,"29,18",pix,Matriz - Recife
4694,21-05-2025,Jogo de Toalhas,CASA E UTILIDADES,3,"96,31",Dinheiro,Matriz - Recife
1230,02-06-2024,Escova de Limpeza,Casa e Utilidades,4,"218,07",Pix,Matriz - Recife
2474,10-10-2024,Cabo HDMI,Eletrônicos,1,"57,49",pix,Matriz - Recife
1999,2024-08-18,Cabo HDMI,Eletrônicos,1,"60,16",Cartão de Crédito,Matriz - Recife
5201,28/06/2025,Suco de Caju 1L,Alimentos,1,"167,90",Pix,Matriz - Recife
4700,22/05/2025,Marcador de Texto,Papelaria,1,"96,37",Pix,Matriz - Recife
80,13/01/2024,Café Torrado 500g,ALIMENTOS,5,"14,79",pix,Matriz - Recife
1942,11-08-2024,Power Bank 10000mAh,Eletrônicos,2,"174,09",Dinheiro,Matriz - Recife
2292,2024-09-22,camiseta básica,Vestuário,2,"208,08",Pix,Matriz - Recife
7040,15/12/2025,Fone de Ouvido Bluetooth,Eletrônicos,4,"155,92",Dinheiro,Matriz - Recife
1095,21-05-2024,mochila escolar,Papelaria,3,"204,35",Cartão de Crédito,Matriz - Recife
2941,25/11/2024,Escova de Limpeza,Casa e Utilidades,3,"209,66",Dinheiro,Matriz - Recife
118,22-01-2024,Camiseta Básica,Vestuário,1,"234,23",Cartão de Crédito,Matriz - Recife
2990,2024-11-28,suco de caju 1l,Alimentos,3,"161,42",pix,Matriz - Recife
7077,2025-12-17,Caderno Universitário,Papelaria,2,"216,00",Cartão de Débito,Matriz - Recife
3366,27-12-2024,Marcador de Texto,Papelaria,2,"84,61",Cartão de Crédito,Matriz - Recife
2934,24-11-2024,Café Torrado 500g,Alimentos,1,"14,82",Pix,Matriz - Recife
5689,18-08-2025,Meia Esportiva,Vestuário,2,"14,22",Pix,Matriz - Recife
6124,2025-10-05,Estojo Simples,Papelaria,1,"185,07",pix,Matriz - Recife
1447,21/06/2024,água de coco 500ml,,1,"63,94",Pix,Matriz - Recife
5130,22/06/2025,Bermuda Jeans,Vestuário,1,"29,14",Cartão de Débito,Matriz - Recife
6410,03/11/2025,Escova de Limpeza,Casa e Utilidades,1,"217,22",Cartão de Crédito,Matriz - Recife
7295,30-12-2025,Barra de Cereal,Alimentos,3,"135,41",PIX,Matriz - Recife
3960,11-03-2025,Kit Panelas Antiaderente,Casa e Utilidades,1,"249,71",Cartão de Crédito,Matriz - Recife
2473,10/10/2024,Água de Coco 500ml,ALIMENTOS,2,"56,87",pix,Matriz - Recife
4723,24/05/2025,Boné Aba Reta,Vestuário,2,"103,32",Dinheiro,Matriz - Recife
1201,31-05-2024,Cabo HDMI,Eletrônicos,-1,"58,18",Cartão de Crédito,Matriz - Recife
5404,21/07/2025,Meia Esportiva,Vestuário,2,"14,62",Pix,Matriz - Recife
3626,30-01-2025,Jogo de Toalhas,,1,"89,19",Cartão de Débito,Matriz - Recife
5102,21/06/2025,Vela Aromática,CASA E UTILIDADES,3,"32,12",pix,Matriz - Recife
6326,2025-10-26,Bermuda Jeans,Vestuário,-1,"29,78",Pix,Matriz - Recife
2525,16/10/2024,Cabo HDMI,Eletrônicos,1,"57,69",PIX,Matriz - Recife
5458,25/07/2025,Escova de Limpeza,Casa e Utilidades,4,"198,90",Dinheiro,Matriz - Recife
1179,28/05/2024,Boné Aba Reta,Vestuário,2,"117,19",Cartão de Débito,Matriz - Recife
6220,2025-10-15,marcador de texto,Papelaria,4,"90,40",pix,Matriz - Recife
1927,08-08-2024,Caneta Esferográfica,Papelaria,3,"9,80",,Matriz - Recife
2803,15/11/2024,mochila escolar,Papelaria,4,"207,61",Cartão de Crédito,Matriz - Recife
5920,11-09-2025,Mouse Sem Fio,Eletrônicos,1,"161,39",PIX,Matriz - Recife
11,02/01/2024,Jogo de Toalhas,Casa e Utilidades,1,"94,79",PIX,Matriz - Recife
5177,26-06-2025,mochila escolar,Papelaria,3,"209,49",pix,Matriz - Recife
286,18/02/2024,Jogo de Toalhas,CASA E UTILIDADES,1,"92,46",Cartão de Débito,Matriz - Recife
1878,04/08/2024,Suco de Caju 1L,Alimentos,3,"154,10",Cartão de Débito,Matriz - Recife
7210,26-12-2025,Mouse Sem Fio,Eletrônicos,4,"175,93",PIX,Matriz - Recife
4325,2025-04-18,Meia Esportiva,Vestuário,3,"15,01",Dinheiro,Matriz - Recife
1038,16-05-2024,Barra de Cereal,ALIMENTOS,2,"141,41",Cartão de Crédito,Matriz - Recife
1226,2024-06-02,Power Bank 10000mAh,Eletrônicos,2,"188,78",Pix,Matriz - Recife
2881,19/11/2024,Café Torrado 500g,Alimentos,1,"13,78",Cartão de Débito,matriz-recife
6644,18-11-2025,Fone de Ouvido Bluetooth,Eletrônicos,2,"154,24",,Matriz - Recife
4900,2025-06-04,Amendoim Torrado,ALIMENTOS,2,"138,96",Cartão de Crédito,Matriz - Recife
6616,2025-11-16,Meia Esportiva,Vestuário,3,"14,98",Cartão de Crédito,Matriz - Recife
2319,24-09-2024,chinelo de dedo,VESTUÁRIO,1,"131,82",PIX,Matriz - Recife
402,2024-03-09,Cola Bastão,Papelaria,3,"45,78",PIX,Matriz - Recife
5913,2025-09-11,Camiseta Básica,Vestuário,1,"208,95",Dinheiro,Matriz - Recife
1493,24/06/2024,Porta Sabonete,Casa e Utilidades,1,"162,60",Dinheiro,Matriz - Recife
5754,2025-08-25,Jaqueta Corta-Vento,Vestuário,5,"57,63",Cartão de Débito,Matriz - Recife
2704,04-11-2024,Caneta Esferográfica,Papelaria,1,"9,71",Pix,Matriz - Recife
5227,2025-06-30,mouse sem fio,Eletrônicos,1,"160,98",Cartão de Crédito,Matriz - Recife
5831,2025-09-02,Vela Aromática,,3,"28,34",Cartão de Débito,Matriz - Recife
3199,14/12/2024,amendoim torrado,Alimentos,4,"149,59",pix,Matriz - Recife
3833,27-02-2025,Barra de Cereal,Alimentos,1,"150,31",Dinheiro,Matriz - Recife
5766,2025-08-26,power bank 10000mah,ELETRÔNICOS,1,"176,70",pix,Matriz - Recife
4990,10-06-2025,Amendoim Torrado,Alimentos,4,"145,39",Pix,Matriz - Recife
6998,12-12-2025,Caneta Esferográfica,Papelaria,3,"9,55",Cartão de Crédito,Matriz - Recife
2528,16/10/2024,Bermuda Jeans,VESTUÁRIO,2,"26,78",Cartão de Débito,Matriz - Recife
7189,2025-12-25,Cola Bastão,Papelaria,2,"46,27",Cartão de Crédito,Matriz - Recife
613,01-04-2024,Suco de Caju 1L,ALIMENTOS,1,"154,21",Pix,Matriz - Recife
1693,13/07/2024,Power Bank 10000mAh,ELETRÔNICOS,1,"189,41",pix,Matriz - Recife
1372,2024-06-13,Power Bank 10000mAh,Eletrônicos,4,"188,30",Cartão de Débito,Matriz - Recife
7066,16/12/2025,Power Bank 10000mAh,Eletrônicos,1,"192,62",pix,Matriz - Recife
6216,14/10/2025,Porta Sabonete,Casa e Utilidades,-1,"151,26",Dinheiro,Matriz - Recife
3818,2025-02-25,Camiseta Básica,Vestuário,4,"229,36",pix,Matriz - Recife
5279,2025-07-05,Organizador de Gaveta,Casa e Utilidades,1,"31,79",PIX,Matriz - Recife
1097,21-05-2024,Fone de Ouvido Bluetooth,Eletrônicos,5,"165,43",PIX,Matriz - Recife
3203,15/12/2024,Organizador de Gaveta,,2,"33,90",Cartão de Débito,Matriz - Recife
1150,25-05-2024,Organizador de Gaveta,Casa e Utilidades,-1,"29,99",Pix,Matriz - Recife
6347,28-10-2025,chinelo de dedo,Vestuário,1,"123,98",Cartão de Débito,Matriz - Recife
5484,2025-07-28,mochila escolar,,2,"199,13",PIX,Matriz - Recife
5098,20/06/2025,Cola Bastão,Papelaria,2,"44,44",Cartão de Débito,Matriz - Recife
377,04/03/2024,Café Torrado 500g,ALIMENTOS,1,"14,99",pix,Matriz - Recife
4069,23/03/2025,Caixa de Som Portátil,Eletrônicos,1,"78,07",pix,Matriz - Recife
4856,01/06/2025,Caderno Universitário,Papelaria,2,"188,34",Cartão de Débito,Matriz - Recife
4388,26-04-2025,cabo hdmi,Eletrônicos,1,"65,91",Pix,Matriz - Recife
3735,12-02-2025,Porta Sabonete,Casa e Utilidades,4,"166,22",PIX,Matriz - Recife
6002,21/09/2025,Estojo Simples,Papelaria,1,"184,18",Cartão de Crédito,Matriz - Recife
605,31-03-2024,Caixa de Som Portátil,Eletrônicos,1,"69,56",Dinheiro,Matriz - Recife
5894,2025-09-08,Mouse Sem Fio,Eletrônicos,1,"183,29",Cartão de Débito,Matriz - Recife
6818,29-11-2025,Power Bank 10000mAh,Eletrônicos,5,"194,39",pix,Matriz - Recife
5917,11/09/2025,biscoito recheado,Alimentos,4,"60,48",PIX,Matriz - Recife
2126,2024-09-03,Caneta Esferográfica,Papelaria,4,"9,37",Cartão de Débito,Matriz - Recife
7174,2025-12-24,Porta Sabonete,Casa e Utilidades,2,"164,79",Cartão de Débito,Matriz - Recife
6062,29-09-2025,Biscoito Recheado,ALIMENTOS,2,"52,87",Cartão de Crédito,Matriz - Recife
3449,03-01-2025,Fone de Ouvido Bluetooth,Eletrônicos,1,"150,53",Dinheiro,Matriz - Recife
3079,05-12-2024,Organizador de Gaveta,Casa e Utilidades,2,"29,96",Dinheiro,Matriz - Recife
5359,17-07-2025,Carregador USB-C,Eletrônicos,1,"14,24",Cartão de Crédito,Matriz - Recife
1379,2024-06-14,Biscoito Recheado,Alimentos,3,"55,21",PIX,Matriz - Recife
6332,2025-10-26,Água de Coco 500ml,Alimentos,3,"58,55",pix,Matriz - Recife
6123,05/10/2025,Barra de Cereal,Alimentos,1,"131,93",Cartão de Crédito,Matriz - Recife
2650,30/10/2024,Kit Panelas Antiaderente,Casa e Utilidades,2,"254,52",PIX,Matriz - Recife
3493,09-01-2025,Jogo de Toalhas,Casa e Utilidades,1,"87,63",PIX,Matriz - Recife
2025,22-08-2024,Bermuda Jeans,Vestuário,1,"27,14",Cartão de Débito,Matriz - Recife
5764,26/08/2025,Caderno Universitário,Papelaria,1,"202,40",Cartão de Crédito,Matriz - Recife
6087,02/10/2025,Vela Aromática,Casa e Utilidades,1,"28,80",Cartão de Crédito,Matriz - Recife
5995,2025-09-20,suco de caju 1l,Alimentos,2,"175,07",Cartão de Crédito,Matriz - Recife
1720,2024-07-16,Caderno Universitário,Papelaria,4,"189,81",Pix,Matriz - Recife
4150,2025-03-30,Água de Coco 500ml,Alimentos,3,"65,07",,Matriz - Recife
5968,2025-09-16,Bermuda Jeans,Vestuário,1,"28,13",Dinheiro,Matriz - Recife
5215,29-06-2025,Café Torrado 500g,Alimentos,1,"13,55",Cartão de Débito,Matriz - Recife
2895,20/11/2024,Organizador de Gaveta,Casa e Utilidades,1,"29,04",PIX,Matriz - Recife
5874,2025-09-06,Chinelo de Dedo,VESTUÁRIO,3,"121,59",PIX,Matriz - Recife
6836,2025-11-30,água de coco 500ml,Alimentos,2,"59,11",Cartão de Crédito,Matriz - Recife
3005,2024-11-29,Café Torrado 500g,Alimentos,2,"13,75",Cartão de Débito,Matriz - Recife
7090,18-12-2025,Bermuda Jeans,Vestuário,2,"27,49",Pix,Matriz - Recife
6774,2025-11-26,Amendoim Torrado,Alimentos,2,"156,26",Dinheiro,Matriz - Recife
156,28-01-2024,chinelo de dedo,VESTUÁRIO,1,"131,81",PIX,Matriz - Recife
121,22-01-2024,Estojo Simples,Papelaria,3,"184,82",Cartão de Débito,Matriz - Recife
2663,02/11/2024,Camiseta Básica,Vestuário,1,"209,78",Dinheiro,Matriz - Recife
943,08-05-2024,Carregador USB-C,Eletrônicos,-1,"13,52",Pix,Matriz - Recife
4581,2025-05-11,Bermuda Jeans,Vestuário,1,"29,79",pix,Matriz - Recife
2448,2024-10-07,Escova de Limpeza,CASA E UTILIDADES,1,"223,76",Pix,Matriz - Recife
4308,16/04/2025,Estojo Simples,Papelaria,3,"185,04",Pix,Matriz - Recife
1801,2024-07-26,Água de Coco 500ml,Alimentos,-4,"61,38",pix,Matriz - Recife
1209,31-05-2024,caderno universitário,PAPELARIA,5,"205,32",Cartão de Débito,Matriz - Recife
4769,27/05/2025,Estojo Simples,Papelaria,1,"168,83",Pix,Matriz - Recife
479,16/03/2024,Fone de Ouvido Bluetooth,,3,"171,09",pix,Matriz - Recife
6891,04-12-2025,Biscoito Recheado,Alimentos,4,"53,40",Cartão de Crédito,Matriz - Recife
4433,01/05/2025,Suco de Caju 1L,ALIMENTOS,2,"160,14",PIX,Matriz - Recife
7000,12-12-2025,jogo de toalhas,Casa e Utilidades,-4,"90,17",Cartão de Débito,Matriz - Recife
3837,28-02-2025,Mochila Escolar,Papelaria,3,"201,14",pix,Matriz - Recife
6834,30/11/2025,Boné Aba Reta,Vestuário,3,"116,03",Dinheiro,Matriz - Recife
5323,13-07-2025,Kit Panelas Antiaderente,Casa e Utilidades,2,"221,85",Cartão de Crédito,Matriz - Recife
6949,08/12/2025,power bank 10000mah,Eletrônicos,2,"199,93",Dinheiro,Matriz - Recife
500,18/03/2024,Fone de Ouvido Bluetooth,ELETRÔNICOS,2,"156,25",,Matriz - Recife
5710,2025-08-20,Café Torrado 500g,Alimentos,2,"14,14",Cartão de Crédito,Matriz - Recife
2714,06-11-2024,barra de cereal,Alimentos,1,"146,12",Dinheiro,Matriz - Recife
5366,18-07-2025,Água de Coco 500ml,Alimentos,1,"58,27",Cartão de Crédito,Matriz - Recife
7316,2025-12-31,Amendoim Torrado,Alimentos,1,"144,77",Cartão de Crédito,Matriz - Recife
7001,12/12/2025,Fone de Ouvido Bluetooth,Eletrônicos,5,"166,03",Pix,Matriz - Recife
6193,12/10/2025,Amendoim Torrado,Alimentos,3,"157,91",Dinheiro,Matriz - Recife
7271,29-12-2025,Camiseta Básica,Vestuário,2,"229,80",Cartão de Débito,Matriz - Recife
5355,16-07-2025,Bermuda Jeans,Vestuário,4,"30,27",Dinheiro,Matriz - Recife
6003,21-09-2025,Caderno Universitário,PAPELARIA,1,"190,98",Pix,Matriz - Recife
2621,26-10-2024,Jogo de Toalhas,Casa e Utilidades,3,"86,11",PIX,Matriz - Recife
6141,07/10/2025,Organizador de Gaveta,CASA E UTILIDADES,2,"33,78",Pix,Matriz - Recife
6872,2025-12-02,Power Bank 10000mAh,Eletrônicos,3,"194,20",Dinheiro,Matriz - Recife
4060,22-03-2025,Kit Panelas Antiaderente,Casa e Utilidades,1,"254,56",Cartão de Crédito,Matriz - Recife
1701,14/07/2024,Jogo de Toalhas,Casa e Utilidades,2,"89,67",Dinheiro,Matriz - Recife
2775,12/11/2024,Meia Esportiva,Vestuário,2,"14,52",pix,Matriz - Recife
4797,2025-05-29,Café Torrado 500g,Alimentos,1,"14,70",Pix,Matriz - Recife
5763,26/08/2025,Amendoim Torrado,Alimentos,1,"146,61",Dinheiro,Matriz - Recife
165,28/01/2024,estojo simples,Papelaria,1,"184,00",Cartão de Crédito,Matriz - Recife
6364,30-10-2025,Jaqueta Corta-Vento,VESTUÁRIO,2,"57,42",Cartão de Crédito,Matriz - Recife
6185,11-10-2025,Vela Aromática,Casa e Utilidades,3,"31,35",PIX,Matriz - Recife
4171,01/04/2025,Organizador de Gaveta,CASA E UTILIDADES,2,"31,37",PIX,Matriz - Recife
191,02-02-2024,organizador de gaveta,Casa e Utilidades,-2,"28,98",Cartão de Crédito,Matriz - Recife
546,24-03-2024,Barra de Cereal,Alimentos,5,"130,18",PIX,Matriz - Recife
1913,07-08-2024,Jogo de Toalhas,Casa e Utilidades,1,"94,82",PIX,Matriz - Recife
5007,11-06-2025,Vela Aromática,Casa e Utilidades,1,"29,14",Dinheiro,Matriz - Recife
7033,2025-12-14,Bermuda Jeans,Vestuário,2,"30,23",Pix,Matriz - Recife
1355,2024-06-12,Meia Esportiva,Vestuário,2,"16,43",pix,Matriz - Recife
5496,29-07-2025,Água de Coco 500ml,Alimentos,3,"60,73",Cartão de Crédito,Matriz - Recife
2169,08/09/2024,Barra de Cereal,Alimentos,3,"149,05",Dinheiro,Matriz - Recife
1911,07-08-2024,Mochila Escolar,Papelaria,1,"211,61",Cartão de Crédito,Matriz - Recife
4152,31-03-2025,Chinelo de Dedo,Vestuário,1,"123,11",Pix,Matriz - Recife
1098,21/05/2024,Caixa de Som Portátil,Eletrônicos,3,"77,33",Cartão de Crédito,Matriz - Recife
592,2024-03-30,estojo simples,PAPELARIA,4,"187,83",Cartão de Débito,Matriz - Recife
408,2024-03-09,Água de Coco 500ml,Alimentos,-4,"61,89",Pix,Matriz - Recife
45,08/01/2024,mouse sem fio,Eletrônicos,2,"185,50",Dinheiro,Matriz - Recife
578,28/03/2024,Bermuda Jeans,Vestuário,1,"29,90",PIX,Matriz - Recife
2256,2024-09-18,Boné Aba Reta,Vestuário,2,"114,70",pix,Matriz - Recife
3268,2024-12-20,Amendoim Torrado,Alimentos,2,"144,54",pix,Matriz - Recife
3081,05-12-2024,Porta Sabonete,Casa e Utilidades,1,"154,54",pix,Matriz - Recife
5351,2025-07-16,Camiseta Básica,Vestuário,2,"234,15",PIX,Matriz - Recife
1524,26-06-2024,Vela Aromática,Casa e Utilidades,4,"31,17",Cartão de Crédito,Matriz - Recife
3730,2025-02-11,Caneta Esferográfica,PAPELARIA,2,"9,55",Cartão de Crédito,matriz-recife
5952,2025-09-15,Estojo Simples,Papelaria,3,"179,00",Dinheiro,Matriz - Recife
679,09-04-2024,Caixa de Som Portátil,ELETRÔNICOS,1,"72,86",Cartão de Crédito,Matriz - Recife
5724,22/08/2025,Kit Panelas Antiaderente,Casa e Utilidades,1,"225,43",Cartão de Crédito,Matriz - Recife
1375,2024-06-13,Amendoim Torrado,,1,"161,44",Cartão de Crédito,Matriz - Recife
5825,2025-09-01,Organizador de Gaveta,Casa e Utilidades,1,"30,94",pix,Matriz - Recife
719,16/04/2024,Bermuda Jeans,Vestuário,2,"28,70",Cartão de Débito,Matriz - Recife
2713,05-11-2024,Chinelo de Dedo,Vestuário,1,"124,17",pix,Matriz - Recife
1152,26-05-2024,escova de limpeza,,3,"225,91",Dinheiro,Matriz - Recife
4542,08/05/2025,Meia Esportiva,Vestuário,1,"16,18",Pix,Matriz - Recife
1078,20-05-2024,Caderno Universitário,,2,"212,44",Dinheiro,Matriz - Recife
409,09/03/2024,Cola Bastão,Papelaria,1,"42,12",pix,Matriz - Recife
4173,2025-04-01,Café Torrado 500g,Alimentos,1,"15,28",pix,Matriz - Recife
2983,2024-11-28,Jogo de Toalhas,Casa e Utilidades,3,"91,25",PIX,Matriz - Recife
4756,26/05/2025,Marcador de Texto,PAPELARIA,3,"90,54",PIX,Matriz - Recife
4495,2025-05-04,meia esportiva,Vestuário,1,"14,49",pix,Matriz - Recife
85,15/01/2024,Água de Coco 500ml,,1,"62,71",pix,Matriz - Recife
1470,22-06-2024,Power Bank 10000mAh,Eletrônicos,1,"171,77",PIX,Matriz - Recife
3023,30-11-2024,Power Bank 10000mAh,Eletrônicos,3,"184,97",Cartão de Débito,Matriz - Recife
521,2024-03-21,Marcador de Texto,Papelaria,1,"96,52",Pix,Matriz - Recife
6225,16-10-2025,Caixa de Som Portátil,Eletrônicos,4,"79,48",Pix,Matriz - Recife
5998,20-09-2025,Água de Coco 500ml,Alimentos,3,"58,14",pix,Matriz - Recife
1638,06/07/2024,Caneta Esferográfica,Papelaria,1,"9,31",PIX,Matriz - Recife
3297,22/12/2024,Mouse Sem Fio,Eletrônicos,4,"184,89",PIX,Matriz - Recife
2136,03/09/2024,Mouse Sem Fio,ELETRÔNICOS,2,"166,05",Cartão de Débito,Matriz - Recife
6226,16/10/2025,Porta Sabonete,Casa e Utilidades,5,"146,38",Pix,Matriz - Recife
2801,14-11-2024,Barra de Cereal,Alimentos,3,"136,50",Cartão de Crédito,Matriz - Recife
3727,2025-02-11,Camiseta Básica,Vestuário,2,"221,87",Cartão de Débito,matriz-recife
2796,14/11/2024,Suco de Caju 1L,Alimentos,-2,"154,58",Pix,Matriz - Recife
4290,13/04/2025,Mouse Sem Fio,Eletrônicos,1,"179,92",pix,Matriz - Recife
3812,23-02-2025,Mouse Sem Fio,Eletrônicos,4,"173,40",Pix,Matriz - Recife
551,2024-03-25,Escova de Limpeza,Casa e Utilidades,3,"219,99",Dinheiro,Matriz - Recife
3733,12-02-2025,Kit Panelas Antiaderente,CASA E UTILIDADES,1,"221,08",Cartão de Crédito,Matriz - Recife
2581,2024-10-22,Marcador de Texto,Papelaria,2,"94,60",Pix,Matriz - Recife
96,17/01/2024,caneta esferográfica,Papelaria,1,"10,07",Cartão de Crédito,Matriz - Recife
6328,2025-10-26,Barra de Cereal,ALIMENTOS,2,"142,33",Cartão de Débito,Matriz - Recife
7140,22-12-2025,Organizador de Gaveta,Casa e Utilidades,3,"32,97",Pix,Matriz - Recife
6846,2025-12-01,kit panelas antiaderente,Casa e Utilidades,3,"240,96",Pix,Matriz - Recife
4348,21-04-2025,Mouse Sem Fio,Eletrônicos,4,"182,72",Pix,Matriz - Recife
2099,31/08/2024,Chinelo de Dedo,Vestuário,1,"131,88",Cartão de Crédito,Matriz - Recife
6480,07-11-2025,Fone de Ouvido Bluetooth,Eletrônicos,1,"172,95",PIX,Matriz - Recife
4344,20-04-2025,suco de caju 1l,Alimentos,5,"156,55",PIX,Matriz - Recife
2457,08/10/2024,café torrado 500g,Alimentos,2,"14,85",pix,Matriz - Recife
2170,08-09-2024,Power Bank 10000mAh,Eletrônicos,1,"195,79",Cartão de Crédito,Matriz - Recife
4671,2025-05-18,Amendoim Torrado,Alimentos,1,"154,56",Dinheiro,Matriz - Recife
1625,04/07/2024,jaqueta corta-vento,Vestuário,1,"61,37",Dinheiro,Matriz - Recife
1399,2024-06-17,Kit Panelas Antiaderente,Casa e Utilidades,5,"225,34",Cartão de Débito,Matriz - Recife
4507,05/05/2025,Kit Panelas Antiaderente,Casa e Utilidades,1,"232,24",pix,Matriz - Recife
3637,2025-01-31,Cabo HDMI,ELETRÔNICOS,4,"59,78",pix,Matriz - Recife
294,19/02/2024,Mochila Escolar,Papelaria,1,"200,36",Cartão de Crédito,Matriz - Recife
6997,12-12-2025,Jogo de Toalhas,Casa e Utilidades,2,"90,14",Dinheiro,Matriz - Recife
2937,2024-11-25,Escova de Limpeza,Casa e Utilidades,1,"209,04",PIX,Matriz - Recife
3652,01-02-2025,Meia Esportiva,Vestuário,2,"14,26",pix,Matriz - Recife
6372,2025-10-31,Marcador de Texto,Papelaria,3,"94,10",PIX,Matriz - Recife
7041,2025-12-15,cola bastão,Papelaria,1,"46,08",pix,Matriz - Recife
2631,2024-10-28,Organizador de Gaveta,Casa e Utilidades,1,"32,71",Cartão de Crédito,Matriz - Recife
7218,2025-12-26,Bermuda Jeans,Vestuário,1,"29,28",Pix,Matriz - Recife
1528,2024-06-27,mouse sem fio,Eletrônicos,1,"181,12",Pix,Matriz - Recife
4493,04-05-2025,Porta Sabonete,Casa e Utilidades,1,"163,83",Pix,Matriz - Recife
4415,29/04/2025,Biscoito Recheado,,2,"58,02",pix,Matriz - Recife
158,28/01/2024,Meia Esportiva,Vestuário,4,"14,83",Cartão de Crédito,Matriz - Recife
532,22/03/2024,Jaqueta Corta-Vento,Vestuário,2,"60,05",pix,Matriz - Recife
5514,31-07-2025,Power Bank 10000mAh,,3,"182,72",Cartão de Crédito,Matriz - Recife
772,21-04-2024,Chinelo de Dedo,Vestuário,1,"128,74",pix,Matriz - Recife
4345,21-04-2025,Bermuda Jeans,Vestuário,2,"30,15",Cartão de Crédito,Matriz - Recife
2594,24/10/2024,Mochila Escolar,Papelaria,2,"188,28",Cartão de Crédito,Matriz - Recife
7207,2025-12-26,Boné Aba Reta,VESTUÁRIO,3,"113,03",Dinheiro,Matriz - Recife
4224,2025-04-08,Fone de Ouvido Bluetooth,Eletrônicos,1,"165,53",Dinheiro,Matriz - Recife
6067,2025-09-30,Bermuda Jeans,Vestuário,4,"30,79",Cartão de Crédito,Matriz - Recife
3705,08-02-2025,Cola Bastão,Papelaria,3,"48,15",Dinheiro,Matriz - Recife
6209,14-10-2025,Caderno Universitário,Papelaria,1,"196,84",pix,Matriz - Recife
2524,2024-10-15,Cola Bastão,Papelaria,3,"45,81",Cartão de Crédito,Matriz - Recife
5793,29-08-2025,Bermuda Jeans,Vestuário,5,"30,08",,Matriz - Recife
7179,2025-12-24,Caderno Universitário,PAPELARIA,4,"214,91",Cartão de Débito,Matriz - Recife
5813,31-08-2025,Estojo Simples,Papelaria,1,"184,83",Cartão de Crédito,Matriz - Recife
4109,27/03/2025,Power Bank 10000mAh,Eletrônicos,1,"185,93",Pix,Matriz - Recife
6810,2025-11-29,Fone de Ouvido Bluetooth,Eletrônicos,1,"154,20",Dinheiro,Matriz - Recife
5339,15-07-2025,Camiseta Básica,Vestuário,4,"213,65",Cartão de Débito,Matriz - Recife
792,23-04-2024,Amendoim Torrado,ALIMENTOS,5,"145,53",Pix,Matriz - Recife
5695,19/08/2025,Caderno Universitário,Papelaria,2,"219,27",PIX,Matriz - Recife
4589,2025-05-12,Mouse Sem Fio,Eletrônicos,2,"158,15",Cartão de Débito,Matriz - Recife
957,09/05/2024,Cola Bastão,Papelaria,2,"46,64",Cartão de Crédito,Matriz - Recife
4827,2025-05-30,Porta Sabonete,Casa e Utilidades,4,"146,72",pix,Matriz - Recife
5457,25-07-2025,Bermuda Jeans,Vestuário,1,"29,45",Dinheiro,Matriz - Recife
3694,06/02/2025,Fone de Ouvido Bluetooth,Eletrônicos,1,"172,05",Dinheiro,Matriz - Recife
2867,18-11-2024,Fone de Ouvido Bluetooth,Eletrônicos,1,"173,68",Dinheiro,Matriz - Recife
5232,30-06-2025,Boné Aba Reta,Vestuário,5,"118,86",Pix,Matriz - Recife
31,06-01-2024,Amendoim Torrado,ALIMENTOS,-3,"149,07",Pix,Matriz - Recife
5099,2025-06-21,Kit Panelas Antiaderente,Casa e Utilidades,1,"226,94",pix,Matriz - Recife
2101,2024-08-31,Jaqueta Corta-Vento,Vestuário,2,"61,33",Cartão de Débito,Matriz - Recife
5017,12/06/2025,Mochila Escolar,Papelaria,1,"192,90",Cartão de Débito,Matriz - Recife
3508,2025-01-12,Cola Bastão,Papelaria,2,"45,91",Cartão de Crédito,Matriz - Recife
4538,08/05/2025,Mouse Sem Fio,Eletrônicos,5,"170,06",Pix,Matriz - Recife
3462,2025-01-05,Caderno Universitário,PAPELARIA,1,"216,17",Dinheiro,Matriz - Recife
4497,04/05/2025,Mochila Escolar,Papelaria,4,"211,28",Pix,Matriz - Recife
1026,2024-05-14,Kit Panelas Antiaderente,Casa e Utilidades,1,"228,85",PIX,Matriz - Recife
4868,01/06/2025,Cola Bastão,Papelaria,3,"46,42",PIX,Matriz - Recife
4699,22/05/2025,Cola Bastão,Papelaria,2,"47,50",pix,Matriz - Recife
55,09-01-2024,Mochila Escolar,Papelaria,3,"218,49",Cartão de Crédito,Matriz - Recife
1403,17/06/2024,Kit Panelas Antiaderente,Casa e Utilidades,3,"245,93",pix,Matriz - Recife
5863,05/09/2025,Mochila Escolar,Papelaria,1,"208,56",Pix,Matriz - Recife
3219,16-12-2024,Porta Sabonete,Casa e Utilidades,1,"157,14",Cartão de Débito,Matriz - Recife
6065,2025-09-29,cola bastão,Papelaria,2,"44,38",Cartão de Débito,Matriz - Recife
3350,26/12/2024,Cabo HDMI,Eletrônicos,1,"66,34",Cartão de Débito,Matriz - Recife
894,2024-05-03,Power Bank 10000mAh,Eletrônicos,1,"194,18",pix,Matriz - Recife
4336,2025-04-19,Fone de Ouvido Bluetooth,Eletrônicos,1,"152,90",Cartão de Crédito,Matriz - Recife
197,03-02-2024,Vela Aromática,Casa e Utilidades,1,"31,61",Pix,Matriz - Recife
4146,30/03/2025,Caixa de Som Portátil,Eletrônicos,1,"71,07",Cartão de Crédito,Matriz - Recife
6358,29-10-2025,Cabo HDMI,Eletrônicos,1,"64,44",Cartão de Débito,Matriz - Recife
5895,08-09-2025,Estojo Simples,Papelaria,5,"169,13",Cartão de Débito,Matriz - Recife
3250,19-12-2024,Cabo HDMI,Eletrônicos,1,"65,74",Cartão de Crédito,Matriz - Recife
2536,17/10/2024,Cola Bastão,Papelaria,1,"44,20",Cartão de Crédito,Matriz - Recife
3689,2025-02-06,Café Torrado 500g,Alimentos,1,"13,40",Pix,Matriz - Recife
2832,16-11-2024,Vela Aromática,Casa e Utilidades,3,"29,28",,Matriz - Recife
3783,19-02-2025,Barra de Cereal,Alimentos,3,"148,97",Pix,Matriz - Recife
2245,2024-09-17,Cabo HDMI,Eletrônicos,2,"63,10",Cartão de Débito,Matriz - Recife
4635,15-05-2025,Café Torrado 500g,Alimentos,2,"15,44",Cartão de Crédito,Matriz - Recife
6894,2025-12-04,jaqueta corta-vento,Vestuário,5,"65,17",Pix,Matriz - Recife
4458,02/05/2025,Power Bank 10000mAh,ELETRÔNICOS,4,"191,07",Cartão de Crédito,matriz-recife
770,2024-04-21,Café Torrado 500g,Alimentos,2,"13,44",pix,Matriz - Recife
427,2024-03-11,Marcador de Texto,Papelaria,1,"83,76",Dinheiro,Matriz - Recife
94,16-01-2024,estojo simples,Papelaria,1,"165,85",Dinheiro,Matriz - Recife
902,04-05-2024,Caderno Universitário,Papelaria,2,"188,68",Cartão de Débito,Matriz - Recife
5761,2025-08-26,Kit Panelas Antiaderente,Casa e Utilidades,1,"236,41",Dinheiro,Matriz - Recife
6914,05/12/2025,Escova de Limpeza,CASA E UTILIDADES,1,"225,16",Cartão de Débito,Matriz - Recife
1101,21-05-2024,Boné Aba Reta,Vestuário,2,"113,80",Pix,Matriz - Recife
5885,07/09/2025,Caixa de Som Portátil,Eletrônicos,1,"73,32",,Matriz - Recife
6286,22-10-2025,Boné Aba Reta,Vestuário,2,"102,84",Cartão de Débito,Matriz - Recife
3552,21/01/2025,Caixa de Som Portátil,Eletrônicos,1,"79,28",Cartão de Crédito,Matriz - Recife
5218,29-06-2025,escova de limpeza,Casa e Utilidades,1,"196,98",Cartão de Crédito,Matriz - Recife
3677,05-02-2025,Biscoito Recheado,Alimentos,2,"57,21",Cartão de Crédito,Matriz - Recife
303,2024-02-22,caderno universitário,Papelaria,1,"211,29",PIX,Matriz - Recife
1462,22-06-2024,Power Bank 10000mAh,Eletrônicos,1,"177,26",Pix,Matriz - Recife
3227,2024-12-17,Caixa de Som Portátil,Eletrônicos,3,"74,28",Pix,Matriz - Recife
5526,2025-08-02,Caneta Esferográfica,Papelaria,1,"9,61",Dinheiro,Matriz - Recife
322,24-02-2024,Kit Panelas Antiaderente,Casa e Utilidades,3,"237,75",,Matriz - Recife
1207,31/05/2024,Caderno Universitário,Papelaria,2,"216,43",PIX,Matriz - Recife
2865,18/11/2024,bermuda jeans,VESTUÁRIO,1,"30,68",Cartão de Débito,Matriz - Recife
2916,23-11-2024,Boné Aba Reta,Vestuário,3,"115,27",Dinheiro,Matriz - Recife
6967,09-12-2025,Porta Sabonete,Casa e Utilidades,4,"156,72",Dinheiro,Matriz - Recife
4328,18-04-2025,Porta Sabonete,Casa e Utilidades,1,"154,03",Cartão de Crédito,Matriz - Recife
5861,05-09-2025,Caixa de Som Portátil,Eletrônicos,1,"77,40",Cartão de Débito,Matriz - Recife
6132,2025-10-06,Boné Aba Reta,Vestuário,3,"112,08",Cartão de Crédito,Matriz - Recife
4271,12/04/2025,Biscoito Recheado,Alimentos,2,"59,99",PIX,Matriz - Recife
6623,17/11/2025,Cola Bastão,Papelaria,1,"45,19",Pix,Matriz - Recife
2350,2024-09-28,Caderno Universitário,Papelaria,1,"207,45",pix,Matriz - Recife
5277,05/07/2025,Suco de Caju 1L,Alimentos,4,"152,79",,Matriz - Recife
2085,2024-08-29,Jogo de Toalhas,Casa e Utilidades,5,"82,74",Cartão de Crédito,Matriz - Recife
6084,02/10/2025,vela aromática,Casa e Utilidades,1,"32,37",Cartão de Crédito,Matriz - Recife
1202,31/05/2024,mouse sem fio,Eletrônicos,2,"163,94",Pix,Matriz - Recife
2326,25/09/2024,Organizador de Gaveta,Casa e Utilidades,3,"30,81",Dinheiro,Matriz - Recife
6930,06-12-2025,Meia Esportiva,Vestuário,3,"14,92",Dinheiro,Matriz - Recife
3066,2024-12-04,Chinelo de Dedo,Vestuário,3,"139,12",Pix,Matriz - Recife
7128,20-12-2025,Amendoim Torrado,Alimentos,3,"139,57",Cartão de Débito,Matriz - Recife
1029,2024-05-15,Barra de Cereal,Alimentos,-2,"143,98",PIX,Matriz - Recife
3831,27/02/2025,amendoim torrado,Alimentos,4,"157,08",PIX,Matriz - Recife
7300,31/12/2025,Mochila Escolar,Papelaria,3,"214,61",Cartão de Débito,Matriz - Recife
1889,05-08-2024,Marcador de Texto,PAPELARIA,2,"94,33",Cartão de Crédito,Matriz - Recife
1593,01/07/2024,Chinelo de Dedo,Vestuário,5,"140,50",pix,Matriz - Recife
432,11-03-2024,carregador usb-c,Eletrônicos,1,"15,10",Cartão de Crédito,Matriz - Recife
6337,2025-10-27,Cola Bastão,Papelaria,4,"43,67",Dinheiro,Matriz - Recife
6646,18-11-2025,Caneta Esferográfica,Papelaria,3,"10,13",pix,Matriz - Recife
4035,2025-03-19,Amendoim Torrado,,4,"142,92",Cartão de Crédito,Matriz - Recife
872,2024-05-01,Estojo Simples,Papelaria,1,"165,75",Cartão de Crédito,Matriz - Recife
1517,26-06-2024,Água de Coco 500ml,Alimentos,3,"64,33",PIX,Matriz - Recife
6023,23/09/2025,Barra de Cereal,Alimentos,4,"140,08",pix,Matriz - Recife
7098,2025-12-18,Caneta Esferográfica,Papelaria,2,"8,96",Pix,Matriz - Recife
1645,2024-07-07,Chinelo de Dedo,Vestuário,4,"122,10",Cartão de Crédito,Matriz - Recife
2251,17-09-2024,power bank 10000mah,Eletrônicos,3,"176,82",Cartão de Crédito,Matriz - Recife
5068,18-06-2025,Cabo HDMI,Eletrônicos,1,"59,59",Cartão de Débito,Matriz - Recife
1686,12-07-2024,Porta Sabonete,Casa e Utilidades,1,"152,08",Pix,Matriz - Recife
697,2024-04-11,Camiseta Básica,Vestuário,-4,"219,82",pix,Matriz - Recife
1540,27/06/2024,vela aromática,CASA E UTILIDADES,4,"32,32",pix,Matriz - Recife
3522,16/01/2025,Café Torrado 500g,Alimentos,4,"14,59",Pix,Matriz - Recife
4666,18-05-2025,Chinelo de Dedo,Vestuário,1,"128,68",Dinheiro,Matriz - Recife
2976,2024-11-28,Suco de Caju 1L,Alimentos,2,"173,62",Pix,Matriz - Recife
4001,16/03/2025,Chinelo de Dedo,Vestuário,4,"126,81",pix,Matriz - Recife
776,21/04/2024,caixa de som portátil,Eletrônicos,-1,"74,09",Cartão de Crédito,Matriz - Recife
3372,2024-12-27,Bermuda Jeans,Vestuário,5,"29,40",Cartão de Débito,Matriz - Recife
3300,22/12/2024,Mouse Sem Fio,ELETRÔNICOS,1,"168,06",Dinheiro,Matriz - Recife
706,2024-04-13,Biscoito Recheado,Alimentos,1,"51,79",PIX,Matriz - Recife
2792,13-11-2024,Caixa de Som Portátil,Eletrônicos,3,"80,30",Cartão de Débito,Matriz - Recife
730,2024-04-17,Organizador de Gaveta,Casa e Utilidades,2,"32,58",pix,Matriz - Recife
2120,02-09-2024,Caderno Universitário,Papelaria,1,"214,51",Pix,Matriz - Recife
4287,2025-04-13,Estojo Simples,PAPELARIA,4,"184,39",,Matriz - Recife
4043,20-03-2025,Caneta Esferográfica,Papelaria,1,"8,84",Pix,Matriz - Recife
5390,19/07/2025,Porta Sabonete,Casa e Utilidades,2,"143,70",Dinheiro,Matriz - Recife
6604,15/11/2025,carregador usb-c,Eletrônicos,2,"13,84",Pix,Matriz - Recife
1232,03-06-2024,Marcador de Texto,Papelaria,2,"94,06",pix,Matriz - Recife
1817,2024-07-27,Vela Aromática,Casa e Utilidades,4,"28,77",pix,Matriz - Recife
2717,06-11-2024,Cola Bastão,PAPELARIA,1,"47,80",Pix,Matriz - Recife
5865,2025-09-05,Amendoim Torrado,Alimentos,1,"155,13",pix,Matriz - Recife
2440,07-10-2024,Biscoito Recheado,Alimentos,2,"56,02",Cartão de Crédito,Matriz - Recife
4613,2025-05-14,Carregador USB-C,,2,"14,07",Dinheiro,Matriz - Recife
6323,25/10/2025,Estojo Simples,Papelaria,2,"184,26",Cartão de Crédito,Matriz - Recife
6332,2025-10-26,Água de Coco 500ml,Alimentos,3,"58,55",pix,Matriz - Recife
2706,2024-11-05,Barra de Cereal,Alimentos,2,"140,76",Cartão de Débito,Matriz - Recife
5274,05/07/2025,Amendoim Torrado,Alimentos,2,"148,69",pix,Matriz - Recife
103,2024-01-19,Estojo Simples,Papelaria,2,"174,52",PIX,Matriz - Recife
364,02-03-2024,Porta Sabonete,CASA E UTILIDADES,4,"162,41",Dinheiro,Matriz - Recife
6252,2025-10-18,Caixa de Som Portátil,Eletrônicos,3,"78,14",Cartão de Débito,Matriz - Recife
251,12-02-2024,Chinelo de Dedo,VESTUÁRIO,3,"121,44",Cartão de Crédito,Matriz - Recife
4305,16-04-2025,Suco de Caju 1L,Alimentos,2,"153,38",Cartão de Débito,Matriz - Recife
624,02-04-2024,Jogo de Toalhas,Casa e Utilidades,1,"93,03",Pix,Matriz - Recife
4526,07/05/2025,Cola Bastão,Papelaria,1,"43,50",Pix,Matriz - Recife
5307,2025-07-11,Caneta Esferográfica,Papelaria,1,"9,28",Cartão de Crédito,Matriz - Recife
1715,15-07-2024,Água de Coco 500ml,Alimentos,2,"63,62",Cartão de Débito,Matriz - Recife
2177,2024-09-09,Organizador de Gaveta,Casa e Utilidades,2,"33,27",Cartão de Débito,Matriz - Recife
6311,24-10-2025,Caderno Universitário,Papelaria,1,"201,69",pix,Matriz - Recife
5316,2025-07-12,Kit Panelas Antiaderente,Casa e Utilidades,3,"225,83",PIX,Matriz - Recife
6098,03-10-2025,Power Bank 10000mAh,ELETRÔNICOS,1,"199,22",PIX,Matriz - Recife
4971,09/06/2025,Boné Aba Reta,Vestuário,1,"102,11",Cartão de Crédito,Matriz - Recife
4950,07/06/2025,Água de Coco 500ml,Alimentos,1,"62,56",Cartão de Crédito,Matriz - Recife
3756,2025-02-15,Caneta Esferográfica,Papelaria,1,"9,53",PIX,Matriz - Recife
6539,2025-11-10,Vela Aromática,Casa e Utilidades,1,"31,98",PIX,Matriz - Recife
572,2024-03-27,Barra de Cereal,Alimentos,2,"135,91",pix,Matriz - Recife
5110,21-06-2025,Porta Sabonete,Casa e Utilidades,2,"164,95",Pix,Matriz - Recife
5231,2025-06-30,Biscoito Recheado,Alimentos,1,"52,96",Cartão de Crédito,Matriz - Recife
3749,2025-02-14,Boné Aba Reta,Vestuário,2,"103,78",Pix,Matriz - Recife
6553,2025-11-11,Cabo HDMI,ELETRÔNICOS,1,"66,28",Dinheiro,Matriz - Recife
6894,2025-12-04,jaqueta corta-vento,Vestuário,5,"65,17",Pix,Matriz - Recife
6338,27-10-2025,Jaqueta Corta-Vento,VESTUÁRIO,1,"57,86",Pix,Matriz - Recife
6498,07-11-2025,Cabo HDMI,Eletrônicos,1,"64,45",PIX,Matriz - Recife
3246,18/12/2024,Power Bank 10000mAh,Eletrônicos,2,"184,85",Dinheiro,Matriz - Recife
3574,24/01/2025,estojo simples,PAPELARIA,3,"175,07",Cartão de Débito,Matriz - Recife
3581,25-01-2025,Organizador de Gaveta,Casa e Utilidades,4,"33,76",Dinheiro,Matriz - Recife
3108,2024-12-08,mouse sem fio,Eletrônicos,-2,"164,51",Cartão de Crédito,Matriz - Recife
5338,15/07/2025,Kit Panelas Antiaderente,Casa e Utilidades,2,"225,36",Cartão de Débito,Matriz - Recife
2605,25/10/2024,Escova de Limpeza,Casa e Utilidades,2,"212,09",Dinheiro,matriz-recife
3011,2024-11-30,Carregador USB-C,Eletrônicos,5,"14,58",pix,Matriz - Recife
2694,04-11-2024,Mochila Escolar,Papelaria,2,"189,69",Pix,Matriz - Recife
3877,03-03-2025,Jaqueta Corta-Vento,Vestuário,3,"57,05",Cartão de Crédito,Matriz - Recife
5855,04-09-2025,Power Bank 10000mAh,Eletrônicos,3,"175,74",Dinheiro,Matriz - Recife
5417,2025-07-22,Organizador de Gaveta,Casa e Utilidades,2,"33,29",Dinheiro,Matriz - Recife
3235,18/12/2024,Power Bank 10000mAh,ELETRÔNICOS,1,"192,90",PIX,Matriz - Recife
5844,2025-09-03,power bank 10000mah,Eletrônicos,1,"189,78",Pix,Matriz - Recife
43,2024-01-08,Cola Bastão,Papelaria,-1,"45,39",PIX,Matriz - Recife
4572,2025-05-10,Escova de Limpeza,Casa e Utilidades,4,"213,65",Cartão de Débito,Matriz - Recife
4952,2025-06-07,Vela Aromática,CASA E UTILIDADES,4,"28,77",Pix,Matriz - Recife
6033,25-09-2025,Caneta Esferográfica,PAPELARIA,1,"8,81",Pix,Matriz - Recife
69,2024-01-10,Camiseta Básica,Vestuário,2,"210,21",Pix,Matriz - Recife
2995,29/11/2024,Cola Bastão,Papelaria,2,"42,83",PIX,Matriz - Recife
5268,04-07-2025,Biscoito Recheado,Alimentos,3,"58,09",pix,Matriz - Recife
565,26/03/2024,meia esportiva,Vestuário,2,"14,79",Pix,Matriz - Recife
509,2024-03-19,Escova de Limpeza,Casa e Utilidades,1,"224,56",Cartão de Débito,Matriz - Recife
5074,19-06-2025,caneta esferográfica,Papelaria,2,"8,97",PIX,Matriz - Recife
4413,2025-04-29,organizador de gaveta,Casa e Utilidades,3,"29,30",Pix,Matriz - Recife
132,24-01-2024,biscoito recheado,Alimentos,2,"56,10",Cartão de Débito,Matriz - Recife
5809,31/08/2025,Escova de Limpeza,Casa e Utilidades,3,"220,01",Cartão de Débito,Matriz - Recife
1018,13/05/2024,Caixa de Som Portátil,Eletrônicos,4,"77,53",PIX,Matriz - Recife
2261,2024-09-18,Mochila Escolar,Papelaria,3,"217,24",Pix,Matriz - Recife
5560,05/08/2025,Água de Coco 500ml,Alimentos,1,"59,96",Cartão de Crédito,Matriz - Recife
1688,12-07-2024,Bermuda Jeans,VESTUÁRIO,3,"28,61",pix,Matriz - Recife
6157,08-10-2025,Fone de Ouvido Bluetooth,Eletrônicos,1,"170,54",Cartão de Crédito,Matriz - Recife
1887,05-08-2024,Caderno Universitário,Papelaria,-1,"188,76",Cartão de Débito,Matriz - Recife
6819,2025-11-30,Vela Aromática,Casa e Utilidades,3,"31,15",Pix,Matriz - Recife
788,22-04-2024,Boné Aba Reta,Vestuário,1,"115,57",Cartão de Débito,Matriz - Recife
41,07-01-2024,caderno universitário,Papelaria,-1,"201,28",Pix,Matriz - Recife
3176,2024-12-13,Suco de Caju 1L,Alimentos,3,"169,96",Dinheiro,Matriz - Recife
7129,2025-12-20,Power Bank 10000mAh,Eletrônicos,3,"191,75",Pix,Matriz - Recife
3544,20-01-2025,Organizador de Gaveta,Casa e Utilidades,5,"32,31",Cartão de Débito,Matriz - Recife
3644,2025-01-31,Barra de Cereal,Alimentos,1,"131,31",Dinheiro,Matriz - Recife
4036,19-03-2025,porta sabonete,Casa e Utilidades,2,"156,82",Pix,Matriz - Recife
7118,2025-12-20,Caderno Universitário,Papelaria,2,"215,32",PIX,Matriz - Recife
1986,2024-08-16,Caneta Esferográfica,Papelaria,4,"9,63",Dinheiro,Matriz - Recife
3237,18-12-2024,Escova de Limpeza,Casa e Utilidades,1,"214,41",Dinheiro,Matriz - Recife
5588,07-08-2025,Organizador de Gaveta,Casa e Utilidades,1,"29,05",Dinheiro,Matriz - Recife
665,08/04/2024,Escova de Limpeza,CASA E UTILIDADES,1,"215,14",Cartão de Crédito,Matriz - Recife
935,07-05-2024,Bermuda Jeans,Vestuário,1,"28,44",Cartão de Crédito,Matriz - Recife
5324,13-07-2025,Meia Esportiva,Vestuário,5,"14,08",PIX,Matriz - Recife
6652,2025-11-19,Boné Aba Reta,Vestuário,2,"102,62",Cartão de Débito,Matriz - Recife
3876,2025-03-03,Power Bank 10000mAh,Eletrônicos,1,"186,22",Cartão de Crédito,Matriz - Recife
2290,2024-09-22,Mochila Escolar,Papelaria,4,"215,00",Cartão de Crédito,Matriz - Recife
1871,2024-08-03,Caderno Universitário,Papelaria,2,"201,27",Pix,Matriz - Recife
7162,23/12/2025,Boné Aba Reta,Vestuário,2,"111,45",Pix,Matriz - Recife
1405,2024-06-17,Cabo HDMI,Eletrônicos,2,"63,83",Cartão de Crédito,Matriz - Recife
1285,07/06/2024,Amendoim Torrado,ALIMENTOS,1,"153,37",Cartão de Débito,Matriz - Recife
167,29-01-2024,Porta Sabonete,Casa e Utilidades,3,"146,10",PIX,Matriz - Recife
5635,13-08-2025,Carregador USB-C,Eletrônicos,3,"15,14",Pix,Matriz - Recife
3102,2024-12-07,Cola Bastão,Papelaria,1,"46,34",Cartão de Débito,Matriz - Recife
4486,04-05-2025,Biscoito Recheado,ALIMENTOS,4,"52,59",pix,Matriz - Recife
4191,2025-04-04,Power Bank 10000mAh,ELETRÔNICOS,1,"173,99",Cartão de Crédito,Matriz - Recife
2632,2024-10-28,Fone de Ouvido Bluetooth,Eletrônicos,2,"150,16",Cartão de Débito,Matriz - Recife
5860,04-09-2025,biscoito recheado,,1,"55,34",Cartão de Débito,Matriz - Recife
2861,18-11-2024,Fone de Ouvido Bluetooth,ELETRÔNICOS,4,"158,50",Cartão de Crédito,Matriz - Recife
6568,12-11-2025,Chinelo de Dedo,Vestuário,-1,"119,94",pix,Matriz - Recife
1261,05/06/2024,Cola Bastão,Papelaria,4,"42,55",Pix,Matriz - Recife
4456,02-05-2025,Cabo HDMI,Eletrônicos,1,"61,79",Pix,Matriz - Recife
6629,2025-11-17,Chinelo de Dedo,Vestuário,4,"138,68",Dinheiro,Matriz - Recife
5541,03-08-2025,Barra de Cereal,ALIMENTOS,1,"150,74",Cartão de Débito,Matriz - Recife
879,2024-05-02,Amendoim Torrado,Alimentos,2,"156,24",PIX,Matriz - Recife
3684,05/02/2025,Caixa de Som Portátil,ELETRÔNICOS,2,"75,11",Pix,Matriz - Recife
5211,28-06-2025,Organizador de Gaveta,,-1,"32,17",PIX,Matriz - Recife
27,2024-01-06,Porta Sabonete,Casa e Utilidades,1,"164,70",PIX,Matriz - Recife
548,2024-03-24,Barra de Cereal,Alimentos,2,"150,07",PIX,Matriz - Recife
4459,02-05-2025,Caderno Universitário,Papelaria,2,"189,13",Cartão de Crédito,Matriz - Recife
1154,2024-05-26,Suco de Caju 1L,Alimentos,1,"166,91",pix,Matriz - Recife
4624,2025-05-15,Porta Sabonete,Casa e Utilidades,1,"159,33",Dinheiro,Matriz - Recife
6134,06/10/2025,Estojo Simples,Papelaria,1,"171,38",Dinheiro,Matriz - Recife
4568,10-05-2025,Bermuda Jeans,VESTUÁRIO,3,"27,29",pix,Matriz - Recife
4595,13/05/2025,Cola Bastão,Papelaria,2,"44,17",Dinheiro,Matriz - Recife
3324,2024-12-24,Marcador de Texto,Papelaria,3,"94,37",Cartão de Débito,Matriz - Recife
4662,18/05/2025,Porta Sabonete,Casa e Utilidades,4,"156,08",Pix,Matriz - Recife
1199,2024-05-31,Caixa de Som Portátil,ELETRÔNICOS,1,"77,29",PIX,Matriz - Recife
4557,09-05-2025,Kit Panelas Antiaderente,Casa e Utilidades,2,"240,97",Cartão de Crédito,Matriz - Recife
3080,05/12/2024,Boné Aba Reta,Vestuário,1,"108,89",PIX,Matriz - Recife
992,12-05-2024,Meia Esportiva,Vestuário,1,"15,47",Dinheiro,Matriz - Recife
3334,25-12-2024,Barra de Cereal,Alimentos,1,"144,09",pix,Matriz - Recife
6984,2025-12-11,Meia Esportiva,Vestuário,1,"14,91",Dinheiro,Matriz - Recife
4327,18-04-2025,Jaqueta Corta-Vento,Vestuário,1,"63,78",Cartão de Débito,Matriz - Recife
6463,05-11-2025,Camiseta Básica,Vestuário,3,"222,55",pix,Matriz - Recife
7009,13/12/2025,Caneta Esferográfica,Papelaria,3,"9,51",Dinheiro,Matriz - Recife
5229,30-06-2025,Vela Aromática,Casa e Utilidades,4,"31,63",Dinheiro,Matriz - Recife
3349,26/12/2024,Escova de Limpeza,Casa e Utilidades,1,"224,76",PIX,Matriz - Recife
1241,03-06-2024,Suco de Caju 1L,Alimentos,1,"158,14",Cartão de Débito,Matriz - Recife
3384,28/12/2024,Chinelo de Dedo,Vestuário,1,"139,58",Pix,Matriz - Recife
3899,05/03/2025,Chinelo de Dedo,Vestuário,1,"124,87",pix,Matriz - Recife
2093,30/08/2024,Biscoito Recheado,Alimentos,1,"58,63",Dinheiro,Matriz - Recife
410,09/03/2024,Marcador de Texto,Papelaria,1,"87,21",Cartão de Débito,Matriz - Recife
401,2024-03-09,Boné Aba Reta,Vestuário,3,"115,89",Cartão de Débito,Matriz - Recife
6628,17-11-2025,Meia Esportiva,Vestuário,1,"16,26",Cartão de Débito,Matriz - Recife
3031,2024-12-01,Marcador de Texto,Papelaria,1,"86,49",Cartão de Débito,Matriz - Recife
4766,27/05/2025,Caixa de Som Portátil,Eletrônicos,2,"78,47",pix,Matriz - Recife
6651,19-11-2025,Boné Aba Reta,Vestuário,1,"118,20",Cartão de Crédito,Matriz - Recife
4029,2025-03-18,Caixa de Som Portátil,Eletrônicos,4,"73,26",Dinheiro,Matriz - Recife
5016,12-06-2025,Barra de Cereal,Alimentos,5,"143,78",Cartão de Débito,Matriz - Recife
3135,09-12-2024,Caneta Esferográfica,Papelaria,2,"10,05",PIX,Matriz - Recife
2237,2024-09-15,Escova de Limpeza,Casa e Utilidades,3,"203,93",Cartão de Débito,Matriz - Recife
2163,07-09-2024,Jogo de Toalhas,Casa e Utilidades,1,"86,44",Dinheiro,Matriz - Recife
4625,2025-05-15,Power Bank 10000mAh,Eletrônicos,1,"180,44",Cartão de Débito,Matriz - Recife
6999,12-12-2025,Café Torrado 500g,Alimentos,1,"15,32",PIX,Matriz - Recife
3107,2024-12-08,Fone de Ouvido Bluetooth,Eletrônicos,2,"153,98",Cartão de Débito,Matriz - Recife
6913,05/12/2025,Power Bank 10000mAh,Eletrônicos,1,"171,75",Pix,Matriz - Recife
2756,10-11-2024,Caderno Universitário,Papelaria,1,"198,04",Cartão de Débito,Matriz - Recife
6734,2025-11-23,Camiseta Básica,Vestuário,1,"223,71",PIX,Matriz - Recife
315,23-02-2024,Amendoim Torrado,,2,"147,83",pix,Matriz - Recife
1384,14/06/2024,Barra de Cereal,Alimentos,1,"144,68",Cartão de Débito,Matriz - Recife
6099,03-10-2025,Jogo de Toalhas,Casa e Utilidades,1,"88,64",pix,Matriz - Recife
5348,16/07/2025,Porta Sabonete,Casa e Utilidades,1,"149,71",pix,Matriz - Recife
2360,2024-09-29,Kit Panelas Antiaderente,Casa e Utilidades,2,"235,91",PIX,Matriz - Recife
3720,10/02/2025,Camiseta Básica,VESTUÁRIO,4,"210,17",pix,Matriz - Recife
5223,2025-06-30,Power Bank 10000mAh,ELETRÔNICOS,1,"193,74",PIX,Matriz - Recife
5425,22/07/2025,Boné Aba Reta,Vestuário,-4,"110,60",Cartão de Débito,Matriz - Recife
3634,31-01-2025,biscoito recheado,Alimentos,1,"59,61",,Matriz - Recife
804,24-04-2024,Camiseta Básica,VESTUÁRIO,2,"215,58",pix,Matriz - Recife
3983,14-03-2025,Mouse Sem Fio,Eletrônicos,1,"183,60",pix,Matriz - Recife
1300,2024-06-08,Escova de Limpeza,Casa e Utilidades,2,"200,01",Dinheiro,Matriz - Recife
2928,24-11-2024,Biscoito Recheado,Alimentos,3,"58,09",Cartão de Crédito,Matriz - Recife
673,2024-04-09,Porta Sabonete,Casa e Utilidades,1,"161,24",Pix,Matriz - Recife
6230,16-10-2025,biscoito recheado,Alimentos,1,"53,27",pix,Matriz - Recife
3208,2024-12-15,porta sabonete,Casa e Utilidades,2,"160,17",Pix,Matriz - Recife
5804,2025-08-30,Amendoim Torrado,ALIMENTOS,-1,"138,97",Pix,Matriz - Recife
4492,04/05/2025,Café Torrado 500g,Alimentos,2,"14,56",Cartão de Débito,Matriz - Recife
5811,31/08/2025,Porta Sabonete,CASA E UTILIDADES,1,"148,74",PIX,Matriz - Recife
4394,27/04/2025,suco de caju 1l,Alimentos,1,"165,42",pix,Matriz - Recife
3407,2024-12-29,Jaqueta Corta-Vento,Vestuário,1,"58,89",PIX,Matriz - Recife
5622,11/08/2025,Kit Panelas Antiaderente,CASA E UTILIDADES,1,"234,66",Dinheiro,Matriz - Recife
5103,21-06-2025,Caixa de Som Portátil,Eletrônicos,2,"70,18",,Matriz - Recife
1881,04/08/2024,Biscoito Recheado,Alimentos,2,"54,66",Cartão de Crédito,Matriz - Recife
1457,21-06-2024,Kit Panelas Antiaderente,CASA E UTILIDADES,3,"251,05",Pix,Matriz - Recife
6547,10-11-2025,Caderno Universitário,PAPELARIA,-5,"211,73",Cartão de Débito,Matriz - Recife
1427,19-06-2024,mochila escolar,Papelaria,2,"193,39",pix,Matriz - Recife
4212,07/04/2025,Meia Esportiva,Vestuário,1,"14,47",Pix,Matriz - Recife
2015,2024-08-20,Cola Bastão,Papelaria,1,"48,57",pix,Matriz - Recife
3559,21/01/2025,Cabo HDMI,Eletrônicos,1,"62,26",Cartão de Débito,Matriz - Recife
5491,29-07-2025,Cola Bastão,Papelaria,2,"43,19",Cartão de Crédito,Matriz - Recife
462,14/03/2024,Amendoim Torrado,Alimentos,4,"155,66",Cartão de Crédito,Matriz - Recife
7072,16/12/2025,Kit Panelas Antiaderente,,4,"237,63",PIX,Matriz - Recife
3431,01/01/2025,power bank 10000mah,Eletrônicos,1,"183,19",Dinheiro,Matriz - Recife
3353,26-12-2024,Estojo Simples,Papelaria,1,"183,35",Cartão de Crédito,Matriz - Recife
7204,2025-12-25,Carregador USB-C,Eletrônicos,3,"13,11",pix,Matriz - Recife
6735,23-11-2025,Biscoito Recheado,Alimentos,2,"54,97",PIX,Matriz - Recife
6976,11-12-2025,Fone de Ouvido Bluetooth,Eletrônicos,5,"159,32",Cartão de Débito,Matriz - Recife
1806,26-07-2024,Carregador USB-C,ELETRÔNICOS,1,"14,48",Dinheiro,Matriz - Recife
4232,08/04/2025,Caixa de Som Portátil,,1,"76,62",Cartão de Débito,Matriz - Recife
3945,2025-03-09,Boné Aba Reta,Vestuário,2,"114,72",Cartão de Débito,Matriz - Recife
3673,04/02/2025,Caderno Universitário,PAPELARIA,4,"189,22",Pix,Matriz - Recife
1489,24-06-2024,Água de Coco 500ml,ALIMENTOS,2,"63,83",,Matriz - Recife
2708,05-11-2024,Kit Panelas Antiaderente,Casa e Utilidades,1,"237,99",PIX,Matriz - Recife
4855,01/06/2025,Suco de Caju 1L,Alimentos,4,"177,10",Cartão de Crédito,Matriz - Recife
4134,29/03/2025,Kit Panelas Antiaderente,Casa e Utilidades,4,"232,76",pix,Matriz - Recife
2636,2024-10-28,Café Torrado 500g,Alimentos,2,"14,71",Cartão de Débito,Matriz - Recife
5521,2025-08-01,Vela Aromática,Casa e Utilidades,4,"30,33",Pix,Matriz - Recife
2821,16/11/2024,Power Bank 10000mAh,,2,"188,39",PIX,Matriz - Recife
72,11/01/2024,Chinelo de Dedo,VESTUÁRIO,1,"127,86",Pix,Matriz - Recife
4286,13/04/2025,Mochila Escolar,Papelaria,1,"195,08",Pix,Matriz - Recife
1823,2024-07-28,Vela Aromática,Casa e Utilidades,3,"30,43",Dinheiro,Matriz - Recife
2283,21-09-2024,Carregador USB-C,Eletrônicos,1,"14,23",Cartão de Crédito,Matriz - Recife
2554,19-10-2024,Mochila Escolar,Papelaria,2,"196,98",pix,Matriz - Recife
884,02/05/2024,Porta Sabonete,Casa e Utilidades,2,"145,42",Cartão de Débito,Matriz - Recife
3448,2025-01-03,Água de Coco 500ml,Alimentos,3,"56,47",pix,Matriz - Recife
1752,19/07/2024,Mochila Escolar,PAPELARIA,3,"201,37",Dinheiro,Matriz - Recife
6597,2025-11-14,Barra de Cereal,,1,"140,95",Cartão de Crédito,Matriz - Recife
1251,2024-06-04,Boné Aba Reta,Vestuário,1,"108,98",Dinheiro,Matriz - Recife
6423,03/11/2025,Camiseta Básica,Vestuário,1,"235,25",Pix,Matriz - Recife
202,2024-02-04,Jaqueta Corta-Vento,VESTUÁRIO,2,"62,72",Pix,Matriz - Recife
4650,17-05-2025,Estojo Simples,Papelaria,-4,"165,63",PIX,Matriz - Recife
4780,2025-05-27,Café Torrado 500g,Alimentos,1,"13,54",Cartão de Crédito,Matriz - Recife
1358,12-06-2024,Mochila Escolar,PAPELARIA,3,"213,50",,Matriz - Recife
1598,01-07-2024,Café Torrado 500g,Alimentos,2,"15,36",pix,Matriz - Recife
2244,17-09-2024,Cabo HDMI,Eletrônicos,1,"57,99",Cartão de Débito,Matriz - Recife
6924,05/12/2025,Mochila Escolar,Papelaria,4,"197,06",Cartão de Débito,Matriz - Recife
4663,18-05-2025,Barra de Cereal,Alimentos,1,"145,06",Cartão de Crédito,Matriz - Recife
7231,27/12/2025,Água de Coco 500ml,Alimentos,2,"59,93",Cartão de Crédito,Matriz - Recife
1381,2024-06-14,Marcador de Texto,Papelaria,1,"84,29",Dinheiro,Matriz - Recife
527,22/03/2024,Porta Sabonete,Casa e Utilidades,3,"145,18",pix,Matriz - Recife
1367,13-06-2024,Caneta Esferográfica,Papelaria,1,"9,17",Cartão de Débito,Matriz - Recife
6989,11-12-2025,Jogo de Toalhas,Casa e Utilidades,4,"86,32",Cartão de Crédito,Matriz - Recife
1722,2024-07-16,Boné Aba Reta,Vestuário,2,"106,82",Cartão de Crédito,Matriz - Recife
5598,2025-08-09,meia esportiva,VESTUÁRIO,2,"16,24",pix,Matriz - Recife
4517,06/05/2025,Jogo de Toalhas,Casa e Utilidades,3,"90,84",PIX,Matriz - Recife
6916,05/12/2025,Biscoito Recheado,Alimentos,3,"52,23",Pix,Matriz - Recife
3094,06/12/2024,Porta Sabonete,Casa e Utilidades,5,"160,23",Cartão de Débito,Matriz - Recife
4989,10-06-2025,Mouse Sem Fio,Eletrônicos,2,"183,84",Cartão de Débito,Matriz - Recife
3020,2024-11-30,Meia Esportiva,Vestuário,2,"14,65",Dinheiro,Matriz - Recife
6106,04-10-2025,Caneta Esferográfica,PAPELARIA,1,"9,71",pix,Matriz - Recife
7048,15/12/2025,Power Bank 10000mAh,Eletrônicos,2,"176,20",Dinheiro,Matriz - Recife
6511,2025-11-08,Caneta Esferográfica,Papelaria,3,"10,32",Cartão de Crédito,Matriz - Recife
2281,21/09/2024,Cola Bastão,Papelaria,1,"44,73",Cartão de Débito,Matriz - Recife
4205,05-04-2025,Carregador USB-C,Eletrônicos,2,"13,31",Cartão de Crédito,Matriz - Recife
7200,2025-12-25,Caixa de Som Portátil,ELETRÔNICOS,1,"80,47",,Matriz - Recife
2496,12/10/2024,Cola Bastão,Papelaria,1,"47,38",pix,Matriz - Recife
4125,2025-03-28,Mochila Escolar,PAPELARIA,1,"210,40",Pix,Matriz - Recife
22,05-01-2024,Meia Esportiva,Vestuário,3,"15,71",pix,Matriz - Recife
164,28-01-2024,mouse sem fio,Eletrônicos,2,"172,73",Cartão de Débito,Matriz - Recife
6925,05-12-2025,Porta Sabonete,Casa e Utilidades,2,"159,27",Pix,Matriz - Recife
4536,07-05-2025,Porta Sabonete,CASA E UTILIDADES,1,"155,73",pix,Matriz - Recife
6707,22-11-2025,Amendoim Torrado,Alimentos,2,"158,36",Cartão de Crédito,Matriz - Recife
4716,23/05/2025,Jogo de Toalhas,CASA E UTILIDADES,5,"83,02",pix,Matriz - Recife
3589,2025-01-26,Café Torrado 500g,Alimentos,5,"13,28",pix,Matriz - Recife
1589,01/07/2024,Caixa de Som Portátil,Eletrônicos,2,"73,09",Dinheiro,Matriz - Recife
4073,23-03-2025,Estojo Simples,Papelaria,2,"182,25",Cartão de Crédito,Matriz - Recife
5480,27-07-2025,Água de Coco 500ml,Alimentos,2,"62,74",Dinheiro,Matriz - Recife
5181,27/06/2025,Mouse Sem Fio,Eletrônicos,2,"165,70",pix,Matriz - Recife
3959,2025-03-11,Água de Coco 500ml,Alimentos,3,"63,58",Cartão de Crédito,Matriz - Recife
3428,31-12-2024,Mochila Escolar,Papelaria,2,"202,84",pix,matriz-recife
2508,14/10/2024,Chinelo de Dedo,Vestuário,5,"137,72",Dinheiro,Matriz - Recife
7264,2025-12-29,jogo de toalhas,Casa e Utilidades,2,"95,44",PIX,Matriz - Recife
537,23-03-2024,Barra de Cereal,Alimentos,4,"150,39",Cartão de Crédito,Matriz - Recife
6543,10/11/2025,Marcador de Texto,PAPELARIA,2,"84,10",Cartão de Débito,Matriz - Recife
1796,25-07-2024,vela aromática,Casa e Utilidades,2,"32,05",,Matriz - Recife
4577,11/05/2025,Escova de Limpeza,Casa e Utilidades,2,"227,23",Cartão de Débito,Matriz - Recife
1830,2024-07-30,Cola Bastão,Papelaria,1,"46,39",Dinheiro,Matriz - Recife
1692,2024-07-13,Cola Bastão,PAPELARIA,3,"48,01",PIX,Matriz - Recife
5602,09/08/2025,Amendoim Torrado,Alimentos,1,"150,22",Cartão de Crédito,Matriz - Recife
6176,10-10-2025,Cabo HDMI,Eletrônicos,2,"59,32",Cartão de Débito,Matriz - Recife
3497,10-01-2025,Mouse Sem Fio,Eletrônicos,2,"162,94",Cartão de Débito,Matriz - Recife
1522,26/06/2024,Fone de Ouvido Bluetooth,Eletrônicos,1,"163,31",PIX,Matriz - Recife
3432,01-01-2025,Jaqueta Corta-Vento,Vestuário,2,"62,79",Cartão de Crédito,Matriz - Recife
2703,04/11/2024,Escova de Limpeza,Casa e Utilidades,1,"205,62",pix,Matriz - Recife
3773,18/02/2025,caneta esferográfica,Papelaria,1,"9,86",pix,Matriz - Recife
455,14/03/2024,Porta Sabonete,Casa e Utilidades,1,"156,78",pix,Matriz - Recife
1351,12-06-2024,Chinelo de Dedo,Vestuário,1,"124,91",Cartão de Débito,Matriz - Recife
3122,09/12/2024,Amendoim Torrado,Alimentos,4,"140,77",Pix,Matriz - Recife
68,2024-01-10,Barra de Cereal,Alimentos,-4,"139,54",pix,Matriz - Recife
545,24-03-2024,Amendoim Torrado,Alimentos,3,"149,94",PIX,Matriz - Recife
3573,24-01-2025,Fone de Ouvido Bluetooth,Eletrônicos,4,"173,48",Pix,Matriz - Recife
2676,02-11-2024,Caneta Esferográfica,Papelaria,1,"9,51",Cartão de Crédito,Matriz - Recife
98,18/01/2024,Cabo HDMI,Eletrônicos,1,"63,66",Cartão de Crédito,Matriz - Recife
4531,07-05-2025,Vela Aromática,Casa e Utilidades,3,"32,00",Pix,Matriz - Recife
5698,19/08/2025,Marcador de Texto,Papelaria,1,"90,35",Dinheiro,Matriz - Recife
7016,13/12/2025,Escova de Limpeza,CASA E UTILIDADES,1,"219,78",Cartão de Crédito,Matriz - Recife
1623,04/07/2024,Barra de Cereal,ALIMENTOS,1,"145,04",PIX,Matriz - Recife
5347,16/07/2025,Organizador de Gaveta,Casa e Utilidades,2,"33,05",pix,Matriz - Recife
3323,24/12/2024,Carregador USB-C,ELETRÔNICOS,2,"13,44",Cartão de Crédito,Matriz - Recife
3041,2024-12-02,Camiseta Básica,Vestuário,1,"207,99",Cartão de Débito,Matriz - Recife
3121,09/12/2024,bermuda jeans,Vestuário,4,"30,88",Cartão de Débito,Matriz - Recife
595,30/03/2024,Meia Esportiva,Vestuário,4,"15,45",Dinheiro,Matriz - Recife
2278,21/09/2024,Suco de Caju 1L,Alimentos,3,"152,49",Cartão de Débito,Matriz - Recife
1060,18/05/2024,Vela Aromática,Casa e Utilidades,2,"30,74",pix,Matriz - Recife
6747,24/11/2025,Porta Sabonete,Casa e Utilidades,2,"145,40",Cartão de Débito,Matriz - Recife
3507,12/01/2025,Power Bank 10000mAh,Eletrônicos,1,"189,34",Cartão de Crédito,Matriz - Recife
6796,2025-11-27,Meia Esportiva,Vestuário,3,"15,24",Dinheiro,Matriz - Recife
561,25-03-2024,Cola Bastão,Papelaria,1,"45,18",Dinheiro,Matriz - Recife
1042,16/05/2024,Jaqueta Corta-Vento,VESTUÁRIO,2,"60,75",Cartão de Débito,Matriz - Recife
4843,31-05-2025,kit panelas antiaderente,Casa e Utilidades,4,"249,41",pix,Matriz - Recife
4238,2025-04-09,Organizador de Gaveta,Casa e Utilidades,3,"31,99",Cartão de Débito,Matriz - Recife
1591,01-07-2024,Porta Sabonete,Casa e Utilidades,4,"142,74",PIX,Matriz - Recife
5469,26/07/2025,Café Torrado 500g,Alimentos,3,"15,10",Cartão de Crédito,Matriz - Recife
358,01-03-2024,Caderno Universitário,,1,"191,74",Dinheiro,Matriz - Recife
3201,15-12-2024,Jogo de Toalhas,Casa e Utilidades,1,"85,28",pix,Matriz - Recife
5027,14/06/2025,Amendoim Torrado,Alimentos,2,"138,69",Dinheiro,Matriz - Recife
1945,11-08-2024,Cabo HDMI,Eletrônicos,2,"59,76",pix,Matriz - Recife
5360,17/07/2025,Suco de Caju 1L,Alimentos,3,"165,32",Cartão de Débito,Matriz - Recife
5462,25-07-2025,Marcador de Texto,Papelaria,2,"83,71",Cartão de Débito,Matriz - Recife
5398,20/07/2025,Camiseta Básica,Vestuário,1,"236,15",PIX,Matriz - Recife
797,24/04/2024,Biscoito Recheado,Alimentos,3,"54,14",pix,Matriz - Recife
3481,07/01/2025,Bermuda Jeans,,5,"27,58",Cartão de Débito,Matriz - Recife
4848,31/05/2025,Jaqueta Corta-Vento,Vestuário,1,"60,54",PIX,Matriz - Recife
1264,05-06-2024,kit panelas antiaderente,Casa e Utilidades,2,"241,49",Pix,Matriz - Recife
6532,09/11/2025,Suco de Caju 1L,Alimentos,4,"152,42",Cartão de Débito,Matriz - Recife
3966,12-03-2025,Vela Aromática,Casa e Utilidades,4,"31,60",Cartão de Crédito,Matriz - Recife
2107,2024-09-01,Boné Aba Reta,Vestuário,1,"109,27",Cartão de Crédito,Matriz - Recife
1728,17/07/2024,Marcador de Texto,Papelaria,1,"85,58",Cartão de Crédito,Matriz - Recife
2175,2024-09-08,Camiseta Básica,Vestuário,4,"221,50",pix,Matriz - Recife
3864,02/03/2025,Estojo Simples,PAPELARIA,4,"190,37",PIX,Matriz - Recife
4773,2025-05-27,Suco de Caju 1L,Alimentos,1,"158,99",Cartão de Crédito,Matriz - Recife
4177,2025-04-02,Organizador de Gaveta,CASA E UTILIDADES,3,"32,20",Pix,Matriz - Recife
1197,31-05-2024,Bermuda Jeans,Vestuário,4,"27,68",Cartão de Débito,Matriz - Recife
7102,19/12/2025,Caneta Esferográfica,Papelaria,5,"9,86",Cartão de Crédito,Matriz - Recife
2128,2024-09-03,Vela Aromática,Casa e Utilidades,3,"32,05",pix,Matriz - Recife
2899,20-11-2024,Barra de Cereal,Alimentos,2,"134,03",Cartão de Crédito,Matriz - Recife
2418,05/10/2024,Suco de Caju 1L,Alimentos,4,"153,82",Dinheiro,Matriz - Recife
964,2024-05-10,suco de caju 1l,,1,"166,67",Dinheiro,Matriz - Recife
4812,29-05-2025,Carregador USB-C,Eletrônicos,1,"14,90",pix,Matriz - Recife
4783,28-05-2025,Suco de Caju 1L,Alimentos,1,"157,67",,Matriz - Recife
1765,21-07-2024,Biscoito Recheado,Alimentos,1,"52,93",Cartão de Crédito,Matriz - Recife
728,16-04-2024,Porta Sabonete,Casa e Utilidades,4,"156,22",PIX,Matriz - Recife
2250,17-09-2024,Kit Panelas Antiaderente,Casa e Utilidades,1,"253,09",Cartão de Crédito,Matriz - Recife
6853,01/12/2025,Caneta Esferográfica,PAPELARIA,2,"9,87",pix,Matriz - Recife
241,11/02/2024,Caderno Universitário,Papelaria,2,"207,43",,Matriz - Recife
1705,14-07-2024,Café Torrado 500g,Alimentos,1,"13,76",pix,Matriz - Recife
4147,2025-03-30,Água de Coco 500ml,Alimentos,1,"60,27",Cartão de Débito,Matriz - Recife
2557,19-10-2024,Marcador de Texto,,1,"85,87",Pix,Matriz - Recife
4657,2025-05-17,Estojo Simples,Papelaria,2,"168,73",pix,Matriz - Recife
2769,11-11-2024,Água de Coco 500ml,ALIMENTOS,1,"60,09",Cartão de Crédito,Matriz - Recife
6165,09-10-2025,Chinelo de Dedo,Vestuário,1,"126,93",Cartão de Crédito,Matriz - Recife
5597,2025-08-09,Suco de Caju 1L,Alimentos,2,"164,64",Dinheiro,Matriz - Recife
3126,09/12/2024,Café Torrado 500g,Alimentos,1,"13,52",PIX,Matriz - Recife
3116,08/12/2024,Biscoito Recheado,Alimentos,3,"52,16",pix,Matriz - Recife
909,05-05-2024,Estojo Simples,Papelaria,-2,"169,18",pix,Matriz - Recife
3478,2025-01-07,Café Torrado 500g,,1,"14,73",PIX,Matriz - Recife
6636,2025-11-18,Jogo de Toalhas,Casa e Utilidades,3,"89,91",Cartão de Crédito,Matriz - Recife
2551,19/10/2024,Suco de Caju 1L,Alimentos,1,"177,51",Pix,Matriz - Recife
3379,27/12/2024,barra de cereal,Alimentos,2,"134,90",Pix,Matriz - Recife
2096,31/08/2024,Kit Panelas Antiaderente,Casa e Utilidades,4,"230,55",Cartão de Débito,Matriz - Recife
2172,08/09/2024,Power Bank 10000mAh,Eletrônicos,3,"172,80",Pix,Matriz - Recife
5191,2025-06-27,organizador de gaveta,Casa e Utilidades,2,"31,43",PIX,Matriz - Recife
1153,26/05/2024,Biscoito Recheado,Alimentos,3,"60,23",Pix,Matriz - Recife
5267,04/07/2025,Caneta Esferográfica,Papelaria,3,"9,26",Cartão de Débito,Matriz - Recife
1094,21/05/2024,Bermuda Jeans,VESTUÁRIO,1,"29,84",PIX,Matriz - Recife
1127,23-05-2024,Cabo HDMI,Eletrônicos,3,"66,09",PIX,Matriz - Recife
122,22-01-2024,Mochila Escolar,Papelaria,2,"190,10",pix,Matriz - Recife
4070,23-03-2025,Kit Panelas Antiaderente,Casa e Utilidades,4,"232,00",Cartão de Crédito,Matriz - Recife
6026,24-09-2025,power bank 10000mah,Eletrônicos,1,"185,21",Pix,Matriz - Recife
6845,01-12-2025,Porta Sabonete,Casa e Utilidades,4,"158,15",Pix,Matriz - Recife
6537,10/11/2025,Jogo de Toalhas,Casa e Utilidades,3,"91,53",Pix,Matriz - Recife
4119,28/03/2025,bermuda jeans,Vestuário,1,"30,12",PIX,Matriz - Recife
6071,2025-09-30,kit panelas antiaderente,CASA E UTILIDADES,4,"235,55",Pix,Matriz - Recife
1398,16/06/2024,Jogo de Toalhas,Casa e Utilidades,1,"88,00",PIX,Matriz - Recife
2716,2024-11-06,Caneta Esferográfica,Papelaria,3,"10,07",pix,Matriz - Recife
2562,20/10/2024,Água de Coco 500ml,ALIMENTOS,1,"61,06",PIX,Matriz - Recife
3068,2024-12-04,Bermuda Jeans,VESTUÁRIO,2,"28,45",Cartão de Débito,Matriz - Recife
1704,14-07-2024,Escova de Limpeza,Casa e Utilidades,3,"204,97",Dinheiro,Matriz - Recife
3458,04-01-2025,Escova de Limpeza,Casa e Utilidades,3,"199,98",Dinheiro,Matriz - Recife
4743,25-05-2025,kit panelas antiaderente,Casa e Utilidades,5,"223,04",Cartão de Crédito,Matriz - Recife
1385,14-06-2024,Kit Panelas Antiaderente,Casa e Utilidades,3,"239,35",pix,Matriz - Recife
4142,30-03-2025,Caneta Esferográfica,Papelaria,2,"9,68",pix,Matriz - Recife
1554,28-06-2024,Marcador de Texto,PAPELARIA,4,"84,48",PIX,Matriz - Recife
6082,01/10/2025,Caderno Universitário,Papelaria,5,"197,74",PIX,Matriz - Recife
6355,2025-10-29,Caderno Universitário,Papelaria,4,"212,45",PIX,Matriz - Recife
1453,2024-06-21,Estojo Simples,PAPELARIA,4,"163,43",Dinheiro,Matriz - Recife
5029,2025-06-14,caneta esferográfica,PAPELARIA,1,"9,21",Dinheiro,Matriz - Recife
671,09/04/2024,Mouse Sem Fio,Eletrônicos,1,"159,45",PIX,Matriz - Recife
4551,2025-05-09,Camiseta Básica,Vestuário,5,"225,87",Dinheiro,Matriz - Recife
4678,19-05-2025,Biscoito Recheado,Alimentos,1,"59,09",Cartão de Débito,Matriz - Recife
7176,24/12/2025,Caneta Esferográfica,PAPELARIA,3,"8,99",PIX,Matriz - Recife
38,07/01/2024,Escova de Limpeza,Casa e Utilidades,2,"228,43",pix,Matriz - Recife
3204,2024-12-15,Escova de Limpeza,Casa e Utilidades,1,"198,32",Pix,Matriz - Recife
18,2024-01-04,Caneta Esferográfica,Papelaria,1,"9,14",pix,Matriz - Recife
7257,29/12/2025,bermuda jeans,Vestuário,4,"28,38",PIX,Matriz - Recife
4669,18/05/2025,Cola Bastão,Papelaria,5,"46,36",PIX,Matriz - Recife
160,28/01/2024,Suco de Caju 1L,Alimentos,1,"169,94",Cartão de Débito,Matriz - Recife
3625,29-01-2025,Barra de Cereal,ALIMENTOS,1,"134,70",Dinheiro,Matriz - Recife
5262,2025-07-04,Camiseta Básica,Vestuário,5,"228,28",PIX,Matriz - Recife
4383,26-04-2025,Caixa de Som Portátil,Eletrônicos,3,"79,74",PIX,Matriz - Recife
6842,30/11/2025,Camiseta Básica,VESTUÁRIO,1,"207,22",Pix,Matriz - Recife
2952,2024-11-26,Café Torrado 500g,Alimentos,3,"13,32",Pix,Matriz - Recife
7157,2025-12-23,kit panelas antiaderente,Casa e Utilidades,2,"221,65",pix,Matriz - Recife
6325,26/10/2025,Mouse Sem Fio,Eletrônicos,3,"182,72",PIX,Matriz - Recife
3750,14-02-2025,Kit Panelas Antiaderente,CASA E UTILIDADES,4,"242,06",pix,Matriz - Recife
3614,28-01-2025,Mochila Escolar,Papelaria,1,"216,71",Dinheiro,Matriz - Recife
5297,2025-07-10,Suco de Caju 1L,Alimentos,1,"153,22",Cartão de Débito,Matriz - Recife
1843,31/07/2024,Meia Esportiva,Vestuário,3,"16,41",Pix,Matriz - Recife
752,2024-04-19,Caixa de Som Portátil,ELETRÔNICOS,5,"70,74",Cartão de Débito,Matriz - Recife
7012,13/12/2025,Barra de Cereal,Alimentos,1,"139,17",Cartão de Débito,Matriz - Recife
743,2024-04-18,Chinelo de Dedo,Vestuário,4,"131,82",,Matriz - Recife
3699,07-02-2025,Boné Aba Reta,Vestuário,3,"110,49",Pix,Matriz - Recife
2695,2024-11-04,Carregador USB-C,ELETRÔNICOS,1,"14,65",Cartão de Débito,Matriz - Recife
5531,02-08-2025,Jogo de Toalhas,Casa e Utilidades,3,"87,57",Cartão de Débito,Matriz - Recife
5954,15-09-2025,Porta Sabonete,CASA E UTILIDADES,1,"144,23",Pix,Matriz - Recife
88,15-01-2024,Organizador de Gaveta,Casa e Utilidades,4,"30,30",Dinheiro,Matriz - Recife
3712,09/02/2025,Escova de Limpeza,Casa e Utilidades,3,"213,74",Pix,Matriz - Recife
6579,13/11/2025,Fone de Ouvido Bluetooth,ELETRÔNICOS,1,"171,99",,Matriz - Recife
3769,17/02/2025,Água de Coco 500ml,Alimentos,1,"57,24",pix,Matriz - Recife
1180,2024-05-28,Jogo de Toalhas,,3,"91,03",Dinheiro,Matriz - Recife
2972,27-11-2024,Bermuda Jeans,Vestuário,1,"30,32",Cartão de Débito,Matriz - Recife
1139,2024-05-24,Meia Esportiva,Vestuário,2,"15,06",Cartão de Débito,Matriz - Recife
2904,21-11-2024,Barra de Cereal,Alimentos,2,"131,24",PIX,Matriz - Recife
5283,06-07-2025,Café Torrado 500g,Alimentos,1,"15,08",Pix,Matriz - Recife
5639,2025-08-13,Escova de Limpeza,,3,"216,40",Cartão de Crédito,Matriz - Recife
1706,14-07-2024,Barra de Cereal,Alimentos,1,"141,18",Cartão de Crédito,Matriz - Recife
4712,23-05-2025,Boné Aba Reta,Vestuário,1,"101,57",Cartão de Débito,Matriz - Recife
3691,06/02/2025,Água de Coco 500ml,ALIMENTOS,4,"58,22",Pix,Matriz - Recife
836,2024-04-27,Estojo Simples,Papelaria,2,"182,30",Dinheiro,Matriz - Recife
7087,2025-12-18,Água de Coco 500ml,Alimentos,1,"62,89",Cartão de Débito,Matriz - Recife
3120,09/12/2024,Jaqueta Corta-Vento,Vestuário,1,"63,18",Cartão de Débito,Matriz - Recife
4599,2025-05-13,Caixa de Som Portátil,Eletrônicos,4,"76,67",Pix,Matriz - Recife
5220,29/06/2025,Porta Sabonete,Casa e Utilidades,4,"165,60",PIX,Matriz - Recife
6614,16-11-2025,Bermuda Jeans,Vestuário,2,"27,69",PIX,Matriz - Recife
4890,2025-06-04,fone de ouvido bluetooth,ELETRÔNICOS,1,"163,70",Pix,Matriz - Recife
6405,02-11-2025,Mouse Sem Fio,Eletrônicos,2,"173,80",Cartão de Débito,Matriz - Recife
3879,04/03/2025,Café Torrado 500g,Alimentos,1,"13,51",Pix,Matriz - Recife
3933,09-03-2025,Barra de Cereal,Alimentos,1,"144,59",Cartão de Débito,Matriz - Recife
4527,07/05/2025,Jaqueta Corta-Vento,VESTUÁRIO,2,"59,09",Pix,Matriz - Recife
2215,2024-09-13,Chinelo de Dedo,,5,"129,96",pix,Matriz - Recife
3267,2024-12-20,Estojo Simples,Papelaria,2,"189,61",pix,Matriz - Recife
928,06/05/2024,Organizador de Gaveta,Casa e Utilidades,5,"33,58",pix,Matriz - Recife
4281,2025-04-12,escova de limpeza,CASA E UTILIDADES,2,"228,28",Cartão de Débito,Matriz - Recife
149,26-01-2024,marcador de texto,Papelaria,2,"86,59",PIX,Matriz - Recife
2798,14/11/2024,Organizador de Gaveta,Casa e Utilidades,1,"30,64",pix,Matriz - Recife
4832,2025-05-30,Kit Panelas Antiaderente,Casa e Utilidades,1,"246,42",pix,Matriz - Recife
4258,11-04-2025,Vela Aromática,Casa e Utilidades,4,"28,93",Cartão de Débito,Matriz - Recife
968,2024-05-10,Organizador de Gaveta,Casa e Utilidades,1,"31,06",pix,Matriz - Recife
2202,11-09-2024,Fone de Ouvido Bluetooth,ELETRÔNICOS,1,"166,82",Pix,Matriz - Recife
2630,28-10-2024,Vela Aromática,CASA E UTILIDADES,1,"28,42",PIX,Matriz - Recife
5915,2025-09-11,power bank 10000mah,Eletrônicos,1,"183,48",PIX,Matriz - Recife
6101,03-10-2025,Organizador de Gaveta,Casa e Utilidades,3,"31,41",Cartão de Débito,Matriz - Recife
7307,31-12-2025,organizador de gaveta,Casa e Utilidades,2,"32,53",Cartão de Crédito,Matriz - Recife
3548,20-01-2025,Amendoim Torrado,Alimentos,2,"154,83",PIX,Matriz - Recife
1348,11/06/2024,Organizador de Gaveta,CASA E UTILIDADES,1,"30,45",PIX,Matriz - Recife
1675,2024-07-10,Kit Panelas Antiaderente,Casa e Utilidades,2,"241,61",Dinheiro,Matriz - Recife
837,2024-04-27,Camiseta Básica,Vestuário,3,"226,72",PIX,Matriz - Recife
3786,19-02-2025,Boné Aba Reta,VESTUÁRIO,3,"108,17",pix,Matriz - Recife
4968,2025-06-09,fone de ouvido bluetooth,Eletrônicos,1,"172,33",Cartão de Débito,Matriz - Recife
2246,17/09/2024,Porta Sabonete,Casa e Utilidades,2,"156,20",Cartão de Débito,Matriz - Recife
3792,20-02-2025,Mouse Sem Fio,Eletrônicos,4,"171,63",Cartão de Crédito,Matriz - Recife
5867,2025-09-05,Fone de Ouvido Bluetooth,Eletrônicos,1,"156,32",PIX,Matriz - Recife
6111,2025-10-04,Suco de Caju 1L,Alimentos,3,"171,56",Cartão de Crédito,Matriz - Recife
6911,05/12/2025,Organizador de Gaveta,Casa e Utilidades,2,"32,21",Pix,Matriz - Recife
1977,15-08-2024,Organizador de Gaveta,Casa e Utilidades,2,"29,95",Pix,Matriz - Recife
726,2024-04-16,Boné Aba Reta,Vestuário,2,"117,94",Dinheiro,Matriz - Recife
5934,13-09-2025,Power Bank 10000mAh,ELETRÔNICOS,2,"183,64",Cartão de Crédito,Matriz - Recife
709,2024-04-13,cabo hdmi,Eletrônicos,1,"57,20",PIX,Matriz - Recife
2192,10/09/2024,Boné Aba Reta,Vestuário,1,"102,46",Pix,Matriz - Recife
1475,2024-06-23,organizador de gaveta,,5,"30,78",Pix,Matriz - Recife
5982,17-09-2025,mochila escolar,Papelaria,1,"212,40",Cartão de Crédito,Matriz - Recife
5048,2025-06-16,meia esportiva,VESTUÁRIO,1,"14,55",pix,Matriz - Recife
5719,21/08/2025,Cola Bastão,Papelaria,4,"46,03",Pix,Matriz - Recife
1468,2024-06-22,Estojo Simples,Papelaria,2,"184,03",Cartão de Crédito,Matriz - Recife
3101,2024-12-07,Cola Bastão,Papelaria,1,"47,45",Pix,Matriz - Recife
1438,20-06-2024,Camiseta Básica,Vestuário,4,"215,50",pix,Matriz - Recife
6441,04-11-2025,Água de Coco 500ml,Alimentos,2,"61,37",Cartão de Débito,Matriz - Recife
5141,2025-06-24,porta sabonete,Casa e Utilidades,1,"151,24",Pix,Matriz - Recife
7265,29-12-2025,Fone de Ouvido Bluetooth,Eletrônicos,3,"151,04",Cartão de Débito,Matriz - Recife
6398,02/11/2025,Meia Esportiva,Vestuário,2,"14,05",Dinheiro,Matriz - Recife
6227,16-10-2025,Chinelo de Dedo,Vestuário,3,"122,99",Pix,Matriz - Recife
1857,02-08-2024,Fone de Ouvido Bluetooth,Eletrônicos,2,"153,84",Dinheiro,Matriz - Recife
3890,05-03-2025,Cabo HDMI,Eletrônicos,1,"58,02",PIX,Matriz - Recife
3545,20/01/2025,Mochila Escolar,Papelaria,4,"208,72",PIX,Matriz - Recife
7229,2025-12-27,Estojo Simples,Papelaria,1,"173,34",pix,Matriz - Recife
1008,12/05/2024,Água de Coco 500ml,Alimentos,3,"62,44",Cartão de Débito,Matriz - Recife
6262,19-10-2025,Água de Coco 500ml,Alimentos,1,"59,60",Cartão de Crédito,Matriz - Recife
4020,18/03/2025,Porta Sabonete,Casa e Utilidades,4,"163,12",pix,Matriz - Recife
5960,15-09-2025,Jaqueta Corta-Vento,Vestuário,2,"64,20",Cartão de Crédito,Matriz - Recife
6855,02/12/2025,Porta Sabonete,,5,"165,93",,Matriz - Recife
4964,2025-06-08,Porta Sabonete,Casa e Utilidades,2,"165,25",pix,Matriz - Recife
890,02-05-2024,Camiseta Básica,Vestuário,3,"211,11",Pix,Matriz - Recife
5518,01-08-2025,Barra de Cereal,Alimentos,-2,"137,89",Cartão de Crédito,Matriz - Recife
7292,30/12/2025,Barra de Cereal,Alimentos,1,"131,81",Cartão de Crédito,Matriz - Recife
1918,08/08/2024,Marcador de Texto,Papelaria,2,"93,38",,Matriz - Recife
6368,30-10-2025,boné aba reta,Vestuário,2,"103,57",Pix,Matriz - Recife
4594,2025-05-13,Organizador de Gaveta,CASA E UTILIDADES,5,"29,94",PIX,Matriz - Recife
2442,07/10/2024,Boné Aba Reta,Vestuário,5,"113,35",PIX,Matriz - Recife
4099,26-03-2025,Fone de Ouvido Bluetooth,Eletrônicos,1,"173,43",Cartão de Crédito,Matriz - Recife
363,02/03/2024,Mouse Sem Fio,Eletrônicos,2,"172,37",Pix,Matriz - Recife
1371,13-06-2024,Caderno Universitário,Papelaria,4,"197,21",Cartão de Débito,Matriz - Recife
2541,18-10-2024,Camiseta Básica,Vestuário,1,"234,42",Dinheiro,Matriz - Recife
6611,2025-11-15,Escova de Limpeza,Casa e Utilidades,2,"200,56",Cartão de Crédito,Matriz - Recife
5830,01-09-2025,Meia Esportiva,VESTUÁRIO,1,"15,69",Dinheiro,Matriz - Recife
2144,04/09/2024,Vela Aromática,Casa e Utilidades,1,"30,18",pix,Matriz - Recife
3999,16-03-2025,Jogo de Toalhas,CASA E UTILIDADES,1,"89,77",Cartão de Crédito,Matriz - Recife
5729,22/08/2025,Estojo Simples,Papelaria,1,"183,47",Dinheiro,Matriz - Recife
4214,2025-04-07,Power Bank 10000mAh,Eletrônicos,1,"182,22",Cartão de Crédito,Matriz - Recife
178,2024-01-31,marcador de texto,Papelaria,3,"95,89",PIX,Matriz - Recife
684,10-04-2024,Chinelo de Dedo,Vestuário,1,"129,69",pix,Matriz - Recife
1282,07/06/2024,Café Torrado 500g,Alimentos,1,"15,21",PIX,Matriz - Recife
3104,07-12-2024,caixa de som portátil,Eletrônicos,3,"69,52",Cartão de Crédito,matriz-recife
3787,2025-02-19,Escova de Limpeza,Casa e Utilidades,4,"227,18",Cartão de Débito,matriz-recife
5018,2025-06-12,mouse sem fio,Eletrônicos,2,"182,88",PIX,Matriz - Recife
1609,02/07/2024,Cola Bastão,PAPELARIA,3,"43,40",Dinheiro,Matriz - Recife
2082,2024-08-28,Camiseta Básica,Vestuário,4,"213,80",Dinheiro,Matriz - Recife
5474,27/07/2025,Chinelo de Dedo,Vestuário,1,"138,30",Pix,matriz-recife
7121,20-12-2025,escova de limpeza,CASA E UTILIDADES,1,"205,98",Dinheiro,Matriz - Recife
7059,16/12/2025,Barra de Cereal,Alimentos,1,"146,43",pix,Matriz - Recife
2674,02/11/2024,Vela Aromática,Casa e Utilidades,1,"30,99",PIX,Matriz - Recife
7057,16/12/2025,Mochila Escolar,PAPELARIA,3,"215,45",Pix,Matriz - Recife
5468,2025-07-26,Porta Sabonete,Casa e Utilidades,2,"161,22",pix,Matriz - Recife
2067,2024-08-26,Caneta Esferográfica,Papelaria,4,"9,10",PIX,Matriz - Recife
5473,27-07-2025,Suco de Caju 1L,Alimentos,1,"163,65",,Matriz - Recife
3289,2024-12-21,Boné Aba Reta,Vestuário,1,"115,28",Pix,Matriz - Recife
6642,18-11-2025,marcador de texto,Papelaria,1,"85,38",Cartão de Débito,Matriz - Recife
2620,26/10/2024,Bermuda Jeans,Vestuário,-1,"31,34",PIX,Matriz - Recife
3635,31-01-2025,Biscoito Recheado,Alimentos,3,"60,45",pix,Matriz - Recife
4881,02-06-2025,Power Bank 10000mAh,Eletrônicos,1,"173,66",PIX,Matriz - Recife
598,31/03/2024,Fone de Ouvido Bluetooth,Eletrônicos,1,"165,86",Dinheiro,Matriz - Recife
6688,21-11-2025,Meia Esportiva,Vestuário,2,"15,15",,Matriz - Recife
3044,02-12-2024,Boné Aba Reta,Vestuário,1,"109,28",Dinheiro,Matriz - Recife
6183,11-10-2025,Caixa de Som Portátil,Eletrônicos,2,"75,05",PIX,Matriz - Recife
6655,19-11-2025,Marcador de Texto,Papelaria,1,"95,18",Dinheiro,Matriz - Recife
2030,22-08-2024,Jaqueta Corta-Vento,Vestuário,3,"64,41",Dinheiro,Matriz - Recife
5946,2025-09-14,Café Torrado 500g,,2,"15,49",PIX,Matriz - Recife
7066,16/12/2025,Power Bank 10000mAh,Eletrônicos,1,"192,62",pix,Matriz - Recife
4916,05/06/2025,Marcador de Texto,Papelaria,1,"90,73",Pix,Matriz - Recife
2729,07-11-2024,Caixa de Som Portátil,Eletrônicos,1,"77,60",pix,Matriz - Recife
5507,31/07/2025,Organizador de Gaveta,Casa e Utilidades,3,"30,75",Pix,Matriz - Recife
5296,10/07/2025,Caderno Universitário,Papelaria,3,"218,28",PIX,Matriz - Recife
800,24/04/2024,Organizador de Gaveta,CASA E UTILIDADES,4,"29,80",pix,Matriz - Recife
4903,2025-06-04,Fone de Ouvido Bluetooth,,1,"166,38",Cartão de Débito,Matriz - Recife
6996,12/12/2025,Jogo de Toalhas,Casa e Utilidades,2,"86,31",pix,Matriz - Recife
2523,15-10-2024,Jaqueta Corta-Vento,Vestuário,5,"62,16",Cartão de Débito,Matriz - Recife
4057,21/03/2025,Cabo HDMI,ELETRÔNICOS,3,"64,84",Cartão de Débito,Matriz - Recife
1019,13/05/2024,Caderno Universitário,Papelaria,3,"206,19",Dinheiro,Matriz - Recife
2152,05/09/2024,Carregador USB-C,Eletrônicos,1,"14,89",,Matriz - Recife
5558,2025-08-04,Barra de Cereal,Alimentos,1,"149,37",Pix,Matriz - Recife
2498,12/10/2024,Amendoim Torrado,Alimentos,1,"153,53",PIX,Matriz - Recife
3593,26-01-2025,Mouse Sem Fio,Eletrônicos,-1,"163,74",pix,Matriz - Recife
4451,02-05-2025,Jaqueta Corta-Vento,Vestuário,2,"59,97",Cartão de Débito,Matriz - Recife
4632,15/05/2025,Jaqueta Corta-Vento,VESTUÁRIO,1,"59,86",Cartão de Crédito,Matriz - Recife
6256,18/10/2025,Biscoito Recheado,Alimentos,3,"60,40",Pix,Matriz - Recife
6037,26-09-2025,Power Bank 10000mAh,Eletrônicos,2,"177,97",Dinheiro,Matriz - Recife
7094,18-12-2025,Jaqueta Corta-Vento,Vestuário,1,"62,77",PIX,matriz-recife
3616,29/01/2025,Caderno Universitário,Papelaria,1,"216,78",Cartão de Débito,Matriz - Recife
2141,04-09-2024,Power Bank 10000mAh,Eletrônicos,4,"177,79",Cartão de Crédito,Matriz - Recife
371,2024-03-02,Chinelo de Dedo,VESTUÁRIO,4,"130,68",Cartão de Débito,Matriz - Recife
3038,02-12-2024,Água de Coco 500ml,ALIMENTOS,2,"61,54",Cartão de Crédito,Matriz - Recife
5641,2025-08-13,Camiseta Básica,Vestuário,2,"206,53",Cartão de Débito,Matriz - Recife
309,2024-02-22,Suco de Caju 1L,Alimentos,2,"154,69",Pix,Matriz - Recife
5957,15-09-2025,Café Torrado 500g,Alimentos,4,"14,55",Cartão de Débito,Matriz - Recife
4943,07/06/2025,Barra de Cereal,Alimentos,4,"151,01",PIX,Matriz - Recife
5195,27-06-2025,Carregador USB-C,Eletrônicos,1,"14,18",,Matriz - Recife
5928,12/09/2025,Caneta Esferográfica,Papelaria,2,"9,10",pix,Matriz - Recife
6798,2025-11-28,Caixa de Som Portátil,Eletrônicos,2,"75,48",Dinheiro,Matriz - Recife
7101,18-12-2025,fone de ouvido bluetooth,Eletrônicos,5,"161,95",Dinheiro,Matriz - Recife
4312,2025-04-16,Barra de Cereal,Alimentos,1,"139,03",Cartão de Débito,Matriz - Recife
6678,20-11-2025,Fone de Ouvido Bluetooth,Eletrônicos,3,"172,93",Cartão de Débito,Matriz - Recife
5415,22-07-2025,Cabo HDMI,ELETRÔNICOS,5,"66,10",Pix,Matriz - Recife
4649,17/05/2025,Escova de Limpeza,Casa e Utilidades,-3,"221,60",Pix,Matriz - Recife
6725,2025-11-23,Caneta Esferográfica,Papelaria,3,"9,11",pix,Matriz - Recife
3362,27/12/2024,Barra de Cereal,Alimentos,1,"130,13",Pix,Matriz - Recife
1237,03-06-2024,Organizador de Gaveta,CASA E UTILIDADES,-2,"29,63",Pix,Matriz - Recife
4653,17/05/2025,Suco de Caju 1L,Alimentos,2,"173,17",pix,Matriz - Recife
3373,27/12/2024,Caixa de Som Portátil,Eletrônicos,1,"71,20",Cartão de Crédito,Matriz - Recife
4741,2025-05-25,Fone de Ouvido Bluetooth,Eletrônicos,1,"166,87",Pix,Matriz - Recife
1780,2024-07-23,meia esportiva,Vestuário,1,"14,23",Cartão de Crédito,Matriz - Recife
2078,2024-08-28,Carregador USB-C,Eletrônicos,1,"13,97",Cartão de Crédito,Matriz - Recife
622,02/04/2024,Carregador USB-C,Eletrônicos,1,"13,36",pix,Matriz - Recife
1741,18/07/2024,Cola Bastão,Papelaria,1,"46,73",Cartão de Crédito,Matriz - Recife
805,2024-04-24,Carregador USB-C,Eletrônicos,1,"13,89",PIX,Matriz - Recife
4076,2025-03-24,Estojo Simples,Papelaria,1,"165,13",PIX,Matriz - Recife
2218,14/09/2024,barra de cereal,ALIMENTOS,1,"139,00",Pix,Matriz - Recife
4081,24-03-2025,Carregador USB-C,Eletrônicos,2,"14,54",Dinheiro,Matriz - Recife
430,11-03-2024,caixa de som portátil,Eletrônicos,1,"71,98",,Matriz - Recife
6470,06/11/2025,Boné Aba Reta,Vestuário,1,"115,65",PIX,Matriz - Recife
1640,06/07/2024,Jaqueta Corta-Vento,VESTUÁRIO,4,"64,58",Cartão de Débito,Matriz - Recife
2666,02/11/2024,Meia Esportiva,Vestuário,3,"14,05",Cartão de Crédito,Matriz - Recife
2403,03-10-2024,Jaqueta Corta-Vento,Vestuário,1,"60,03",Pix,Matriz - Recife
5322,13/07/2025,meia esportiva,Vestuário,1,"14,49",Cartão de Débito,Matriz - Recife
6958,09-12-2025,Mochila Escolar,PAPELARIA,2,"217,69",Dinheiro,Matriz - Recife
2042,23/08/2024,Marcador de Texto,Papelaria,2,"91,64",pix,Matriz - Recife
3021,30/11/2024,Barra de Cereal,Alimentos,3,"132,68",Cartão de Débito,Matriz - Recife
7152,23/12/2025,Power Bank 10000mAh,Eletrônicos,2,"200,60",Pix,Matriz - Recife
2829,2024-11-16,amendoim torrado,Alimentos,2,"144,26",PIX,Matriz - Recife
6038,2025-09-26,Caneta Esferográfica,Papelaria,1,"9,47",Cartão de Débito,Matriz - Recife
4703,22/05/2025,mochila escolar,Papelaria,2,"195,78",Cartão de Crédito,Matriz - Recife
677,09/04/2024,Água de Coco 500ml,Alimentos,2,"59,74",Dinheiro,Matriz - Recife
676,09-04-2024,Cabo HDMI,Eletrônicos,1,"66,75",PIX,Matriz - Recife
1636,06/07/2024,Água de Coco 500ml,Alimentos,2,"56,52",Cartão de Débito,Matriz - Recife
1926,08-08-2024,Fone de Ouvido Bluetooth,Eletrônicos,2,"159,21",pix,Matriz - Recife
3663,03-02-2025,Suco de Caju 1L,Alimentos,5,"167,25",Dinheiro,Matriz - Recife
4537,08-05-2025,Fone de Ouvido Bluetooth,Eletrônicos,2,"155,91",PIX,Matriz - Recife
4611,2025-05-14,Barra de Cereal,ALIMENTOS,4,"150,40",Dinheiro,Matriz - Recife
6150,2025-10-08,Bermuda Jeans,Vestuário,1,"29,80",Cartão de Débito,Matriz - Recife
4093,25-03-2025,Chinelo de Dedo,Vestuário,1,"120,56",Cartão de Débito,Matriz - Recife
2186,2024-09-10,Carregador USB-C,Eletrônicos,2,"12,97",pix,Matriz - Recife
2485,11-10-2024,Meia Esportiva,Vestuário,1,"15,50",Cartão de Débito,Matriz - Recife
1847,2024-07-31,Jogo de Toalhas,Casa e Utilidades,2,"84,68",Cartão de Débito,Matriz - Recife
3166,12-12-2024,Caderno Universitário,Papelaria,1,"205,39",pix,Matriz - Recife
640,2024-04-05,Estojo Simples,Papelaria,1,"164,55",pix,Matriz - Recife
3927,2025-03-08,Kit Panelas Antiaderente,Casa e Utilidades,2,"236,42",Dinheiro,Matriz - Recife
3161,2024-12-11,Power Bank 10000mAh,Eletrônicos,2,"193,71",Cartão de Crédito,Matriz - Recife
4085,24/03/2025,Organizador de Gaveta,Casa e Utilidades,1,"30,75",PIX,Matriz - Recife
2617,26-10-2024,Carregador USB-C,Eletrônicos,1,"13,42",Dinheiro,Matriz - Recife
5257,04/07/2025,mochila escolar,Papelaria,-1,"191,64",Dinheiro,Matriz - Recife
5280,05-07-2025,Caixa de Som Portátil,Eletrônicos,1,"71,71",Cartão de Crédito,Matriz - Recife
6841,2025-11-30,Caixa de Som Portátil,Eletrônicos,1,"72,37",Cartão de Débito,Matriz - Recife
5492,2025-07-29,Escova de Limpeza,,1,"211,01",Pix,Matriz - Recife
4593,2025-05-13,Jogo de Toalhas,Casa e Utilidades,1,"90,01",Pix,Matriz - Recife
5500,30-07-2025,Biscoito Recheado,Alimentos,1,"60,27",pix,Matriz - Recife
6786,27/11/2025,Água de Coco 500ml,Alimentos,4,"61,39",Cartão de Crédito,Matriz - Recife
6279,21/10/2025,Amendoim Torrado,Alimentos,1,"141,16",Pix,Matriz - Recife
3925,2025-03-08,Marcador de Texto,Papelaria,3,"92,37",Dinheiro,Matriz - Recife
2346,28-09-2024,Meia Esportiva,Vestuário,1,"15,52",pix,Matriz - Recife
3744,14/02/2025,Vela Aromática,Casa e Utilidades,2,"30,70",Pix,Matriz - Recife
5956,15/09/2025,Power Bank 10000mAh,ELETRÔNICOS,1,"197,11",Cartão de Crédito,Matriz - Recife
2311,2024-09-24,Power Bank 10000mAh,Eletrônicos,3,"174,36",Dinheiro,Matriz - Recife
713,2024-04-14,Cola Bastão,Papelaria,4,"47,61",PIX,Matriz - Recife
2225,14-09-2024,Chinelo de Dedo,Vestuário,3,"138,25",Pix,Matriz - Recife
4298,15/04/2025,Power Bank 10000mAh,ELETRÔNICOS,4,"194,77",Cartão de Débito,Matriz - Recife
4127,2025-03-28,Jaqueta Corta-Vento,VESTUÁRIO,1,"65,04",pix,Matriz - Recife
6757,2025-11-25,suco de caju 1l,Alimentos,1,"173,72",Dinheiro,Matriz - Recife
2822,16/11/2024,Barra de Cereal,Alimentos,1,"144,65",Cartão de Crédito,Matriz - Recife
2745,08/11/2024,Meia Esportiva,Vestuário,1,"14,29",Cartão de Crédito,Matriz - Recife
2942,25/11/2024,Água de Coco 500ml,Alimentos,1,"62,44",Cartão de Crédito,Matriz - Recife
1783,2024-07-24,Barra de Cereal,ALIMENTOS,1,"132,01",Dinheiro,Matriz - Recife
7248,2025-12-28,Jogo de Toalhas,,2,"90,01",Cartão de Crédito,Matriz - Recife
643,2024-04-06,Caixa de Som Portátil,ELETRÔNICOS,2,"69,08",Dinheiro,Matriz - Recife
2433,06-10-2024,Meia Esportiva,Vestuário,1,"15,89",Dinheiro,Matriz - Recife
807,24/04/2024,Power Bank 10000mAh,Eletrônicos,1,"184,10",Cartão de Crédito,Matriz - Recife
5207,28/06/2025,Caixa de Som Portátil,Eletrônicos,1,"75,31",Pix,Matriz - Recife
736,17/04/2024,Boné Aba Reta,,-2,"113,39",Cartão de Crédito,Matriz - Recife
5293,09-07-2025,Marcador de Texto,PAPELARIA,3,"91,26",pix,Matriz - Recife
3438,02/01/2025,Biscoito Recheado,Alimentos,4,"55,43",pix,Matriz - Recife
4183,03-04-2025,Biscoito Recheado,Alimentos,3,"57,84",Cartão de Crédito,Matriz - Recife
5304,11/07/2025,vela aromática,Casa e Utilidades,4,"32,72",Dinheiro,Matriz - Recife
2419,05-10-2024,caneta esferográfica,PAPELARIA,4,"9,29",pix,Matriz - Recife
1530,27-06-2024,Meia Esportiva,Vestuário,2,"15,37",,Matriz - Recife
4252,10-04-2025,Barra de Cereal,Alimentos,1,"129,07",Pix,Matriz - Recife
126,23-01-2024,Caderno Universitário,Papelaria,1,"217,10",Cartão de Crédito,Matriz - Recife
6995,12-12-2025,Fone de Ouvido Bluetooth,Eletrônicos,3,"171,39",pix,Matriz - Recife
6542,2025-11-10,Jaqueta Corta-Vento,Vestuário,1,"60,88",Pix,Matriz - Recife
897,03-05-2024,Mouse Sem Fio,Eletrônicos,1,"161,98",Cartão de Débito,Matriz - Recife
581,28/03/2024,Caderno Universitário,Papelaria,1,"216,81",Cartão de Crédito,Matriz - Recife
5239,01/07/2025,Suco de Caju 1L,Alimentos,1,"152,23",Pix,Matriz - Recife
1496,2024-06-24,Boné Aba Reta,VESTUÁRIO,2,"111,53",Cartão de Crédito,Matriz - Recife
1932,2024-08-09,Cola Bastão,Papelaria,5,"45,02",Dinheiro,Matriz - Recife
1255,04-06-2024,Vela Aromática,CASA E UTILIDADES,2,"30,22",Dinheiro,Matriz - Recife
4403,28-04-2025,Porta Sabonete,Casa e Utilidades,3,"148,50",pix,Matriz - Recife
205,04/02/2024,Meia Esportiva,Vestuário,1,"16,34",Cartão de Débito,Matriz - Recife
525,22/03/2024,Água de Coco 500ml,Alimentos,1,"60,62",PIX,Matriz - Recife
2029,2024-08-22,Amendoim Torrado,Alimentos,2,"155,40",Pix,Matriz - Recife
5175,26/06/2025,Kit Panelas Antiaderente,CASA E UTILIDADES,2,"229,80",pix,Matriz - Recife
3111,2024-12-08,Organizador de Gaveta,Casa e Utilidades,5,"32,07",Pix,Matriz - Recife
6562,2025-11-12,Chinelo de Dedo,Vestuário,1,"131,82",pix,Matriz - Recife
1774,2024-07-22,Escova de Limpeza,CASA E UTILIDADES,1,"205,40",Cartão de Débito,Matriz - Recife
2200,2024-09-11,caixa de som portátil,Eletrônicos,5,"68,87",Dinheiro,Matriz - Recife
891,03/05/2024,Estojo Simples,Papelaria,1,"188,39",Cartão de Crédito,Matriz - Recife
3113,08-12-2024,Suco de Caju 1L,Alimentos,2,"165,27",Cartão de Crédito,Matriz - Recife
5625,11/08/2025,Chinelo de Dedo,VESTUÁRIO,2,"126,29",Pix,Matriz - Recife
6538,10/11/2025,Jaqueta Corta-Vento,VESTUÁRIO,2,"60,70",pix,Matriz - Recife
486,17/03/2024,Kit Panelas Antiaderente,Casa e Utilidades,2,"240,14",Cartão de Crédito,Matriz - Recife
2157,06-09-2024,Estojo Simples,Papelaria,1,"180,32",Pix,Matriz - Recife
3998,15-03-2025,mouse sem fio,Eletrônicos,1,"175,49",PIX,Matriz - Recife
3157,2024-12-11,Mouse Sem Fio,Eletrônicos,2,"163,49",Dinheiro,Matriz - Recife
2552,19/10/2024,Amendoim Torrado,Alimentos,1,"157,07",PIX,Matriz - Recife
3643,31/01/2025,Boné Aba Reta,Vestuário,2,"102,56",pix,Matriz - Recife
4297,2025-04-14,Fone de Ouvido Bluetooth,Eletrônicos,2,"161,75",Pix,Matriz - Recife
346,28-02-2024,organizador de gaveta,CASA E UTILIDADES,2,"29,26",Cartão de Crédito,Matriz - Recife
3984,14-03-2025,Café Torrado 500g,Alimentos,1,"14,64",PIX,Matriz - Recife
4973,09/06/2025,Camiseta Básica,VESTUÁRIO,1,"216,09",Dinheiro,Matriz - Recife
5381,19-07-2025,Jaqueta Corta-Vento,Vestuário,3,"64,52",,Matriz - Recife
4436,01/05/2025,Amendoim Torrado,Alimentos,1,"149,58",pix,Matriz - Recife
3609,2025-01-28,Meia Esportiva,Vestuário,2,"14,75",Dinheiro,Matriz - Recife
4351,21/04/2025,power bank 10000mah,ELETRÔNICOS,4,"192,54",Cartão de Crédito,Matriz - Recife
5206,28-06-2025,Jogo de Toalhas,Casa e Utilidades,1,"84,07",Pix,Matriz - Recife
6259,19/10/2025,Escova de Limpeza,Casa e Utilidades,1,"201,92",pix,Matriz - Recife
2701,2024-11-04,Água de Coco 500ml,Alimentos,-1,"56,79",Dinheiro,Matriz - Recife
806,2024-04-24,Cabo HDMI,Eletrônicos,1,"58,15",Cartão de Crédito,Matriz - Recife
1294,07/06/2024,Carregador USB-C,Eletrônicos,1,"14,66",pix,Matriz - Recife
6664,20-11-2025,power bank 10000mah,Eletrônicos,3,"199,04",PIX,Matriz - Recife
2850,18/11/2024,Kit Panelas Antiaderente,Casa e Utilidades,3,"236,28",Cartão de Débito,Matriz - Recife
4999,11-06-2025,Biscoito Recheado,Alimentos,1,"54,52",Pix,Matriz - Recife
840,27/04/2024,Kit Panelas Antiaderente,Casa e Utilidades,1,"234,43",PIX,Matriz - Recife
1656,08/07/2024,Biscoito Recheado,Alimentos,4,"52,14",Cartão de Débito,Matriz - Recife
1138,24/05/2024,Caneta Esferográfica,,1,"10,33",Dinheiro,Matriz - Recife
1921,08/08/2024,Jaqueta Corta-Vento,Vestuário,3,"65,24",PIX,Matriz - Recife
1685,12/07/2024,Camiseta Básica,Vestuário,1,"228,63",pix,Matriz - Recife
3039,02-12-2024,camiseta básica,Vestuário,1,"230,61",pix,Matriz - Recife
6522,09-11-2025,marcador de texto,Papelaria,1,"89,18",Cartão de Crédito,matriz-recife
6554,11-11-2025,Mochila Escolar,Papelaria,1,"213,97",pix,Matriz - Recife
4454,02/05/2025,Estojo Simples,Papelaria,1,"182,58",PIX,Matriz - Recife
4396,27/04/2025,Marcador de Texto,Papelaria,2,"95,02",Cartão de Débito,matriz-recife
883,02/05/2024,Mochila Escolar,Papelaria,1,"187,21",pix,Matriz - Recife
1407,17-06-2024,Biscoito Recheado,Alimentos,4,"55,16",Cartão de Débito,Matriz - Recife
2732,2024-11-07,Caneta Esferográfica,PAPELARIA,3,"8,82",Dinheiro,Matriz - Recife
1657,08/07/2024,Barra de Cereal,Alimentos,1,"129,34",Cartão de Crédito,Matriz - Recife
3803,22/02/2025,Caixa de Som Portátil,Eletrônicos,1,"73,35",pix,Matriz - Recife
7130,20/12/2025,Barra de Cereal,Alimentos,2,"136,59",Cartão de Débito,Matriz - Recife
876,01-05-2024,Cabo HDMI,Eletrônicos,1,"58,03",Cartão de Débito,Matriz - Recife
2146,05/09/2024,Organizador de Gaveta,Casa e Utilidades,1,"31,76",pix,Matriz - Recife
5243,01-07-2025,água de coco 500ml,Alimentos,2,"62,61",PIX,Matriz - Recife
5010,12-06-2025,Suco de Caju 1L,Alimentos,1,"170,91",Cartão de Débito,Matriz - Recife
4976,09/06/2025,Power Bank 10000mAh,Eletrônicos,1,"183,60",pix,Matriz - Recife
3681,05/02/2025,Mouse Sem Fio,ELETRÔNICOS,1,"160,21",Cartão de Débito,Matriz - Recife
2449,07/10/2024,Carregador USB-C,Eletrônicos,3,"14,57",Cartão de Crédito,Matriz - Recife
1329,2024-06-10,amendoim torrado,Alimentos,1,"155,13",PIX,Matriz - Recife
2951,26/11/2024,Power Bank 10000mAh,Eletrônicos,3,"178,59",Dinheiro,Matriz - Recife
2505,13-10-2024,Caneta Esferográfica,Papelaria,-2,"10,01",Cartão de Débito,Matriz - Recife
4472,2025-05-03,Camiseta Básica,Vestuário,4,"219,85",Pix,Matriz - Recife
1916,08/08/2024,Camiseta Básica,Vestuário,1,"220,26",Cartão de Crédito,Matriz - Recife
1688,12-07-2024,Bermuda Jeans,VESTUÁRIO,3,"28,61",pix,Matriz - Recife
2710,05/11/2024,Carregador USB-C,Eletrônicos,1,"13,82",Dinheiro,Matriz - Recife
2401,03-10-2024,Meia Esportiva,Vestuário,-2,"14,50",pix,Matriz - Recife
3487,08/01/2025,Meia Esportiva,VESTUÁRIO,1,"15,42",PIX,Matriz - Recife
76,2024-01-12,Mouse Sem Fio,Eletrônicos,3,"160,78",Cartão de Crédito,Matriz - Recife
2513,14-10-2024,Meia Esportiva,Vestuário,2,"15,47",Cartão de Débito,Matriz - Recife
4288,13/04/2025,Porta Sabonete,Casa e Utilidades,3,"163,62",Cartão de Débito,Matriz - Recife
1252,2024-06-04,Boné Aba Reta,Vestuário,2,"117,90",Dinheiro,Matriz - Recife
5078,19-06-2025,Caderno Universitário,Papelaria,1,"214,05",Pix,Matriz - Recife
5221,30/06/2025,Vela Aromática,,1,"32,09",Dinheiro,Matriz - Recife
1307,2024-06-08,Caixa de Som Portátil,ELETRÔNICOS,1,"79,80",Dinheiro,Matriz - Recife
6322,25/10/2025,chinelo de dedo,Vestuário,1,"125,02",Cartão de Crédito,Matriz - Recife
4958,08/06/2025,Organizador de Gaveta,Casa e Utilidades,1,"33,82",pix,Matriz - Recife
6875,03-12-2025,Camiseta Básica,Vestuário,4,"215,52",Dinheiro,Matriz - Recife
1739,17/07/2024,Meia Esportiva,VESTUÁRIO,3,"14,33",pix,Matriz - Recife
2058,25/08/2024,Biscoito Recheado,Alimentos,1,"55,59",Cartão de Crédito,Matriz - Recife
5172,26-06-2025,Fone de Ouvido Bluetooth,,4,"174,49",Dinheiro,Matriz - Recife
1083,20/05/2024,Porta Sabonete,Casa e Utilidades,4,"142,62",,Matriz - Recife
2123,2024-09-02,Bermuda Jeans,Vestuário,3,"27,06",Pix,Matriz - Recife
693,2024-04-11,Caneta Esferográfica,Papelaria,1,"10,11",Dinheiro,Matriz - Recife
6195,13-10-2025,Chinelo de Dedo,Vestuário,5,"123,79",Cartão de Débito,Matriz - Recife
3294,2024-12-22,jogo de toalhas,Casa e Utilidades,5,"82,94",PIX,Matriz - Recife
983,11/05/2024,Água de Coco 500ml,Alimentos,3,"58,81",pix,Matriz - Recife
4354,21/04/2025,Camiseta Básica,Vestuário,4,"223,49",PIX,Matriz - Recife
1613,2024-07-03,Suco de Caju 1L,Alimentos,4,"170,33",pix,Matriz - Recife
1442,21-06-2024,Fone de Ouvido Bluetooth,Eletrônicos,1,"162,17",Dinheiro,Matriz - Recife
4698,22-05-2025,Chinelo de Dedo,VESTUÁRIO,1,"127,26",Dinheiro,Matriz - Recife
5879,2025-09-06,Caneta Esferográfica,Papelaria,1,"10,15",pix,Matriz - Recife
631,03-04-2024,Estojo Simples,,4,"188,22",Dinheiro,Matriz - Recife
1280,2024-06-07,Carregador USB-C,Eletrônicos,1,"13,94",Cartão de Débito,Matriz - Recife
3194,14-12-2024,Kit Panelas Antiaderente,Casa e Utilidades,2,"223,05",pix,Matriz - Recife
4962,2025-06-08,Marcador de Texto,Papelaria,4,"86,00",Cartão de Crédito,Matriz - Recife
4794,28-05-2025,Porta Sabonete,Casa e Utilidades,5,"159,79",,Matriz - Recife
5859,04/09/2025,Bermuda Jeans,Vestuário,1,"30,42",PIX,Matriz - Recife
803,24-04-2024,Power Bank 10000mAh,ELETRÔNICOS,3,"181,41",Cartão de Débito,Matriz - Recife
1652,07/07/2024,Carregador USB-C,Eletrônicos,1,"14,71",Cartão de Crédito,Matriz - Recife
77,2024-01-12,jaqueta corta-vento,Vestuário,1,"62,68",Cartão de Débito,Matriz - Recife
163,28-01-2024,Power Bank 10000mAh,Eletrônicos,5,"176,04",Cartão de Crédito,Matriz - Recife
824,26-04-2024,Bermuda Jeans,Vestuário,3,"29,76",PIX,Matriz - Recife
4814,2025-05-29,Power Bank 10000mAh,Eletrônicos,4,"199,40",Cartão de Débito,Matriz - Recife
2790,2024-11-13,Kit Panelas Antiaderente,Casa e Utilidades,1,"227,51",Cartão de Crédito,Matriz - Recife
6675,20-11-2025,Marcador de Texto,Papelaria,2,"93,93",Cartão de Crédito,Matriz - Recife
3043,02/12/2024,Suco de Caju 1L,ALIMENTOS,1,"162,43",Cartão de Crédito,Matriz - Recife
330,25/02/2024,Porta Sabonete,Casa e Utilidades,1,"158,16",pix,Matriz - Recife
2006,2024-08-19,Marcador de Texto,Papelaria,2,"91,49",Dinheiro,Matriz - Recife
874,01-05-2024,Chinelo de Dedo,VESTUÁRIO,1,"138,01",Dinheiro,Matriz - Recife
5762,26/08/2025,amendoim torrado,Alimentos,2,"155,92",Dinheiro,Matriz - Recife
4360,22/04/2025,suco de caju 1l,Alimentos,2,"177,23",Cartão de Crédito,Matriz - Recife
396,08/03/2024,Água de Coco 500ml,Alimentos,1,"56,51",PIX,Matriz - Recife
6658,2025-11-19,Camiseta Básica,Vestuário,2,"221,89",PIX,Matriz - Recife
4584,11/05/2025,Vela Aromática,CASA E UTILIDADES,1,"30,05",Cartão de Débito,Matriz - Recife
3996,15/03/2025,Camiseta Básica,VESTUÁRIO,1,"228,28",Cartão de Crédito,Matriz - Recife
3621,29/01/2025,Biscoito Recheado,Alimentos,1,"56,68",Pix,Matriz - Recife
6973,2025-12-11,Porta Sabonete,Casa e Utilidades,2,"154,41",pix,Matriz - Recife
5482,28-07-2025,Caneta Esferográfica,Papelaria,1,"8,97",Cartão de Débito,Matriz - Recife
2970,27/11/2024,Organizador de Gaveta,Casa e Utilidades,1,"29,31",Cartão de Crédito,Matriz - Recife
1820,28/07/2024,Bermuda Jeans,Vestuário,2,"31,06",Dinheiro,Matriz - Recife
3674,04-02-2025,Café Torrado 500g,Alimentos,1,"14,78",Cartão de Débito,Matriz - Recife
5022,13/06/2025,Fone de Ouvido Bluetooth,Eletrônicos,1,"164,66",Cartão de Crédito,Matriz - Recife
2629,27-10-2024,Vela Aromática,Casa e Utilidades,4,"30,84",Pix,Matriz - Recife
6270,2025-10-21,vela aromática,Casa e Utilidades,1,"29,43",Dinheiro,Matriz - Recife
5672,16/08/2025,Power Bank 10000mAh,Eletrônicos,3,"193,90",Dinheiro,Matriz - Recife
3922,08/03/2025,Caderno Universitário,Papelaria,5,"194,86",PIX,Matriz - Recife
4341,20-04-2025,Mochila Escolar,Papelaria,1,"193,99",PIX,Matriz - Recife
1266,2024-06-05,Jogo de Toalhas,Casa e Utilidades,1,"94,13",Dinheiro,Matriz - Recife
2896,2024-11-20,Jogo de Toalhas,Casa e Utilidades,1,"87,37",pix,Matriz - Recife
6375,31-10-2025,Biscoito Recheado,,1,"56,59",PIX,Matriz - Recife
1387,14/06/2024,Suco de Caju 1L,Alimentos,-3,"156,58",Pix,Matriz - Recife
365,2024-03-02,Mochila Escolar,,1,"209,80",PIX,Matriz - Recife
2700,04-11-2024,Amendoim Torrado,Alimentos,1,"157,19",Cartão de Débito,Matriz - Recife
1754,19-07-2024,Bermuda Jeans,Vestuário,4,"29,56",Cartão de Crédito,Matriz - Recife
5399,20/07/2025,Jaqueta Corta-Vento,Vestuário,2,"56,61",Pix,Matriz - Recife
4329,18-04-2025,Amendoim Torrado,Alimentos,2,"144,48",pix,Matriz - Recife
5021,13-06-2025,Biscoito Recheado,Alimentos,3,"60,03",Dinheiro,Matriz - Recife
2371,30-09-2024,Mouse Sem Fio,Eletrônicos,1,"170,56",pix,Matriz - Recife
653,07/04/2024,caixa de som portátil,ELETRÔNICOS,1,"74,14",Dinheiro,Matriz - Recife
4364,2025-04-23,Caneta Esferográfica,PAPELARIA,2,"9,66",pix,Matriz - Recife
832,27/04/2024,Caneta Esferográfica,Papelaria,1,"8,90",Cartão de Crédito,Matriz - Recife
4967,2025-06-08,Chinelo de Dedo,Vestuário,2,"131,54",Dinheiro,Matriz - Recife
179,2024-01-31,Cabo HDMI,ELETRÔNICOS,1,"62,41",pix,Matriz - Recife
5409,2025-07-21,Mouse Sem Fio,Eletrônicos,1,"168,71",Dinheiro,Matriz - Recife
5367,18-07-2025,Boné Aba Reta,Vestuário,1,"114,74",Cartão de Débito,Matriz - Recife
7105,2025-12-19,Barra de Cereal,Alimentos,1,"129,63",Cartão de Débito,Matriz - Recife
4688,19-05-2025,Biscoito Recheado,Alimentos,1,"59,32",Cartão de Crédito,Matriz - Recife
4754,2025-05-26,Vela Aromática,Casa e Utilidades,2,"32,55",PIX,Matriz - Recife
1862,02-08-2024,bermuda jeans,Vestuário,3,"29,45",Cartão de Débito,Matriz - Recife
2150,05/09/2024,Vela Aromática,Casa e Utilidades,4,"30,09",Dinheiro,Matriz - Recife
4422,29/04/2025,carregador usb-c,,3,"14,92",pix,Matriz - Recife
5801,2025-08-30,Bermuda Jeans,Vestuário,5,"30,95",Cartão de Crédito,Matriz - Recife
3857,2025-03-02,Biscoito Recheado,Alimentos,1,"52,02",Dinheiro,Matriz - Recife
4028,18/03/2025,Meia Esportiva,Vestuário,1,"14,83",Pix,Matriz - Recife
144,25-01-2024,Porta Sabonete,CASA E UTILIDADES,4,"150,10",pix,Matriz - Recife
2873,2024-11-19,Barra de Cereal,Alimentos,4,"132,62",Dinheiro,Matriz - Recife
2868,19-11-2024,Kit Panelas Antiaderente,Casa e Utilidades,2,"233,88",Cartão de Crédito,Matriz - Recife
5592,08-08-2025,Mochila Escolar,Papelaria,1,"211,99",Dinheiro,Matriz - Recife
415,10/03/2024,Vela Aromática,Casa e Utilidades,2,"31,43",Cartão de Crédito,Matriz - Recife
5011,12-06-2025,Barra de Cereal,Alimentos,3,"143,26",Dinheiro,Matriz - Recife
4250,10-04-2025,Mochila Escolar,PAPELARIA,1,"205,25",Cartão de Crédito,Matriz - Recife
6746,24-11-2025,Cola Bastão,PAPELARIA,3,"42,36",Pix,Matriz - Recife
3566,2025-01-22,Caixa de Som Portátil,Eletrônicos,5,"68,85",Pix,Matriz - Recife
6046,2025-09-27,Água de Coco 500ml,Alimentos,-1,"65,99",pix,Matriz - Recife
4347,21/04/2025,Biscoito Recheado,Alimentos,1,"55,80",PIX,Matriz - Recife
584,2024-03-29,Barra de Cereal,Alimentos,1,"148,00",Pix,Matriz - Recife
2948,25-11-2024,Amendoim Torrado,Alimentos,1,"154,99",Cartão de Débito,Matriz - Recife
1144,25/05/2024,Power Bank 10000mAh,Eletrônicos,2,"171,92",Pix,Matriz - Recife
2452,08/10/2024,Mouse Sem Fio,Eletrônicos,2,"172,76",Dinheiro,Matriz - Recife
6901,04/12/2025,Camiseta Básica,VESTUÁRIO,4,"228,64",,Matriz - Recife
499,2024-03-18,Jaqueta Corta-Vento,VESTUÁRIO,1,"62,33",Pix,Matriz - Recife
6438,04-11-2025,Power Bank 10000mAh,ELETRÔNICOS,5,"178,51",Pix,Matriz - Recife
3516,2025-01-15,Cabo HDMI,Eletrônicos,4,"66,28",Pix,Matriz - Recife
4201,2025-04-05,Caneta Esferográfica,Papelaria,1,"10,21",Cartão de Crédito,Matriz - Recife
7251,2025-12-28,Barra de Cereal,Alimentos,3,"131,15",pix,Matriz - Recife
2544,2024-10-18,Amendoim Torrado,Alimentos,4,"142,60",Pix,Matriz - Recife
4510,05-05-2025,Power Bank 10000mAh,Eletrônicos,1,"180,52",Cartão de Débito,Matriz - Recife
3989,14/03/2025,Estojo Simples,PAPELARIA,2,"164,68",pix,Matriz - Recife
5956,15/09/2025,Power Bank 10000mAh,ELETRÔNICOS,1,"197,11",Cartão de Crédito,Matriz - Recife
4391,26-04-2025,Amendoim Torrado,Alimentos,2,"155,16",pix,Matriz - Recife
2970,27/11/2024,Organizador de Gaveta,Casa e Utilidades,1,"29,31",Cartão de Crédito,Matriz - Recife
302,22-02-2024,Suco de Caju 1L,Alimentos,2,"165,81",Pix,Matriz - Recife
589,30-03-2024,Kit Panelas Antiaderente,,1,"243,57",PIX,Matriz - Recife
2781,12-11-2024,Amendoim Torrado,Alimentos,2,"158,76",Pix,Matriz - Recife
2363,2024-09-29,Amendoim Torrado,Alimentos,1,"146,75",Pix,Matriz - Recife
209,2024-02-05,Escova de Limpeza,Casa e Utilidades,2,"198,94",PIX,Matriz - Recife
1698,14/07/2024,Power Bank 10000mAh,Eletrônicos,1,"194,63",pix,Matriz - Recife
5113,21/06/2025,Jaqueta Corta-Vento,Vestuário,5,"61,26",pix,Matriz - Recife
3196,14/12/2024,caixa de som portátil,Eletrônicos,2,"73,86",Cartão de Crédito,Matriz - Recife
3659,02/02/2025,Porta Sabonete,Casa e Utilidades,1,"163,97",pix,Matriz - Recife
2534,17-10-2024,Mouse Sem Fio,Eletrônicos,2,"180,17",Cartão de Débito,Matriz - Recife
3752,15/02/2025,Fone de Ouvido Bluetooth,Eletrônicos,3,"166,32",pix,Matriz - Recife
3928,2025-03-08,Boné Aba Reta,Vestuário,2,"106,71",PIX,Matriz - Recife
1848,2024-08-01,Escova de Limpeza,Casa e Utilidades,4,"215,98",Dinheiro,Matriz - Recife
2724,07-11-2024,Biscoito Recheado,Alimentos,3,"54,82",Pix,Matriz - Recife
4735,24-05-2025,Água de Coco 500ml,Alimentos,1,"64,68",Cartão de Crédito,Matriz - Recife
5487,2025-07-28,Vela Aromática,Casa e Utilidades,3,"31,44",Cartão de Débito,Matriz - Recife
4188,04/04/2025,Caneta Esferográfica,Papelaria,2,"8,89",PIX,Matriz - Recife
4384,2025-04-26,Biscoito Recheado,ALIMENTOS,5,"52,23",Dinheiro,Matriz - Recife
5015,12-06-2025,Suco de Caju 1L,ALIMENTOS,1,"166,63",Dinheiro,Matriz - Recife
4740,2025-05-25,Estojo Simples,Papelaria,1,"173,06",Cartão de Débito,Matriz - Recife
6503,08/11/2025,Marcador de Texto,Papelaria,4,"91,15",PIX,Matriz - Recife
4363,23-04-2025,Organizador de Gaveta,Casa e Utilidades,1,"30,41",Cartão de Débito,Matriz - Recife
4642,16/05/2025,Boné Aba Reta,VESTUÁRIO,2,"111,48",Cartão de Débito,Matriz - Recife
1841,31/07/2024,Cabo HDMI,Eletrônicos,1,"59,82",pix,Matriz - Recife
3763,2025-02-16,Barra de Cereal,Alimentos,4,"150,84",Cartão de Débito,Matriz - Recife
5706,20-08-2025,camiseta básica,VESTUÁRIO,1,"232,76",Pix,Matriz - Recife
1287,2024-06-07,vela aromática,Casa e Utilidades,2,"31,69",Dinheiro,Matriz - Recife
7147,22-12-2025,Biscoito Recheado,Alimentos,2,"54,59",Dinheiro,Matriz - Recife
1535,27/06/2024,Mouse Sem Fio,Eletrônicos,3,"171,44",PIX,Matriz - Recife
390,2024-03-08,Estojo Simples,Papelaria,1,"186,98",Dinheiro,Matriz - Recife
5799,30-08-2025,Porta Sabonete,Casa e Utilidades,1,"163,91",Pix,Matriz - Recife
5426,22-07-2025,Camiseta Básica,Vestuário,1,"230,04",Pix,Matriz - Recife
3826,26/02/2025,Jaqueta Corta-Vento,Vestuário,1,"65,58",pix,Matriz - Recife
7255,28-12-2025,Caderno Universitário,Papelaria,4,"194,40",Dinheiro,Matriz - Recife
1492,2024-06-24,Organizador de Gaveta,Casa e Utilidades,2,"32,36",Dinheiro,Matriz - Recife
4074,23-03-2025,Marcador de Texto,Papelaria,4,"83,73",,Matriz - Recife
4045,2025-03-20,Caneta Esferográfica,Papelaria,4,"8,92",Cartão de Débito,Matriz - Recife
421,10-03-2024,Power Bank 10000mAh,Eletrônicos,2,"172,45",Pix,Matriz - Recife
1716,15/07/2024,Chinelo de Dedo,VESTUÁRIO,3,"122,79",pix,Matriz - Recife
5634,13-08-2025,Caderno Universitário,Papelaria,1,"204,97",Dinheiro,Matriz - Recife
5183,27-06-2025,Biscoito Recheado,Alimentos,4,"59,61",pix,Matriz - Recife
2211,2024-09-13,Jaqueta Corta-Vento,Vestuário,4,"61,21",PIX,Matriz - Recife
3453,2025-01-03,Barra de Cereal,Alimentos,3,"146,55",pix,Matriz - Recife
2456,08-10-2024,Caixa de Som Portátil,ELETRÔNICOS,3,"79,28",pix,Matriz - Recife
2441,07-10-2024,Marcador de Texto,Papelaria,2,"85,19",Cartão de Crédito,Matriz - Recife
44,08/01/2024,Meia Esportiva,Vestuário,1,"14,63",Pix,Matriz - Recife
2736,08/11/2024,Porta Sabonete,CASA E UTILIDADES,5,"162,67",Dinheiro,Matriz - Recife
3849,2025-03-01,Caderno Universitário,PAPELARIA,2,"204,69",Pix,Matriz - Recife
3421,2024-12-31,Café Torrado 500g,Alimentos,3,"14,27",Pix,Matriz - Recife
4739,25-05-2025,chinelo de dedo,Vestuário,1,"126,87",PIX,Matriz - Recife
3524,16/01/2025,Estojo Simples,Papelaria,3,"186,96",Cartão de Débito,Matriz - Recife
4186,04-04-2025,Caixa de Som Portátil,Eletrônicos,3,"71,84",Cartão de Débito,Matriz - Recife
5346,16/07/2025,Mochila Escolar,Papelaria,1,"195,10",PIX,Matriz - Recife
683,2024-04-10,escova de limpeza,Casa e Utilidades,1,"214,30",pix,Matriz - Recife
5572,06/08/2025,Kit Panelas Antiaderente,Casa e Utilidades,2,"231,95",pix,Matriz - Recife
4509,2025-05-05,Kit Panelas Antiaderente,Casa e Utilidades,1,"233,58",Cartão de Débito,Matriz - Recife
4368,2025-04-24,Cabo HDMI,Eletrônicos,1,"61,61",Pix,Matriz - Recife
4998,2025-06-11,Organizador de Gaveta,Casa e Utilidades,3,"32,44",PIX,Matriz - Recife
1763,21/07/2024,Estojo Simples,Papelaria,1,"166,19",Dinheiro,Matriz - Recife
5087,2025-06-20,mochila escolar,Papelaria,4,"202,57",Pix,Matriz - Recife
2002,19/08/2024,Chinelo de Dedo,VESTUÁRIO,3,"123,39",pix,Matriz - Recife
2098,31-08-2024,Meia Esportiva,VESTUÁRIO,2,"15,87",PIX,Matriz - Recife
66,10-01-2024,amendoim torrado,ALIMENTOS,4,"158,16",Pix,Matriz - Recife
6917,05-12-2025,Biscoito Recheado,Alimentos,2,"56,21",Dinheiro,Matriz - Recife
2839,17/11/2024,Cola Bastão,Papelaria,3,"42,84",Pix,Matriz - Recife
7173,2025-12-24,Meia Esportiva,Vestuário,3,"16,22",Pix,Matriz - Recife
310,2024-02-23,Fone de Ouvido Bluetooth,Eletrônicos,4,"166,99",PIX,Matriz - Recife
6729,2025-11-23,Escova de Limpeza,CASA E UTILIDADES,1,"222,83",Dinheiro,Matriz - Recife
4376,25/04/2025,Bermuda Jeans,VESTUÁRIO,2,"29,37",PIX,Matriz - Recife
3970,12/03/2025,Mouse Sem Fio,Eletrônicos,5,"162,51",Cartão de Crédito,Matriz - Recife
2955,2024-11-26,Fone de Ouvido Bluetooth,ELETRÔNICOS,1,"160,01",Cartão de Crédito,Matriz - Recife
4240,09/04/2025,Kit Panelas Antiaderente,,1,"230,27",Cartão de Débito,Matriz - Recife
6348,2025-10-28,amendoim torrado,Alimentos,4,"162,21",Pix,Matriz - Recife
1608,2024-07-02,Amendoim Torrado,ALIMENTOS,2,"162,26",Cartão de Débito,Matriz - Recife
5160,25-06-2025,Caixa de Som Portátil,Eletrônicos,1,"73,74",Cartão de Débito,Matriz - Recife
6814,29/11/2025,Cabo HDMI,Eletrônicos,3,"66,04",Cartão de Débito,Matriz - Recife
4249,2025-04-10,Caneta Esferográfica,Papelaria,1,"9,52",Cartão de Crédito,Matriz - Recife
4320,2025-04-17,Fone de Ouvido Bluetooth,Eletrônicos,1,"169,82",pix,Matriz - Recife
1063,19-05-2024,Caderno Universitário,Papelaria,3,"189,54",Cartão de Crédito,Matriz - Recife
6897,04-12-2025,Barra de Cereal,ALIMENTOS,1,"136,64",Dinheiro,Matriz - Recife
3171,12/12/2024,Meia Esportiva,Vestuário,2,"15,84",Dinheiro,Matriz - Recife
2395,03/10/2024,Fone de Ouvido Bluetooth,Eletrônicos,1,"155,56",PIX,Matriz - Recife
6964,2025-12-09,Cola Bastão,Papelaria,1,"47,44",pix,Matriz - Recife
5472,2025-07-27,Meia Esportiva,Vestuário,2,"16,15",Cartão de Débito,Matriz - Recife
5402,20/07/2025,suco de caju 1l,Alimentos,3,"159,54",PIX,Matriz - Recife
5674,2025-08-16,kit panelas antiaderente,Casa e Utilidades,1,"246,98",pix,Matriz - Recife
387,2024-03-07,Jaqueta Corta-Vento,Vestuário,2,"62,36",PIX,Matriz - Recife
1299,08/06/2024,Vela Aromática,Casa e Utilidades,1,"31,24",Pix,Matriz - Recife
4257,11-04-2025,Jaqueta Corta-Vento,Vestuário,4,"61,92",Cartão de Crédito,Matriz - Recife
8,01-01-2024,Meia Esportiva,Vestuário,1,"15,75",PIX,Matriz - Recife
1247,04/06/2024,Suco de Caju 1L,Alimentos,1,"158,63",PIX,Matriz - Recife
448,2024-03-13,Água de Coco 500ml,Alimentos,4,"64,91",Cartão de Crédito,Matriz - Recife
4198,2025-04-05,jaqueta corta-vento,Vestuário,5,"62,87",Cartão de Crédito,Matriz - Recife
2827,16-11-2024,Caixa de Som Portátil,ELETRÔNICOS,2,"70,08",Cartão de Crédito,Matriz - Recife
4178,02/04/2025,Caneta Esferográfica,Papelaria,2,"8,95",PIX,Matriz - Recife
1279,2024-06-06,Amendoim Torrado,Alimentos,3,"148,22",Pix,Matriz - Recife
3781,19-02-2025,Jaqueta Corta-Vento,VESTUÁRIO,4,"62,73",Dinheiro,Matriz - Recife
5034,15-06-2025,Caneta Esferográfica,Papelaria,1,"9,25",PIX,Matriz - Recife
6384,2025-11-01,Jaqueta Corta-Vento,Vestuário,3,"60,56",PIX,Matriz - Recife
1737,2024-07-17,Suco de Caju 1L,Alimentos,1,"171,18",Dinheiro,Matriz - Recife
916,05/05/2024,Porta Sabonete,Casa e Utilidades,3,"161,68",Dinheiro,Matriz - Recife
5349,16/07/2025,Mouse Sem Fio,ELETRÔNICOS,1,"178,60",Pix,Matriz - Recife
3760,2025-02-16,Meia Esportiva,Vestuário,1,"14,10",Cartão de Débito,Matriz - Recife
6155,08/10/2025,boné aba reta,Vestuário,2,"109,40",PIX,Matriz - Recife
318,23-02-2024,Kit Panelas Antiaderente,Casa e Utilidades,3,"250,84",Pix,Matriz - Recife
4891,04/06/2025,Kit Panelas Antiaderente,Casa e Utilidades,2,"240,09",Dinheiro,Matriz - Recife
5892,08/09/2025,Jaqueta Corta-Vento,,5,"62,14",Cartão de Débito,Matriz - Recife
341,2024-02-27,Café Torrado 500g,Alimentos,1,"13,54",PIX,Matriz - Recife
3880,04-03-2025,Boné Aba Reta,Vestuário,1,"112,06",Dinheiro,Matriz - Recife
1163,2024-05-27,Água de Coco 500ml,Alimentos,4,"56,67",Cartão de Débito,Matriz - Recife
6561,11-11-2025,Organizador de Gaveta,Casa e Utilidades,1,"33,65",Pix,Matriz - Recife
2050,2024-08-24,Bermuda Jeans,VESTUÁRIO,1,"27,35",Cartão de Débito,Matriz - Recife
5104,2025-06-21,camiseta básica,Vestuário,2,"238,09",Cartão de Débito,Matriz - Recife
2589,23-10-2024,Mochila Escolar,Papelaria,2,"208,68",Pix,Matriz - Recife
5388,2025-07-19,caixa de som portátil,Eletrônicos,3,"70,65",pix,Matriz - Recife
464,2024-03-14,Vela Aromática,Casa e Utilidades,3,"28,70",PIX,Matriz - Recife
53,2024-01-09,Fone de Ouvido Bluetooth,Eletrônicos,1,"160,25",Pix,Matriz - Recife
609,2024-03-31,Amendoim Torrado,Alimentos,1,"147,41",Pix,Matriz - Recife
3435,02-01-2025,Bermuda Jeans,Vestuário,1,"31,14",Dinheiro,Matriz - Recife
6078,01/10/2025,Estojo Simples,Papelaria,2,"176,17",Cartão de Débito,Matriz - Recife
4465,02-05-2025,Chinelo de Dedo,VESTUÁRIO,4,"137,04",Pix,Matriz - Recife
4353,21-04-2025,Biscoito Recheado,Alimentos,-2,"56,30",Dinheiro,Matriz - Recife
2105,2024-08-31,Boné Aba Reta,Vestuário,1,"106,61",Dinheiro,Matriz - Recife
4532,2025-05-07,Bermuda Jeans,Vestuário,1,"29,29",PIX,Matriz - Recife
1965,13/08/2024,chinelo de dedo,Vestuário,1,"131,67",Cartão de Crédito,Matriz - Recife
3935,09-03-2025,Café Torrado 500g,Alimentos,1,"14,98",Cartão de Débito,Matriz - Recife
6461,05-11-2025,Água de Coco 500ml,ALIMENTOS,2,"63,32",pix,Matriz - Recife
1971,2024-08-15,Cola Bastão,Papelaria,3,"43,08",Pix,Matriz - Recife
4822,30-05-2025,Caderno Universitário,Papelaria,2,"205,71",Cartão de Crédito,Matriz - Recife
5985,2025-09-18,Porta Sabonete,,2,"143,23",Cartão de Débito,Matriz - Recife
1364,2024-06-13,Estojo Simples,Papelaria,4,"165,30",Cartão de Débito,Matriz - Recife
2434,06/10/2024,Camiseta Básica,Vestuário,2,"209,03",Cartão de Crédito,Matriz - Recife
3532,18-01-2025,Amendoim Torrado,Alimentos,-2,"149,96",Cartão de Débito,Matriz - Recife
3711,2025-02-09,Mouse Sem Fio,ELETRÔNICOS,2,"174,88",pix,Matriz - Recife
6988,11/12/2025,Kit Panelas Antiaderente,Casa e Utilidades,3,"223,75",Pix,Matriz - Recife
2766,2024-11-11,Jaqueta Corta-Vento,Vestuário,1,"56,49",pix,Matriz - Recife
4720,24/05/2025,Marcador de Texto,PAPELARIA,4,"89,28",Cartão de Débito,Matriz - Recife
2328,25-09-2024,Caixa de Som Portátil,Eletrônicos,2,"75,62",Dinheiro,Matriz - Recife
6803,28-11-2025,Café Torrado 500g,Alimentos,1,"13,35",Pix,Matriz - Recife
2608,25-10-2024,Água de Coco 500ml,Alimentos,1,"59,33",Dinheiro,Matriz - Recife
6179,10/10/2025,suco de caju 1l,Alimentos,1,"163,94",Cartão de Crédito,Matriz - Recife
5217,2025-06-29,Biscoito Recheado,Alimentos,4,"58,16",Dinheiro,Matriz - Recife
1360,12/06/2024,vela aromática,Casa e Utilidades,1,"29,94",Cartão de Débito,Matriz - Recife
4696,2025-05-22,Organizador de Gaveta,CASA E UTILIDADES,1,"32,01",Cartão de Débito,Matriz - Recife
5149,2025-06-24,Mouse Sem Fio,Eletrônicos,1,"172,38",Cartão de Crédito,Matriz - Recife
5816,31/08/2025,Caixa de Som Portátil,Eletrônicos,5,"78,60",,Matriz - Recife
2908,2024-11-21,Fone de Ouvido Bluetooth,Eletrônicos,2,"162,61",pix,Matriz - Recife
7201,25/12/2025,Cola Bastão,Papelaria,3,"49,23",Pix,Matriz - Recife
2616,26-10-2024,Escova de Limpeza,Casa e Utilidades,3,"202,03",Pix,Matriz - Recife
3337,25-12-2024,Porta Sabonete,Casa e Utilidades,3,"154,59",Dinheiro,Matriz - Recife
4639,2025-05-16,Meia Esportiva,Vestuário,1,"15,87",Cartão de Crédito,Matriz - Recife
382,05/03/2024,Kit Panelas Antiaderente,Casa e Utilidades,1,"243,97",Cartão de Crédito,Matriz - Recife
3383,2024-12-28,Caderno Universitário,Papelaria,5,"193,72",Pix,Matriz - Recife
3242,2024-12-18,Meia Esportiva,VESTUÁRIO,1,"14,96",Cartão de Débito,Matriz - Recife
6776,26/11/2025,Marcador de Texto,Papelaria,1,"93,37",Pix,Matriz - Recife
3971,12/03/2025,Estojo Simples,Papelaria,2,"181,71",Dinheiro,Matriz - Recife
307,22-02-2024,Amendoim Torrado,Alimentos,-1,"142,42",Dinheiro,Matriz - Recife
4314,17/04/2025,Porta Sabonete,Casa e Utilidades,1,"154,09",Cartão de Crédito,Matriz - Recife
2145,05-09-2024,Marcador de Texto,Papelaria,2,"91,19",pix,Matriz - Recife
3753,2025-02-15,caixa de som portátil,Eletrônicos,1,"74,44",Cartão de Crédito,Matriz - Recife
6907,05/12/2025,Mochila Escolar,Papelaria,4,"207,73",Pix,Matriz - Recife
6217,2025-10-14,Bermuda Jeans,Vestuário,2,"27,44",Cartão de Débito,Matriz - Recife
1374,2024-06-13,Caderno Universitário,Papelaria,2,"193,24",Cartão de Débito,Matriz - Recife
5442,23-07-2025,Caderno Universitário,Papelaria,3,"196,42",Pix,Matriz - Recife
5758,25/08/2025,Porta Sabonete,Casa e Utilidades,3,"146,93",Pix,Matriz - Recife
1027,14/05/2024,Biscoito Recheado,Alimentos,1,"57,01",PIX,Matriz - Recife
2726,07-11-2024,Biscoito Recheado,Alimentos,1,"56,37",Cartão de Crédito,Matriz - Recife
6380,2025-11-01,Café Torrado 500g,Alimentos,1,"13,41",Cartão de Débito,Matriz - Recife
5580,07-08-2025,Mouse Sem Fio,ELETRÔNICOS,3,"181,16",pix,Matriz - Recife
5808,2025-08-31,Caderno Universitário,Papelaria,5,"206,74",Pix,Matriz - Recife
5139,24-06-2025,Carregador USB-C,Eletrônicos,3,"14,30",pix,Matriz - Recife
3036,01/12/2024,Cola Bastão,Papelaria,4,"47,47",Cartão de Crédito,Matriz - Recife
1676,10-07-2024,Chinelo de Dedo,VESTUÁRIO,4,"121,22",Dinheiro,Matriz - Recife
3551,20/01/2025,Jaqueta Corta-Vento,Vestuário,1,"62,08",Pix,Matriz - Recife
1339,10-06-2024,Boné Aba Reta,Vestuário,1,"113,14",Cartão de Débito,Matriz - Recife
3192,14-12-2024,Boné Aba Reta,VESTUÁRIO,2,"104,79",Cartão de Débito,Matriz - Recife
4616,2025-05-14,vela aromática,CASA E UTILIDADES,1,"32,86",Cartão de Débito,Matriz - Recife
2677,02/11/2024,Jaqueta Corta-Vento,Vestuário,1,"57,62",PIX,Matriz - Recife
2207,12-09-2024,Mochila Escolar,Papelaria,-5,"210,13",Pix,Matriz - Recife
1679,11/07/2024,Estojo Simples,Papelaria,2,"176,40",Cartão de Crédito,Matriz - Recife
3416,30/12/2024,Barra de Cereal,Alimentos,1,"138,19",Cartão de Crédito,Matriz - Recife
5129,22/06/2025,Cola Bastão,Papelaria,2,"43,28",Dinheiro,Matriz - Recife
3920,08/03/2025,Boné Aba Reta,Vestuário,1,"113,07",Dinheiro,Matriz - Recife
1890,05-08-2024,Kit Panelas Antiaderente,Casa e Utilidades,1,"249,29",PIX,Matriz - Recife
1490,24/06/2024,Camiseta Básica,Vestuário,1,"221,86",pix,Matriz - Recife
3426,31/12/2024,Estojo Simples,Papelaria,1,"187,77",Cartão de Crédito,Matriz - Recife
5302,2025-07-11,Barra de Cereal,Alimentos,2,"134,47",Cartão de Crédito,Matriz - Recife
5281,06/07/2025,Estojo Simples,PAPELARIA,3,"178,28",pix,Matriz - Recife
1331,2024-06-10,Escova de Limpeza,Casa e Utilidades,5,"226,26",Pix,Matriz - Recife
1845,31/07/2024,Suco de Caju 1L,Alimentos,5,"167,60",Dinheiro,Matriz - Recife
3568,23-01-2025,cola bastão,Papelaria,1,"45,91",Pix,Matriz - Recife
1057,18/05/2024,Bermuda Jeans,VESTUÁRIO,2,"28,76",PIX,Matriz - Recife
5300,11/07/2025,Porta Sabonete,,1,"142,81",pix,Matriz - Recife
986,2024-05-11,Meia Esportiva,Vestuário,1,"16,26",Cartão de Crédito,Matriz - Recife
7007,13-12-2025,Mouse Sem Fio,Eletrônicos,1,"175,31",Cartão de Crédito,Matriz - Recife
2426,2024-10-05,Suco de Caju 1L,Alimentos,3,"154,09",Dinheiro,Matriz - Recife
4164,31-03-2025,Água de Coco 500ml,Alimentos,2,"58,15",pix,Matriz - Recife
6893,04-12-2025,Vela Aromática,Casa e Utilidades,4,"29,95",Cartão de Crédito,Matriz - Recife
2201,2024-09-11,Amendoim Torrado,Alimentos,2,"155,05",Dinheiro,Matriz - Recife
2744,08-11-2024,Cola Bastão,,1,"47,55",Dinheiro,Matriz - Recife
3183,2024-12-13,Caneta Esferográfica,Papelaria,2,"9,85",Dinheiro,Matriz - Recife
5871,2025-09-06,Caneta Esferográfica,Papelaria,1,"9,30",Cartão de Crédito,Matriz - Recife
5938,13/09/2025,Suco de Caju 1L,Alimentos,2,"163,79",Cartão de Débito,Matriz - Recife
3357,2024-12-26,Caixa de Som Portátil,Eletrônicos,3,"74,58",Cartão de Débito,Matriz - Recife
1561,29-06-2024,Café Torrado 500g,Alimentos,1,"13,96",pix,Matriz - Recife
7125,2025-12-20,Fone de Ouvido Bluetooth,Eletrônicos,2,"159,95",PIX,Matriz - Recife
4978,2025-06-09,boné aba reta,Vestuário,2,"114,80",pix,Matriz - Recife
859,30-04-2024,Caneta Esferográfica,Papelaria,2,"9,38",Cartão de Crédito,Matriz - Recife
1051,17-05-2024,Meia Esportiva,Vestuário,1,"16,17",Cartão de Crédito,Matriz - Recife
3510,2025-01-13,Porta Sabonete,CASA E UTILIDADES,1,"164,57",Dinheiro,Matriz - Recife
6077,01/10/2025,Vela Aromática,Casa e Utilidades,1,"30,14",pix,Matriz - Recife
5645,2025-08-14,Caixa de Som Portátil,ELETRÔNICOS,3,"73,42",Pix,Matriz - Recife
7284,30-12-2025,Barra de Cereal,Alimentos,2,"143,35",Cartão de Crédito,Matriz - Recife
1274,06/06/2024,Mouse Sem Fio,Eletrônicos,1,"172,87",Cartão de Débito,matriz-recife
2813,2024-11-15,Meia Esportiva,Vestuário,1,"15,84",Pix,Matriz - Recife
2389,02-10-2024,jaqueta corta-vento,Vestuário,3,"57,91",Cartão de Crédito,Matriz - Recife
4713,2025-05-23,Escova de Limpeza,Casa e Utilidades,3,"226,74",Cartão de Débito,Matriz - Recife
636,2024-04-04,Vela Aromática,CASA E UTILIDADES,2,"31,69",Cartão de Crédito,Matriz - Recife
1993,18-08-2024,Mouse Sem Fio,Eletrônicos,1,"159,35",Cartão de Crédito,Matriz - Recife
3205,15/12/2024,Carregador USB-C,Eletrônicos,2,"13,43",Dinheiro,Matriz - Recife
2057,25/08/2024,Chinelo de Dedo,Vestuário,2,"132,79",Cartão de Débito,Matriz - Recife
3815,24-02-2025,Cabo HDMI,Eletrônicos,4,"64,95",,Matriz - Recife
3430,31/12/2024,camiseta básica,Vestuário,2,"227,38",Cartão de Débito,Matriz - Recife
5097,20-06-2025,Biscoito Recheado,Alimentos,4,"52,58",Dinheiro,Matriz - Recife
4254,2025-04-11,Chinelo de Dedo,Vestuário,3,"129,08",Cartão de Débito,Matriz - Recife
319,23-02-2024,Carregador USB-C,Eletrônicos,3,"13,67",Dinheiro,Matriz - Recife
6559,11-11-2025,Meia Esportiva,Vestuário,3,"14,21",pix,Matriz - Recife
2913,22-11-2024,Porta Sabonete,Casa e Utilidades,1,"165,43",pix,Matriz - Recife
7042,2025-12-15,Kit Panelas Antiaderente,Casa e Utilidades,1,"258,29",,Matriz - Recife
7181,25/12/2025,Biscoito Recheado,Alimentos,2,"53,45",Cartão de Débito,Matriz - Recife
6905,2025-12-05,Caderno Universitário,Papelaria,4,"194,43",Cartão de Crédito,Matriz - Recife
612,01-04-2024,jaqueta corta-vento,VESTUÁRIO,1,"61,58",Dinheiro,Matriz - Recife
5891,08-09-2025,Cabo HDMI,Eletrônicos,2,"59,89",Cartão de Crédito,Matriz - Recife
5053,17/06/2025,Água de Coco 500ml,,1,"57,10",Cartão de Débito,Matriz - Recife
611,01/04/2024,Porta Sabonete,Casa e Utilidades,2,"143,84",Cartão de Débito,Matriz - Recife
3136,09-12-2024,Power Bank 10000mAh,Eletrônicos,1,"173,71",Pix,Matriz - Recife
2383,01/10/2024,Meia Esportiva,Vestuário,3,"15,59",Dinheiro,Matriz - Recife
3326,24/12/2024,Vela Aromática,Casa e Utilidades,1,"29,09",Cartão de Crédito,Matriz - Recife
850,2024-04-29,Power Bank 10000mAh,Eletrônicos,1,"193,45",PIX,Matriz - Recife
5019,13-06-2025,Mouse Sem Fio,Eletrônicos,1,"177,95",Cartão de Crédito,Matriz - Recife
5906,10/09/2025,Chinelo de Dedo,Vestuário,2,"137,40",Pix,Matriz - Recife
405,09-03-2024,Carregador USB-C,Eletrônicos,1,"13,13",Cartão de Crédito,Matriz - Recife
161,28-01-2024,Caixa de Som Portátil,Eletrônicos,4,"76,42",PIX,Matriz - Recife
1660,2024-07-09,power bank 10000mah,Eletrônicos,3,"189,23",pix,Matriz - Recife
4071,2025-03-23,mouse sem fio,Eletrônicos,1,"178,14",Pix,Matriz - Recife
7122,20/12/2025,Caderno Universitário,PAPELARIA,4,"213,51",Dinheiro,Matriz - Recife
3821,25-02-2025,Caixa de Som Portátil,Eletrônicos,2,"72,50",Dinheiro,Matriz - Recife
6000,2025-09-21,Biscoito Recheado,Alimentos,-1,"58,52",Cartão de Débito,Matriz - Recife
6452,04-11-2025,Café Torrado 500g,Alimentos,2,"14,52",Pix,Matriz - Recife
1777,2024-07-22,Fone de Ouvido Bluetooth,Eletrônicos,2,"172,01",Cartão de Débito,Matriz - Recife
1901,06-08-2024,Fone de Ouvido Bluetooth,Eletrônicos,1,"171,88",Dinheiro,Matriz - Recife
3200,2024-12-15,Café Torrado 500g,Alimentos,3,"15,47",Cartão de Crédito,Matriz - Recife
433,11/03/2024,Caixa de Som Portátil,Eletrônicos,2,"72,83",PIX,Matriz - Recife
2304,23-09-2024,Boné Aba Reta,Vestuário,5,"110,77",Pix,Matriz - Recife
6796,2025-11-27,Meia Esportiva,Vestuário,3,"15,24",Dinheiro,Matriz - Recife
109,2024-01-20,Bermuda Jeans,Vestuário,1,"27,91",PIX,Matriz - Recife
7134,22/12/2025,água de coco 500ml,ALIMENTOS,2,"61,45",Cartão de Crédito,Matriz - Recife
6335,27-10-2025,Biscoito Recheado,Alimentos,-4,"52,91",Cartão de Crédito,Matriz - Recife
385,06/03/2024,Escova de Limpeza,Casa e Utilidades,3,"222,82",Cartão de Débito,Matriz - Recife
6031,25/09/2025,Caixa de Som Portátil,Eletrônicos,2,"72,44",Cartão de Débito,Matriz - Recife
1854,01-08-2024,Camiseta Básica,Vestuário,4,"219,75",Pix,Matriz - Recife
681,2024-04-10,Caixa de Som Portátil,Eletrônicos,4,"72,23",pix,Matriz - Recife
7092,2025-12-18,Porta Sabonete,CASA E UTILIDADES,4,"163,33",Pix,Matriz - Recife
4911,05/06/2025,Biscoito Recheado,Alimentos,2,"53,03",Cartão de Débito,Matriz - Recife
5070,19-06-2025,Barra de Cereal,Alimentos,2,"146,74",Pix,Matriz - Recife
1426,19-06-2024,Carregador USB-C,ELETRÔNICOS,1,"13,25",Dinheiro,Matriz - Recife
3275,2024-12-21,Camiseta Básica,Vestuário,2,"231,56",Pix,Matriz - Recife
263,14-02-2024,Água de Coco 500ml,Alimentos,1,"63,32",Pix,Matriz - Recife
4839,31-05-2025,Meia Esportiva,,3,"14,26",pix,Matriz - Recife
274,2024-02-16,cabo hdmi,ELETRÔNICOS,2,"65,39",PIX,Matriz - Recife
6640,18-11-2025,Estojo Simples,Papelaria,3,"169,83",PIX,Matriz - Recife
3953,11-03-2025,Suco de Caju 1L,Alimentos,3,"169,73",PIX,Matriz - Recife
199,03-02-2024,Chinelo de Dedo,Vestuário,2,"127,80",Pix,Matriz - Recife
1654,2024-07-08,Barra de Cereal,Alimentos,2,"131,10",Pix,Matriz - Recife
3881,04-03-2025,Carregador USB-C,Eletrônicos,1,"14,40",PIX,matriz-recife
5233,30-06-2025,Meia Esportiva,Vestuário,1,"14,09",PIX,Matriz - Recife
1691,12/07/2024,Porta Sabonete,Casa e Utilidades,4,"154,80",,Matriz - Recife
1917,08-08-2024,Porta Sabonete,Casa e Utilidades,3,"156,27",pix,Matriz - Recife
2437,06-10-2024,Bermuda Jeans,Vestuário,2,"29,68",Pix,Matriz - Recife
2549,2024-10-18,Power Bank 10000mAh,Eletrônicos,-3,"179,03",pix,matriz-recife
3474,2025-01-06,Mouse Sem Fio,Eletrônicos,1,"179,23",PIX,Matriz - Recife
6720,23/11/2025,Vela Aromática,Casa e Utilidades,1,"32,48",Pix,Matriz - Recife
4334,2025-04-19,Chinelo de Dedo,Vestuário,1,"127,20",Pix,Matriz - Recife
5006,11-06-2025,Barra de Cereal,Alimentos,1,"129,18",Cartão de Débito,Matriz - Recife
863,30/04/2024,Suco de Caju 1L,Alimentos,1,"153,36",Cartão de Débito,Matriz - Recife
3131,09-12-2024,Caneta Esferográfica,PAPELARIA,1,"9,94",PIX,Matriz - Recife
2333,26-09-2024,Jaqueta Corta-Vento,Vestuário,4,"59,62",pix,Matriz - Recife
4079,24-03-2025,Vela Aromática,Casa e Utilidades,1,"31,21",Cartão de Crédito,Matriz - Recife
1434,2024-06-20,Caneta Esferográfica,Papelaria,1,"9,41",Pix,Matriz - Recife
4283,13-04-2025,Marcador de Texto,Papelaria,5,"83,99",Cartão de Crédito,Matriz - Recife
6295,23-10-2025,Cabo HDMI,Eletrônicos,2,"62,83",Dinheiro,Matriz - Recife
2351,28/09/2024,Escova de Limpeza,CASA E UTILIDADES,1,"212,52",Cartão de Crédito,Matriz - Recife
1295,2024-06-07,Vela Aromática,Casa e Utilidades,-3,"29,74",PIX,Matriz - Recife
6386,01/11/2025,Cola Bastão,,4,"44,31",Pix,Matriz - Recife
6690,21-11-2025,camiseta básica,Vestuário,2,"240,06",pix,Matriz - Recife
5532,2025-08-02,Meia Esportiva,Vestuário,2,"15,05",pix,Matriz - Recife
4760,26/05/2025,Carregador USB-C,Eletrônicos,1,"13,75",Pix,Matriz - Recife
1182,29/05/2024,Cabo HDMI,Eletrônicos,1,"63,34",Cartão de Crédito,Matriz - Recife
7260,29/12/2025,Vela Aromática,Casa e Utilidades,3,"32,61",pix,Matriz - Recife
7156,23-12-2025,Jogo de Toalhas,CASA E UTILIDADES,2,"95,11",Cartão de Débito,Matriz - Recife
6800,28-11-2025,mouse sem fio,Eletrônicos,5,"169,76",Cartão de Crédito,Matriz - Recife
1192,2024-05-30,fone de ouvido bluetooth,Eletrônicos,1,"150,66",Cartão de Crédito,Matriz - Recife
6868,2025-12-02,Jogo de Toalhas,Casa e Utilidades,2,"93,81",Dinheiro,Matriz - Recife
4094,2025-03-25,Caneta Esferográfica,PAPELARIA,3,"9,15",Dinheiro,Matriz - Recife
6521,09/11/2025,Caixa de Som Portátil,Eletrônicos,1,"74,64",Cartão de Débito,Matriz - Recife
5921,11-09-2025,Estojo Simples,,1,"174,64",Cartão de Débito,Matriz - Recife
2509,2024-10-14,Bermuda Jeans,Vestuário,1,"27,71",Pix,Matriz - Recife
4628,15/05/2025,Boné Aba Reta,Vestuário,1,"104,63",pix,Matriz - Recife
1920,2024-08-08,Kit Panelas Antiaderente,CASA E UTILIDADES,1,"225,31",PIX,Matriz - Recife
4450,01/05/2025,Cabo HDMI,Eletrônicos,1,"60,84",Pix,Matriz - Recife
5697,2025-08-19,Vela Aromática,Casa e Utilidades,2,"29,02",Cartão de Crédito,Matriz - Recife
5937,2025-09-13,Estojo Simples,Papelaria,1,"163,18",Cartão de Débito,Matriz - Recife
845,28/04/2024,Caixa de Som Portátil,Eletrônicos,3,"74,65",Pix,matriz-recife
5289,07-07-2025,Caixa de Som Portátil,Eletrônicos,1,"73,32",Cartão de Débito,Matriz - Recife
5196,28/06/2025,Power Bank 10000mAh,Eletrônicos,2,"179,48",PIX,Matriz - Recife
573,2024-03-27,Jaqueta Corta-Vento,Vestuário,1,"65,48",pix,Matriz - Recife
7206,25/12/2025,Mouse Sem Fio,Eletrônicos,1,"165,98",PIX,Matriz - Recife
4446,2025-05-01,Caixa de Som Portátil,Eletrônicos,4,"80,28",Dinheiro,Matriz - Recife
6610,15/11/2025,bermuda jeans,,1,"29,37",Dinheiro,Matriz - Recife
6676,20/11/2025,Organizador de Gaveta,Casa e Utilidades,2,"31,62",pix,Matriz - Recife
1793,2024-07-25,Biscoito Recheado,Alimentos,1,"60,26",Dinheiro,Matriz - Recife
6990,11-12-2025,Mochila Escolar,Papelaria,2,"212,85",Cartão de Débito,Matriz - Recife
1034,15-05-2024,Mouse Sem Fio,Eletrônicos,1,"176,62",Cartão de Crédito,Matriz - Recife
254,2024-02-13,Carregador USB-C,Eletrônicos,3,"13,66",Cartão de Crédito,Matriz - Recife
4987,10/06/2025,Vela Aromática,Casa e Utilidades,1,"31,53",Cartão de Débito,Matriz - Recife
5190,27/06/2025,escova de limpeza,Casa e Utilidades,2,"202,17",Dinheiro,Matriz - Recife
3355,26-12-2024,Biscoito Recheado,Alimentos,2,"58,47",Pix,Matriz - Recife
7017,2025-12-13,Porta Sabonete,Casa e Utilidades,1,"152,60",Cartão de Crédito,Matriz - Recife
729,17/04/2024,boné aba reta,Vestuário,3,"117,69",Dinheiro,Matriz - Recife
6050,27/09/2025,Cabo HDMI,Eletrônicos,2,"66,17",PIX,Matriz - Recife
5953,15-09-2025,Estojo Simples,PAPELARIA,-4,"188,74",Pix,Matriz - Recife
3606,2025-01-27,Escova de Limpeza,Casa e Utilidades,1,"211,87",Pix,matriz-recife
4282,12-04-2025,Biscoito Recheado,Alimentos,-4,"52,49",Cartão de Crédito,Matriz - Recife
5056,2025-06-17,Kit Panelas Antiaderente,Casa e Utilidades,2,"239,29",Dinheiro,Matriz - Recife
2907,2024-11-21,Marcador de Texto,Papelaria,1,"87,46",Cartão de Débito,Matriz - Recife
4751,2025-05-26,Jogo de Toalhas,Casa e Utilidades,1,"91,55",PIX,Matriz - Recife
4574,11-05-2025,Amendoim Torrado,ALIMENTOS,3,"155,15",Pix,Matriz - Recife
2327,2024-09-25,cabo hdmi,Eletrônicos,2,"65,84",PIX,Matriz - Recife
2953,2024-11-26,Cola Bastão,Papelaria,3,"43,38",Dinheiro,Matriz - Recife
5394,20-07-2025,Escova de Limpeza,Casa e Utilidades,2,"198,82",Dinheiro,Matriz - Recife
1302,2024-06-08,Boné Aba Reta,Vestuário,-1,"108,56",Pix,Matriz - Recife
5185,2025-06-27,Porta Sabonete,Casa e Utilidades,2,"160,42",Dinheiro,Matriz - Recife
2765,11-11-2024,Cola Bastão,Papelaria,1,"44,25",Pix,Matriz - Recife
766,2024-04-20,Água de Coco 500ml,Alimentos,1,"57,41",PIX,Matriz - Recife
2612,2024-10-26,barra de cereal,ALIMENTOS,1,"130,09",,Matriz - Recife
6525,09-11-2025,Biscoito Recheado,Alimentos,1,"60,17",Cartão de Crédito,Matriz - Recife
5740,2025-08-24,Carregador USB-C,Eletrônicos,4,"14,87",Dinheiro,Matriz - Recife
7305,31/12/2025,Caneta Esferográfica,PAPELARIA,3,"10,18",Cartão de Débito,Matriz - Recife
5361,17/07/2025,Organizador de Gaveta,Casa e Utilidades,1,"30,15",Pix,Matriz - Recife
2856,18/11/2024,Organizador de Gaveta,Casa e Utilidades,1,"33,70",Dinheiro,Matriz - Recife
687,10-04-2024,Caixa de Som Portátil,ELETRÔNICOS,1,"72,79",Pix,Matriz - Recife
3782,19/02/2025,Café Torrado 500g,Alimentos,2,"14,64",Cartão de Débito,Matriz - Recife
2427,06/10/2024,Mochila Escolar,Papelaria,2,"190,36",pix,Matriz - Recife
1417,18/06/2024,Kit Panelas Antiaderente,CASA E UTILIDADES,2,"252,49",pix,Matriz - Recife
1246,04/06/2024,organizador de gaveta,CASA E UTILIDADES,3,"31,95",Cartão de Débito,Matriz - Recife
6394,02-11-2025,Cola Bastão,Papelaria,1,"48,28",pix,Matriz - Recife
4365,2025-04-23,Café Torrado 500g,Alimentos,4,"14,08",Pix,Matriz - Recife
2288,2024-09-22,Meia Esportiva,Vestuário,1,"14,76",Pix,Matriz - Recife
1955,12/08/2024,Suco de Caju 1L,Alimentos,3,"162,58",Dinheiro,Matriz - Recife
1284,2024-06-07,Mochila Escolar,Papelaria,1,"215,49",Cartão de Débito,Matriz - Recife
5061,18/06/2025,Caneta Esferográfica,,2,"9,39",Pix,Matriz - Recife
4576,11/05/2025,Organizador de Gaveta,Casa e Utilidades,1,"30,60",pix,Matriz - Recife
1006,2024-05-12,Estojo Simples,Papelaria,3,"184,40",Cartão de Crédito,Matriz - Recife
2275,20-09-2024,Fone de Ouvido Bluetooth,Eletrônicos,1,"169,48",Dinheiro,Matriz - Recife
5403,21-07-2025,Caneta Esferográfica,Papelaria,1,"9,91",Pix,Matriz - Recife
2453,08-10-2024,Café Torrado 500g,Alimentos,1,"13,39",Pix,Matriz - Recife
1478,23-06-2024,Cola Bastão,Papelaria,2,"43,93",pix,Matriz - Recife
4935,2025-06-06,suco de caju 1l,Alimentos,2,"154,94",Dinheiro,Matriz - Recife
1022,14/05/2024,Organizador de Gaveta,Casa e Utilidades,2,"32,09",Cartão de Crédito,Matriz - Recife
60,2024-01-09,Boné Aba Reta,Vestuário,2,"104,07",Pix,Matriz - Recife
6959,2025-12-09,Caneta Esferográfica,Papelaria,1,"9,66",Dinheiro,Matriz - Recife
3886,04-03-2025,Amendoim Torrado,Alimentos,3,"159,38",pix,Matriz - Recife
6417,2025-11-03,Caixa de Som Portátil,Eletrônicos,1,"75,85",pix,Matriz - Recife
4103,2025-03-27,Escova de Limpeza,Casa e Utilidades,3,"215,82",Cartão de Débito,Matriz - Recife
2746,08-11-2024,Caderno Universitário,Papelaria,4,"210,45",pix,Matriz - Recife
6147,2025-10-07,Cabo HDMI,ELETRÔNICOS,1,"61,22",Cartão de Crédito,Matriz - Recife
6653,19/11/2025,Chinelo de Dedo,VESTUÁRIO,2,"130,59",PIX,Matriz - Recife
780,22-04-2024,Cabo HDMI,Eletrônicos,2,"61,98",pix,Matriz - Recife
7235,2025-12-27,Caixa de Som Portátil,Eletrônicos,1,"72,27",Pix,Matriz - Recife
92,2024-01-16,Jaqueta Corta-Vento,VESTUÁRIO,1,"57,74",Pix,Matriz - Recife
344,2024-02-27,Power Bank 10000mAh,ELETRÔNICOS,4,"175,54",Cartão de Crédito,Matriz - Recife
4255,2025-04-11,mouse sem fio,Eletrônicos,1,"172,50",Cartão de Débito,Matriz - Recife
1717,16/07/2024,café torrado 500g,Alimentos,2,"14,74",Pix,Matriz - Recife
268,15-02-2024,Marcador de Texto,Papelaria,1,"91,82",PIX,Matriz - Recife
749,18/04/2024,Estojo Simples,Papelaria,1,"183,37",Cartão de Débito,Matriz - Recife
414,10-03-2024,Jaqueta Corta-Vento,Vestuário,1,"57,92",Pix,Matriz - Recife
2601,2024-10-25,Organizador de Gaveta,Casa e Utilidades,4,"31,65",Cartão de Crédito,Matriz - Recife
1787,2024-07-24,Café Torrado 500g,Alimentos,2,"14,85",Dinheiro,Matriz - Recife
6213,14/10/2025,Café Torrado 500g,ALIMENTOS,2,"14,20",PIX,Matriz - Recife
1844,31/07/2024,Água de Coco 500ml,Alimentos,3,"57,03",Pix,Matriz - Recife
5076,19-06-2025,escova de limpeza,Casa e Utilidades,1,"206,38",Pix,Matriz - Recife
2841,17/11/2024,Mouse Sem Fio,Eletrônicos,2,"165,61",Cartão de Crédito,Matriz - Recife
3195,14-12-2024,Power Bank 10000mAh,Eletrônicos,1,"195,15",Dinheiro,Matriz - Recife
6244,2025-10-17,Barra de Cereal,Alimentos,1,"140,72",Cartão de Débito,Matriz - Recife
634,2024-04-04,Jogo de Toalhas,Casa e Utilidades,3,"88,69",Cartão de Crédito,Matriz - Recife
5973,17-09-2025,Jogo de Toalhas,Casa e Utilidades,2,"90,56",Dinheiro,Matriz - Recife
1618,04-07-2024,Chinelo de Dedo,Vestuário,2,"133,11",PIX,Matriz - Recife
6844,01-12-2025,Barra de Cereal,Alimentos,1,"145,75",pix,Matriz - Recife
3312,2024-12-23,Marcador de Texto,Papelaria,2,"92,29",pix,Matriz - Recife
5202,28-06-2025,Kit Panelas Antiaderente,Casa e Utilidades,1,"245,53",Cartão de Débito,Matriz - Recife
5927,12/09/2025,Barra de Cereal,Alimentos,1,"143,46",pix,Matriz - Recife
4355,22-04-2025,Meia Esportiva,Vestuário,1,"14,22",pix,Matriz - Recife
4693,2025-05-21,Caneta Esferográfica,Papelaria,1,"10,33",Dinheiro,Matriz - Recife
260,14/02/2024,Cola Bastão,Papelaria,1,"45,96",Dinheiro,Matriz - Recife
338,2024-02-26,Boné Aba Reta,Vestuário,2,"118,01",Cartão de Débito,Matriz - Recife
4311,16/04/2025,Caixa de Som Portátil,Eletrônicos,3,"74,47",Cartão de Crédito,Matriz - Recife
700,12/04/2024,Jogo de Toalhas,Casa e Utilidades,2,"95,33",Pix,Matriz - Recife
1585,2024-06-30,jaqueta corta-vento,Vestuário,3,"61,21",pix,Matriz - Recife
3547,2025-01-20,Marcador de Texto,Papelaria,1,"84,19",Pix,Matriz - Recife
6804,28/11/2025,boné aba reta,Vestuário,4,"115,44",Dinheiro,Matriz - Recife
215,2024-02-06,Power Bank 10000mAh,Eletrônicos,1,"197,31",Pix,Matriz - Recife
7004,2025-12-13,Meia Esportiva,Vestuário,1,"16,19",PIX,Matriz - Recife
501,2024-03-18,Chinelo de Dedo,Vestuário,1,"128,03",PIX,Matriz - Recife
4110,2025-03-27,Suco de Caju 1L,Alimentos,3,"164,29",pix,Matriz - Recife
2649,30-10-2024,Caderno Universitário,Papelaria,5,"219,34",PIX,Matriz - Recife
1093,21/05/2024,Estojo Simples,PAPELARIA,2,"169,83",Dinheiro,Matriz - Recife
2683,2024-11-03,Escova de Limpeza,Casa e Utilidades,1,"227,83",Dinheiro,Matriz - Recife
5037,15-06-2025,Chinelo de Dedo,VESTUÁRIO,3,"122,39",Dinheiro,Matriz - Recife
5028,14-06-2025,Água de Coco 500ml,Alimentos,1,"65,32",Cartão de Crédito,Matriz - Recife
1929,09/08/2024,Estojo Simples,Papelaria,1,"167,59",pix,Matriz - Recife
4606,13/05/2025,Power Bank 10000mAh,Eletrônicos,3,"190,24",Cartão de Débito,Matriz - Recife
2922,2024-11-23,Água de Coco 500ml,Alimentos,1,"62,79",PIX,Matriz - Recife
1736,2024-07-17,Fone de Ouvido Bluetooth,ELETRÔNICOS,2,"170,22",Pix,Matriz - Recife
2898,20-11-2024,Organizador de Gaveta,CASA E UTILIDADES,2,"29,85",Cartão de Crédito,Matriz - Recife
1643,06-07-2024,Cabo HDMI,Eletrônicos,1,"65,98",Cartão de Crédito,Matriz - Recife
5528,02-08-2025,Amendoim Torrado,Alimentos,3,"142,63",pix,Matriz - Recife
6963,09-12-2025,Caderno Universitário,Papelaria,3,"202,33",Pix,Matriz - Recife
629,2024-04-03,Carregador USB-C,ELETRÔNICOS,2,"13,68",Dinheiro,Matriz - Recife
864,01-05-2024,Jaqueta Corta-Vento,Vestuário,1,"56,21",Pix,Matriz - Recife
2982,28/11/2024,Meia Esportiva,Vestuário,3,"14,20",Cartão de Crédito,Matriz - Recife
227,10-02-2024,mouse sem fio,Eletrônicos,5,"175,47",Pix,Matriz - Recife
3539,19-01-2025,Marcador de Texto,Papelaria,2,"84,01",pix,Matriz - Recife
1842,31-07-2024,Suco de Caju 1L,Alimentos,1,"175,34",pix,Matriz - Recife
3738,2025-02-13,Organizador de Gaveta,Casa e Utilidades,4,"30,59",,Matriz - Recife
4371,2025-04-24,Jogo de Toalhas,Casa e Utilidades,5,"83,09",Cartão de Débito,Matriz - Recife
6972,11-12-2025,Jogo de Toalhas,Casa e Utilidades,3,"86,63",PIX,Matriz - Recife
1223,2024-06-01,Barra de Cereal,ALIMENTOS,2,"138,14",pix,Matriz - Recife
5535,2025-08-02,Bermuda Jeans,VESTUÁRIO,1,"28,79",Dinheiro,Matriz - Recife
3909,06-03-2025,Café Torrado 500g,Alimentos,2,"13,36",Dinheiro,Matriz - Recife
3977,13/03/2025,Estojo Simples,Papelaria,1,"174,99",Dinheiro,Matriz - Recife
4893,04/06/2025,Bermuda Jeans,Vestuário,3,"29,38",Cartão de Débito,Matriz - Recife
7164,23/12/2025,Power Bank 10000mAh,Eletrônicos,2,"180,13",Pix,Matriz - Recife
6182,11-10-2025,Amendoim Torrado,Alimentos,3,"148,12",pix,Matriz - Recife
5731,22-08-2025,Caixa de Som Portátil,Eletrônicos,1,"70,32",Dinheiro,matriz-recife
7035,2025-12-14,Power Bank 10000mAh,Eletrônicos,1,"198,24",pix,Matriz - Recife
6477,2025-11-06,Camiseta Básica,VESTUÁRIO,4,"210,20",pix,Matriz - Recife
4193,2025-04-04,Bermuda Jeans,Vestuário,1,"29,91",Pix,Matriz - Recife
460,14-03-2024,Cola Bastão,Papelaria,1,"45,78",PIX,Matriz - Recife
4533,2025-05-07,Escova de Limpeza,Casa e Utilidades,2,"221,32",Pix,Matriz - Recife
5817,2025-08-31,Cola Bastão,Papelaria,4,"44,05",Cartão de Crédito,Matriz - Recife
2946,25/11/2024,Cola Bastão,Papelaria,2,"45,65",PIX,Matriz - Recife
2658,31-10-2024,Porta Sabonete,Casa e Utilidades,2,"146,52",,Matriz - Recife
1513,2024-06-25,água de coco 500ml,Alimentos,4,"59,69",PIX,Matriz - Recife
5406,21-07-2025,Kit Panelas Antiaderente,Casa e Utilidades,2,"222,48",Dinheiro,Matriz - Recife
3295,2024-12-22,Meia Esportiva,Vestuário,4,"14,57",Cartão de Débito,Matriz - Recife
645,06/04/2024,Marcador de Texto,Papelaria,1,"89,65",Cartão de Débito,Matriz - Recife
6431,04/11/2025,Caixa de Som Portátil,Eletrônicos,1,"77,50",Cartão de Débito,Matriz - Recife
6817,2025-11-29,Organizador de Gaveta,Casa e Utilidades,1,"29,86",PIX,Matriz - Recife
7050,15/12/2025,Biscoito Recheado,Alimentos,1,"54,70",PIX,Matriz - Recife
2661,02-11-2024,Caneta Esferográfica,Papelaria,1,"9,67",PIX,Matriz - Recife
468,2024-03-15,Água de Coco 500ml,ALIMENTOS,4,"61,75",Dinheiro,Matriz - Recife
6927,06-12-2025,vela aromática,Casa e Utilidades,2,"29,53",Cartão de Crédito,Matriz - Recife
1885,05-08-2024,Power Bank 10000mAh,Eletrônicos,1,"186,75",PIX,Matriz - Recife
2227,2024-09-14,Amendoim Torrado,ALIMENTOS,2,"150,17",Dinheiro,Matriz - Recife
7021,2025-12-14,Bermuda Jeans,Vestuário,3,"30,40",Cartão de Débito,Matriz - Recife
2929,2024-11-24,Barra de Cereal,Alimentos,3,"140,63",PIX,Matriz - Recife
7261,29-12-2025,Cola Bastão,Papelaria,4,"45,88",Cartão de Débito,Matriz - Recife
6204,13-10-2025,Caderno Universitário,Papelaria,3,"189,97",Cartão de Débito,Matriz - Recife
934,07/05/2024,suco de caju 1l,Alimentos,1,"174,39",pix,Matriz - Recife
5791,2025-08-29,Caneta Esferográfica,Papelaria,1,"8,94",Pix,Matriz - Recife
6965,09/12/2025,Chinelo de Dedo,Vestuário,1,"126,13",Cartão de Crédito,Matriz - Recife
3344,26-12-2024,Boné Aba Reta,Vestuário,1,"104,38",Pix,Matriz - Recife
5128,22-06-2025,Escova de Limpeza,Casa e Utilidades,2,"216,82",pix,Matriz - Recife
5712,20-08-2025,Caderno Universitário,Papelaria,1,"204,29",Pix,Matriz - Recife
5633,13/08/2025,Porta Sabonete,Casa e Utilidades,1,"143,73",Pix,Matriz - Recife
4138,29-03-2025,Meia Esportiva,Vestuário,1,"15,21",PIX,Matriz - Recife
4502,05-05-2025,caixa de som portátil,ELETRÔNICOS,1,"80,10",Dinheiro,Matriz - Recife
4825,2025-05-30,Amendoim Torrado,Alimentos,4,"159,16",Pix,Matriz - Recife
1781,23-07-2024,Amendoim Torrado,Alimentos,1,"150,63",Cartão de Crédito,Matriz - Recife
5318,12-07-2025,Água de Coco 500ml,Alimentos,3,"58,60",PIX,Matriz - Recife
5050,17/06/2025,Jogo de Toalhas,Casa e Utilidades,1,"91,19",Cartão de Débito,Matriz - Recife
5466,2025-07-26,Porta Sabonete,Casa e Utilidades,1,"163,29",Cartão de Crédito,Matriz - Recife
4302,15/04/2025,Chinelo de Dedo,Vestuário,1,"122,21",Cartão de Crédito,Matriz - Recife
6257,2025-10-18,Mochila Escolar,PAPELARIA,4,"214,06",Cartão de Débito,Matriz - Recife
3504,11/01/2025,Boné Aba Reta,Vestuário,1,"106,06",Pix,Matriz - Recife
4733,24-05-2025,meia esportiva,Vestuário,3,"14,69",pix,Matriz - Recife
1249,04/06/2024,Boné Aba Reta,Vestuário,1,"118,87",pix,Matriz - Recife
2752,10/11/2024,Carregador USB-C,ELETRÔNICOS,5,"15,09",Pix,Matriz - Recife
2963,27/11/2024,Cola Bastão,Papelaria,1,"44,62",Pix,Matriz - Recife
4182,2025-04-03,Power Bank 10000mAh,Eletrônicos,1,"196,44",Cartão de Crédito,Matriz - Recife
6903,05/12/2025,Organizador de Gaveta,Casa e Utilidades,1,"33,31",Dinheiro,Matriz - Recife
4820,2025-05-29,Amendoim Torrado,ALIMENTOS,1,"138,67",Dinheiro,Matriz - Recife
1184,29/05/2024,Estojo Simples,,3,"186,94",Pix,Matriz - Recife
758,2024-04-19,Chinelo de Dedo,VESTUÁRIO,1,"131,60",Cartão de Débito,Matriz - Recife
5208,28/06/2025,Organizador de Gaveta,Casa e Utilidades,1,"30,31",pix,Matriz - Recife
5595,2025-08-08,Organizador de Gaveta,,2,"30,69",Cartão de Crédito,Matriz - Recife
5517,01/08/2025,Cabo HDMI,Eletrônicos,4,"62,00",PIX,Matriz - Recife
1677,10/07/2024,Mouse Sem Fio,Eletrônicos,1,"162,24",Dinheiro,Matriz - Recife
902,04-05-2024,Caderno Universitário,Papelaria,2,"188,68",Cartão de Débito,Matriz - Recife
1973,15/08/2024,Água de Coco 500ml,ALIMENTOS,1,"62,57",Pix,Matriz - Recife
4423,29-04-2025,Água de Coco 500ml,Alimentos,4,"59,84",Cartão de Crédito,Matriz - Recife
2884,2024-11-20,Jogo de Toalhas,Casa e Utilidades,2,"92,04",Pix,Matriz - Recife
5446,2025-07-24,Fone de Ouvido Bluetooth,Eletrônicos,2,"167,22",Cartão de Débito,Matriz - Recife
3608,2025-01-28,Marcador de Texto,Papelaria,4,"88,71",PIX,Matriz - Recife
3642,2025-01-31,Jogo de Toalhas,CASA E UTILIDADES,1,"91,41",pix,Matriz - Recife
3173,2024-12-12,Café Torrado 500g,Alimentos,3,"14,62",Pix,Matriz - Recife
3708,09-02-2025,escova de limpeza,Casa e Utilidades,3,"202,94",pix,Matriz - Recife
3778,18-02-2025,Estojo Simples,Papelaria,1,"165,19",Cartão de Crédito,Matriz - Recife
391,2024-03-08,Fone de Ouvido Bluetooth,ELETRÔNICOS,4,"162,04",Cartão de Crédito,Matriz - Recife
4131,29/03/2025,organizador de gaveta,Casa e Utilidades,2,"32,16",Cartão de Crédito,Matriz - Recife
3745,14-02-2025,Power Bank 10000mAh,Eletrônicos,1,"188,76",Dinheiro,Matriz - Recife
5642,13-08-2025,Organizador de Gaveta,Casa e Utilidades,1,"29,00",Cartão de Débito,Matriz - Recife
4352,21/04/2025,Meia Esportiva,Vestuário,-3,"14,61",Cartão de Crédito,Matriz - Recife
3009,29-11-2024,Bermuda Jeans,Vestuário,1,"28,24",Cartão de Crédito,Matriz - Recife
3863,02/03/2025,Estojo Simples,PAPELARIA,1,"165,62",Dinheiro,Matriz - Recife
6210,2025-10-14,Cabo HDMI,Eletrônicos,1,"60,00",Cartão de Crédito,Matriz - Recife
1581,30-06-2024,Mouse Sem Fio,Eletrônicos,1,"159,41",Pix,Matriz - Recife
852,2024-04-29,Fone de Ouvido Bluetooth,ELETRÔNICOS,2,"165,24",Cartão de Crédito,Matriz - Recife
1604,02-07-2024,Biscoito Recheado,Alimentos,1,"58,95",Pix,Matriz - Recife
1672,10-07-2024,Mochila Escolar,PAPELARIA,2,"191,37",Cartão de Débito,Matriz - Recife
37,07-01-2024,fone de ouvido bluetooth,Eletrônicos,3,"155,42",Pix,Matriz - Recife
90,2024-01-16,Biscoito Recheado,ALIMENTOS,5,"58,70",Cartão de Débito,Matriz - Recife
4227,08/04/2025,Biscoito Recheado,Alimentos,1,"56,20",Pix,Matriz - Recife
6847,2025-12-01,Caixa de Som Portátil,ELETRÔNICOS,1,"70,21",Pix,Matriz - Recife
3335,2024-12-25,Cabo HDMI,Eletrônicos,2,"66,51",PIX,Matriz - Recife
6961,09/12/2025,jogo de toalhas,Casa e Utilidades,1,"94,65",Cartão de Crédito,Matriz - Recife
5820,31-08-2025,Café Torrado 500g,Alimentos,1,"15,24",Pix,Matriz - Recife
6178,10-10-2025,Cabo HDMI,Eletrônicos,1,"59,84",Dinheiro,Matriz - Recife
4543,2025-05-08,Água de Coco 500ml,Alimentos,1,"63,50",Dinheiro,Matriz - Recife
4094,2025-03-25,Caneta Esferográfica,PAPELARIA,3,"9,15",Dinheiro,Matriz - Recife
3817,2025-02-25,Biscoito Recheado,Alimentos,1,"54,05",Cartão de Débito,Matriz - Recife
1314,2024-06-09,Meia Esportiva,Vestuário,2,"14,66",Dinheiro,Matriz - Recife
3139,10/12/2024,Amendoim Torrado,Alimentos,2,"159,45",Pix,Matriz - Recife
2162,2024-09-07,Meia Esportiva,Vestuário,1,"15,22",Pix,Matriz - Recife
3083,05-12-2024,Meia Esportiva,Vestuário,1,"16,29",PIX,Matriz - Recife
368,2024-03-02,Mouse Sem Fio,ELETRÔNICOS,1,"179,54",pix,Matriz - Recife
6456,05-11-2025,Barra de Cereal,ALIMENTOS,1,"138,71",Dinheiro,Matriz - Recife
3318,2024-12-24,vela aromática,Casa e Utilidades,1,"32,33",PIX,Matriz - Recife
168,29/01/2024,Mochila Escolar,Papelaria,4,"186,99",PIX,Matriz - Recife
3443,02/01/2025,Jaqueta Corta-Vento,Vestuário,2,"62,65",Cartão de Débito,Matriz - Recife
5848,03/09/2025,Bermuda Jeans,Vestuário,1,"31,31",Cartão de Débito,Matriz - Recife
3563,22-01-2025,Caderno Universitário,Papelaria,3,"195,94",Dinheiro,Matriz - Recife
3571,24-01-2025,Caneta Esferográfica,Papelaria,2,"9,15",Dinheiro,Matriz - Recife
5391,2025-07-20,Power Bank 10000mAh,Eletrônicos,2,"189,43",Dinheiro,Matriz - Recife
392,08/03/2024,Mochila Escolar,Papelaria,1,"210,73",PIX,Matriz - Recife
2070,27-08-2024,Caderno Universitário,PAPELARIA,1,"213,19",Cartão de Crédito,Matriz - Recife
1346,2024-06-11,jaqueta corta-vento,Vestuário,1,"63,04",Dinheiro,Matriz - Recife
1362,13/06/2024,Escova de Limpeza,Casa e Utilidades,1,"221,52",Pix,Matriz - Recife
1172,2024-05-28,mochila escolar,Papelaria,2,"210,97",Pix,Matriz - Recife
4610,14/05/2025,Meia Esportiva,Vestuário,1,"15,75",Cartão de Débito,Matriz - Recife
2168,2024-09-08,Biscoito Recheado,Alimentos,3,"56,08",PIX,Matriz - Recife
411,09-03-2024,Cabo HDMI,Eletrônicos,1,"57,37",Cartão de Crédito,Matriz - Recife
6313,25-10-2025,Caixa de Som Portátil,Eletrônicos,1,"68,89",pix,Matriz - Recife
61,2024-01-10,Amendoim Torrado,Alimentos,4,"140,27",Cartão de Débito,Matriz - Recife
5662,15-08-2025,Mouse Sem Fio,Eletrônicos,5,"160,30",PIX,Matriz - Recife
3645,31-01-2025,Power Bank 10000mAh,Eletrônicos,3,"183,68",PIX,Matriz - Recife
5328,14-07-2025,Meia Esportiva,Vestuário,1,"14,69",PIX,Matriz - Recife
3096,2024-12-07,Kit Panelas Antiaderente,Casa e Utilidades,1,"257,92",Cartão de Débito,Matriz - Recife
6447,04/11/2025,Mouse Sem Fio,Eletrônicos,1,"177,45",Pix,Matriz - Recife
1809,27/07/2024,caneta esferográfica,Papelaria,2,"9,84",Dinheiro,Matriz - Recife
7106,19/12/2025,Boné Aba Reta,Vestuário,1,"105,24",pix,Matriz - Recife
2876,2024-11-19,caixa de som portátil,Eletrônicos,2,"69,50",Pix,Matriz - Recife
153,27/01/2024,Boné Aba Reta,Vestuário,4,"106,91",pix,Matriz - Recife
289,2024-02-19,Cabo HDMI,Eletrônicos,1,"65,53",Pix,Matriz - Recife
5084,20-06-2025,Bermuda Jeans,Vestuário,2,"30,90",PIX,Matriz - Recife
5298,10-07-2025,Café Torrado 500g,Alimentos,1,"13,69",Dinheiro,Matriz - Recife
1815,2024-07-27,Café Torrado 500g,Alimentos,1,"14,86",Cartão de Débito,Matriz - Recife
2637,2024-10-29,Porta Sabonete,Casa e Utilidades,5,"145,82",PIX,Matriz - Recife
1402,2024-06-17,Jaqueta Corta-Vento,Vestuário,1,"59,84",Pix,Matriz - Recife
4377,25-04-2025,Cola Bastão,Papelaria,2,"44,88",pix,Matriz - Recife
419,2024-03-10,Escova de Limpeza,CASA E UTILIDADES,2,"215,53",pix,Matriz - Recife
6864,02-12-2025,Mouse Sem Fio,Eletrônicos,1,"162,14",Pix,Matriz - Recife
1982,16-08-2024,Barra de Cereal,Alimentos,1,"147,19",Pix,Matriz - Recife
3129,09-12-2024,barra de cereal,Alimentos,4,"132,66",pix,Matriz - Recife
4234,2025-04-09,Caneta Esferográfica,Papelaria,3,"9,72",Pix,Matriz - Recife
1032,15/05/2024,meia esportiva,,4,"16,24",Pix,Matriz - Recife
6152,08/10/2025,bermuda jeans,Vestuário,1,"29,00",PIX,Matriz - Recife
5899,09/09/2025,cola bastão,Papelaria,1,"49,10",pix,Matriz - Recife
5051,17-06-2025,Estojo Simples,Papelaria,3,"189,83",Pix,Matriz - Recife
4710,2025-05-23,Jogo de Toalhas,,1,"82,82",pix,Matriz - Recife
3729,11-02-2025,Vela Aromática,CASA E UTILIDADES,2,"28,98",Dinheiro,Matriz - Recife
6114,04-10-2025,Camiseta Básica,Vestuário,-2,"220,13",PIX,Matriz - Recife
6359,29-10-2025,barra de cereal,Alimentos,1,"131,12",Dinheiro,Matriz - Recife
4260,2025-04-11,Porta Sabonete,Casa e Utilidades,2,"154,78",Pix,Matriz - Recife
3514,2025-01-14,Estojo Simples,,1,"175,35",Cartão de Crédito,Matriz - Recife
6471,2025-11-06,estojo simples,Papelaria,1,"188,95",Cartão de Crédito,Matriz - Recife
3210,2024-12-15,Mouse Sem Fio,Eletrônicos,1,"167,03",Cartão de Crédito,Matriz - Recife
5577,2025-08-07,estojo simples,Papelaria,1,"168,16",Cartão de Crédito,Matriz - Recife
7132,20-12-2025,Escova de Limpeza,Casa e Utilidades,4,"213,20",Dinheiro,Matriz - Recife
3486,08-01-2025,Power Bank 10000mAh,Eletrônicos,1,"191,86",pix,Matriz - Recife
3975,13-03-2025,Caixa de Som Portátil,Eletrônicos,2,"71,08",Dinheiro,Matriz - Recife
3168,12/12/2024,Cola Bastão,Papelaria,5,"49,27",Dinheiro,Matriz - Recife
1615,2024-07-04,meia esportiva,Vestuário,1,"14,03",pix,Matriz - Recife
6475,06/11/2025,Marcador de Texto,Papelaria,1,"90,93",Cartão de Crédito,Matriz - Recife
4058,22/03/2025,Biscoito Recheado,ALIMENTOS,2,"58,74",Dinheiro,Matriz - Recife
3518,15/01/2025,estojo simples,Papelaria,2,"167,39",Cartão de Crédito,Matriz - Recife
459,2024-03-14,Amendoim Torrado,Alimentos,2,"149,99",pix,Matriz - Recife
3672,04/02/2025,Cola Bastão,PAPELARIA,2,"46,62",Pix,Matriz - Recife
714,14-04-2024,Escova de Limpeza,Casa e Utilidades,1,"213,47",pix,Matriz - Recife
1543,2024-06-27,Caixa de Som Portátil,Eletrônicos,1,"69,56",Dinheiro,Matriz - Recife
2315,24-09-2024,Jaqueta Corta-Vento,Vestuário,2,"57,41",Cartão de Crédito,Matriz - Recife
2657,2024-10-31,Caneta Esferográfica,Papelaria,1,"9,14",Pix,Matriz - Recife
6356,29-10-2025,camiseta básica,Vestuário,-2,"231,13",Dinheiro,Matriz - Recife
5691,18-08-2025,Caderno Universitário,Papelaria,1,"208,63",Cartão de Crédito,Matriz - Recife
5456,2025-07-25,Escova de Limpeza,Casa e Utilidades,1,"198,57",Dinheiro,Matriz - Recife
6694,21/11/2025,Caixa de Som Portátil,Eletrônicos,3,"72,11",Cartão de Débito,Matriz - Recife
2208,12/09/2024,Power Bank 10000mAh,Eletrônicos,5,"190,85",Cartão de Débito,Matriz - Recife
4372,24/04/2025,Meia Esportiva,Vestuário,3,"14,27",Dinheiro,Matriz - Recife
6886,03/12/2025,Jogo de Toalhas,Casa e Utilidades,2,"94,29",Cartão de Débito,Matriz - Recife
1838,30-07-2024,camiseta básica,Vestuário,4,"232,75",Cartão de Débito,Matriz - Recife
4621,15/05/2025,Suco de Caju 1L,Alimentos,3,"177,16",Dinheiro,Matriz - Recife
4970,09/06/2025,Organizador de Gaveta,Casa e Utilidades,1,"33,12",PIX,Matriz - Recife
6263,19-10-2025,Organizador de Gaveta,CASA E UTILIDADES,3,"30,92",Dinheiro,Matriz - Recife
3657,02/02/2025,Fone de Ouvido Bluetooth,Eletrônicos,1,"163,48",pix,Matriz - Recife
5382,19/07/2025,Barra de Cereal,Alimentos,4,"139,93",Cartão de Débito,Matriz - Recife
2254,18/09/2024,Marcador de Texto,Papelaria,1,"92,67",PIX,Matriz - Recife
1682,2024-07-11,Escova de Limpeza,CASA E UTILIDADES,3,"219,91",Pix,Matriz - Recife
1149,25/05/2024,Marcador de Texto,Papelaria,4,"94,56",PIX,Matriz - Recife
5199,28-06-2025,Cabo HDMI,Eletrônicos,1,"66,73",Pix,Matriz - Recife
4530,2025-05-07,Fone de Ouvido Bluetooth,ELETRÔNICOS,1,"153,30",pix,Matriz - Recife
6076,01/10/2025,Escova de Limpeza,Casa e Utilidades,3,"203,67",Dinheiro,Matriz - Recife
2234,2024-09-15,Caneta Esferográfica,PAPELARIA,2,"9,12",Pix,Matriz - Recife
5320,13/07/2025,amendoim torrado,ALIMENTOS,2,"141,44",pix,Matriz - Recife
657,2024-04-08,Kit Panelas Antiaderente,Casa e Utilidades,1,"235,64",Cartão de Débito,Matriz - Recife
6797,2025-11-28,Água de Coco 500ml,Alimentos,2,"65,16",Cartão de Débito,Matriz - Recife
2588,2024-10-23,Chinelo de Dedo,VESTUÁRIO,2,"123,54",Cartão de Crédito,Matriz - Recife
2956,2024-11-26,Vela Aromática,Casa e Utilidades,1,"31,52",Pix,Matriz - Recife
6191,12/10/2025,Amendoim Torrado,ALIMENTOS,2,"142,93",pix,Matriz - Recife
2125,03-09-2024,Camiseta Básica,Vestuário,1,"233,90",Pix,Matriz - Recife
6700,22/11/2025,Chinelo de Dedo,Vestuário,1,"121,74",Cartão de Crédito,Matriz - Recife
2153,2024-09-05,Power Bank 10000mAh,Eletrônicos,4,"198,86",Cartão de Débito,Matriz - Recife
559,2024-03-25,Mochila Escolar,PAPELARIA,3,"204,87",PIX,Matriz - Recife
1516,26-06-2024,Mouse Sem Fio,Eletrônicos,2,"178,79",Pix,Matriz - Recife
298,2024-02-21,Barra de Cereal,Alimentos,1,"147,81",Pix,Matriz - Recife
3963,12/03/2025,Chinelo de Dedo,VESTUÁRIO,1,"133,35",Cartão de Débito,Matriz - Recife
5437,23/07/2025,Suco de Caju 1L,Alimentos,5,"160,63",Cartão de Débito,Matriz - Recife
3844,01/03/2025,Mochila Escolar,Papelaria,4,"194,93",Cartão de Crédito,Matriz - Recife
5730,2025-08-22,Mochila Escolar,Papelaria,1,"198,07",Cartão de Débito,Matriz - Recife
46,08-01-2024,Power Bank 10000mAh,ELETRÔNICOS,1,"175,09",Cartão de Crédito,Matriz - Recife
5140,24-06-2025,Cola Bastão,Papelaria,2,"48,20",Cartão de Crédito,Matriz - Recife
3910,06/03/2025,Cola Bastão,Papelaria,2,"43,14",Dinheiro,Matriz - Recife
7167,23-12-2025,Caixa de Som Portátil,ELETRÔNICOS,3,"80,45",PIX,Matriz - Recife
3025,01/12/2024,Mouse Sem Fio,ELETRÔNICOS,5,"158,87",Cartão de Crédito,Matriz - Recife
6601,14-11-2025,Cola Bastão,Papelaria,1,"45,65",Dinheiro,Matriz - Recife
2404,03/10/2024,Mouse Sem Fio,ELETRÔNICOS,1,"173,55",PIX,Matriz - Recife
7133,2025-12-21,Água de Coco 500ml,Alimentos,1,"59,20",Cartão de Crédito,Matriz - Recife
6357,29/10/2025,Amendoim Torrado,Alimentos,1,"148,95",PIX,Matriz - Recife
4852,2025-05-31,Kit Panelas Antiaderente,Casa e Utilidades,1,"220,97",Dinheiro,Matriz - Recife
6406,2025-11-02,Organizador de Gaveta,CASA E UTILIDADES,1,"33,61",Pix,Matriz - Recife
3612,28/01/2025,Escova de Limpeza,Casa e Utilidades,1,"224,00",Cartão de Crédito,Matriz - Recife
495,18-03-2024,Fone de Ouvido Bluetooth,Eletrônicos,1,"163,40",Dinheiro,Matriz - Recife
517,2024-03-20,Camiseta Básica,Vestuário,1,"220,78",Pix,Matriz - Recife
6029,25/09/2025,Caneta Esferográfica,Papelaria,-5,"9,78",pix,Matriz - Recife
4514,05-05-2025,Escova de Limpeza,Casa e Utilidades,1,"203,08",Pix,Matriz - Recife
2748,08/11/2024,Kit Panelas Antiaderente,Casa e Utilidades,1,"225,53",pix,Matriz - Recife
4977,09/06/2025,Cola Bastão,Papelaria,1,"45,15",Pix,Matriz - Recife
1868,03-08-2024,Jaqueta Corta-Vento,Vestuário,1,"56,17",Cartão de Débito,matriz-recife
3974,2025-03-12,Fone de Ouvido Bluetooth,Eletrônicos,2,"170,01",Cartão de Crédito,Matriz - Recife
1161,27/05/2024,Barra de Cereal,ALIMENTOS,1,"139,21",pix,Matriz - Recife
64,10-01-2024,Escova de Limpeza,Casa e Utilidades,5,"230,12",pix,Matriz - Recife
6158,2025-10-08,Meia Esportiva,VESTUÁRIO,3,"14,40",Dinheiro,Matriz - Recife
977,2024-05-11,Bermuda Jeans,Vestuário,2,"30,57",Dinheiro,Matriz - Recife
1135,2024-05-24,Cabo HDMI,Eletrônicos,3,"60,80",Pix,Matriz - Recife
3382,28-12-2024,Vela Aromática,CASA E UTILIDADES,1,"29,58",Pix,Matriz - Recife
1799,26/07/2024,Suco de Caju 1L,Alimentos,2,"156,60",Dinheiro,Matriz - Recife
2966,2024-11-27,Suco de Caju 1L,Alimentos,1,"172,13",Pix,Matriz - Recife
3822,2025-02-25,Cola Bastão,Papelaria,5,"46,15",pix,Matriz - Recife
3954,11-03-2025,Jogo de Toalhas,Casa e Utilidades,1,"88,49",Cartão de Débito,Matriz - Recife
6569,12-11-2025,Organizador de Gaveta,Casa e Utilidades,2,"33,28",Cartão de Débito,Matriz - Recife
5704,20-08-2025,Jogo de Toalhas,CASA E UTILIDADES,1,"84,61",Cartão de Débito,Matriz - Recife
4896,04/06/2025,Mochila Escolar,PAPELARIA,2,"202,60",Cartão de Débito,Matriz - Recife
6094,02/10/2025,Biscoito Recheado,Alimentos,-2,"57,74",Cartão de Crédito,Matriz - Recife
6140,2025-10-06,Jogo de Toalhas,Casa e Utilidades,5,"91,06",PIX,Matriz - Recife
6910,2025-12-05,Bermuda Jeans,Vestuário,1,"28,23",PIX,Matriz - Recife
2869,19-11-2024,meia esportiva,Vestuário,1,"14,43",Cartão de Crédito,Matriz - Recife
3633,31/01/2025,Biscoito Recheado,Alimentos,1,"56,80",PIX,Matriz - Recife
5911,10-09-2025,Chinelo de Dedo,Vestuário,2,"135,47",PIX,Matriz - Recife
735,17/04/2024,Café Torrado 500g,Alimentos,1,"15,27",pix,Matriz - Recife
7015,13/12/2025,Meia Esportiva,VESTUÁRIO,1,"15,67",Dinheiro,Matriz - Recife
6582,2025-11-13,Caneta Esferográfica,Papelaria,2,"9,95",Cartão de Crédito,Matriz - Recife
6494,07/11/2025,Mouse Sem Fio,ELETRÔNICOS,1,"176,68",Cartão de Crédito,Matriz - Recife
1275,06/06/2024,Camiseta Básica,Vestuário,1,"241,24",Dinheiro,Matriz - Recife
5161,25/06/2025,Barra de Cereal,Alimentos,2,"140,09",Cartão de Débito,Matriz - Recife
2138,04-09-2024,Meia Esportiva,Vestuário,1,"14,81",pix,Matriz - Recife
5428,22-07-2025,Power Bank 10000mAh,Eletrônicos,2,"199,48",Cartão de Débito,Matriz - Recife
3741,13/02/2025,Mouse Sem Fio,Eletrônicos,2,"165,28",Dinheiro,Matriz - Recife
4679,19-05-2025,Estojo Simples,Papelaria,1,"163,10",PIX,Matriz - Recife
6427,04/11/2025,Porta Sabonete,CASA E UTILIDADES,1,"163,05",Pix,Matriz - Recife
2464,09/10/2024,Água de Coco 500ml,Alimentos,3,"59,84",Pix,Matriz - Recife
3495,09/01/2025,Caderno Universitário,Papelaria,2,"206,32",Pix,Matriz - Recife
3583,25-01-2025,Marcador de Texto,Papelaria,1,"91,97",PIX,Matriz - Recife
4274,2025-04-12,chinelo de dedo,,1,"123,09",PIX,Matriz - Recife
1924,2024-08-08,Camiseta Básica,VESTUÁRIO,2,"214,36",Dinheiro,Matriz - Recife
7214,2025-12-26,Caixa de Som Portátil,Eletrônicos,2,"74,63",Dinheiro,Matriz - Recife
1992,2024-08-17,caderno universitário,Papelaria,3,"202,33",Cartão de Crédito,Matriz - Recife
3570,2025-01-23,cabo hdmi,Eletrônicos,5,"63,60",Cartão de Crédito,Matriz - Recife
4791,28/05/2025,Amendoim Torrado,Alimentos,2,"139,01",PIX,Matriz - Recife
4767,27-05-2025,Cola Bastão,Papelaria,-2,"42,97",pix,Matriz - Recife
5980,17/09/2025,Caixa de Som Portátil,Eletrônicos,3,"71,35",pix,Matriz - Recife
5680,2025-08-17,Caderno Universitário,Papelaria,5,"208,16",Cartão de Débito,Matriz - Recife
5176,26/06/2025,Caneta Esferográfica,Papelaria,1,"9,98",Cartão de Débito,Matriz - Recife
3666,03/02/2025,Camiseta Básica,Vestuário,2,"226,74",Dinheiro,Matriz - Recife
6598,14/11/2025,Organizador de Gaveta,Casa e Utilidades,2,"33,63",Cartão de Crédito,Matriz - Recife
4420,29/04/2025,Meia Esportiva,Vestuário,3,"15,80",PIX,Matriz - Recife
4061,22-03-2025,Marcador de Texto,Papelaria,5,"83,99",PIX,Matriz - Recife
5064,2025-06-18,Porta Sabonete,Casa e Utilidades,1,"164,38",Cartão de Débito,matriz-recife
2811,2024-11-15,Marcador de Texto,,2,"86,04",Cartão de Crédito,Matriz - Recife
5440,2025-07-23,Caderno Universitário,Papelaria,1,"190,70",pix,Matriz - Recife
2669,2024-11-02,Cola Bastão,Papelaria,5,"43,09",Cartão de Crédito,Matriz - Recife
1962,13/08/2024,Caderno Universitário,Papelaria,2,"193,92",Pix,matriz-recife
5581,2025-08-07,Kit Panelas Antiaderente,Casa e Utilidades,2,"255,11",PIX,Matriz - Recife
2988,2024-11-28,Jogo de Toalhas,Casa e Utilidades,1,"90,12",Cartão de Débito,Matriz - Recife
2625,2024-10-27,Estojo Simples,Papelaria,2,"171,09",Cartão de Crédito,Matriz - Recife
3882,04-03-2025,Caixa de Som Portátil,Eletrônicos,3,"73,84",Cartão de Crédito,Matriz - Recife
4203,2025-04-05,Camiseta Básica,Vestuário,1,"230,36",PIX,Matriz - Recife
6434,04-11-2025,Mochila Escolar,Papelaria,2,"203,84",PIX,Matriz - Recife
7055,16/12/2025,Amendoim Torrado,Alimentos,1,"149,64",Dinheiro,Matriz - Recife
4643,16-05-2025,Amendoim Torrado,ALIMENTOS,1,"151,22",Cartão de Crédito,Matriz - Recife
2573,22/10/2024,Caixa de Som Portátil,Eletrônicos,1,"75,27",pix,Matriz - Recife
4025,18/03/2025,Mochila Escolar,Papelaria,1,"187,89",PIX,Matriz - Recife
1409,18-06-2024,Caixa de Som Portátil,Eletrônicos,1,"71,71",Pix,Matriz - Recife
2027,22/08/2024,Vela Aromática,Casa e Utilidades,2,"32,49",Dinheiro,Matriz - Recife
3253,19/12/2024,Caderno Universitário,Papelaria,1,"206,32",pix,Matriz - Recife
6266,20/10/2025,Cabo HDMI,Eletrônicos,1,"60,27",Cartão de Crédito,Matriz - Recife
6638,18-11-2025,Kit Panelas Antiaderente,Casa e Utilidades,2,"238,16",Cartão de Crédito,Matriz - Recife
3520,15/01/2025,Carregador USB-C,Eletrônicos,4,"14,35",PIX,Matriz - Recife
1469,22/06/2024,Vela Aromática,Casa e Utilidades,1,"32,05",pix,Matriz - Recife
2166,2024-09-07,Suco de Caju 1L,Alimentos,4,"167,71",,Matriz - Recife
518,21/03/2024,Meia Esportiva,Vestuário,3,"15,53",Cartão de Débito,Matriz - Recife
4143,30-03-2025,Suco de Caju 1L,Alimentos,1,"173,82",Pix,Matriz - Recife
2791,13/11/2024,Fone de Ouvido Bluetooth,ELETRÔNICOS,4,"163,38",Cartão de Crédito,Matriz - Recife
334,26/02/2024,Escova de Limpeza,Casa e Utilidades,1,"222,77",Cartão de Débito,Matriz - Recife
2204,12/09/2024,Suco de Caju 1L,Alimentos,1,"177,29",PIX,Matriz - Recife
1664,2024-07-09,kit panelas antiaderente,Casa e Utilidades,2,"254,64",Dinheiro,Matriz - Recife
5476,27/07/2025,Fone de Ouvido Bluetooth,ELETRÔNICOS,2,"154,45",pix,Matriz - Recife
1807,26-07-2024,Caneta Esferográfica,Papelaria,3,"10,24",Cartão de Crédito,Matriz - Recife
933,07-05-2024,Jaqueta Corta-Vento,VESTUÁRIO,2,"58,30",Dinheiro,Matriz - Recife
6151,2025-10-08,Chinelo de Dedo,Vestuário,1,"136,46",Dinheiro,Matriz - Recife
5329,14/07/2025,Kit Panelas Antiaderente,Casa e Utilidades,4,"224,29",Dinheiro,Matriz - Recife
6160,2025-10-09,fone de ouvido bluetooth,Eletrônicos,2,"162,46",pix,Matriz - Recife
520,2024-03-21,Camiseta Básica,Vestuário,1,"224,69",PIX,Matriz - Recife
1035,15/05/2024,Porta Sabonete,Casa e Utilidades,5,"159,40",PIX,Matriz - Recife
9,02-01-2024,Jogo de Toalhas,Casa e Utilidades,-1,"93,22",Pix,Matriz - Recife
875,01/05/2024,Cabo HDMI,ELETRÔNICOS,2,"61,55",Pix,Matriz - Recife
439,11-03-2024,Vela Aromática,Casa e Utilidades,2,"30,99",Pix,Matriz - Recife
927,06-05-2024,Água de Coco 500ml,Alimentos,1,"56,71",PIX,Matriz - Recife
2814,15-11-2024,Porta Sabonete,Casa e Utilidades,4,"164,98",Cartão de Débito,Matriz - Recife
6935,2025-12-06,Porta Sabonete,Casa e Utilidades,2,"165,10",Cartão de Crédito,Matriz - Recife
4585,2025-05-11,Boné Aba Reta,VESTUÁRIO,-2,"108,31",pix,Matriz - Recife
2071,27/08/2024,Carregador USB-C,Eletrônicos,1,"13,54",Cartão de Débito,Matriz - Recife
2598,24/10/2024,Escova de Limpeza,Casa e Utilidades,2,"229,98",pix,Matriz - Recife
3392,29/12/2024,Porta Sabonete,Casa e Utilidades,2,"141,95",Cartão de Crédito,Matriz - Recife
5441,2025-07-23,Água de Coco 500ml,Alimentos,1,"59,90",pix,Matriz - Recife
6524,09/11/2025,Fone de Ouvido Bluetooth,Eletrônicos,2,"149,92",pix,Matriz - Recife
1497,2024-06-24,Escova de Limpeza,Casa e Utilidades,1,"213,00",Cartão de Crédito,Matriz - Recife
2086,2024-08-30,Vela Aromática,Casa e Utilidades,4,"32,15",Cartão de Débito,Matriz - Recife
3676,04/02/2025,Jogo de Toalhas,Casa e Utilidades,1,"91,89",pix,Matriz - Recife
563,26-03-2024,Escova de Limpeza,Casa e Utilidades,1,"222,96",Pix,Matriz - Recife
5138,23-06-2025,Kit Panelas Antiaderente,Casa e Utilidades,1,"240,67",Cartão de Débito,Matriz - Recife
2301,2024-09-23,Caneta Esferográfica,Papelaria,4,"8,91",Dinheiro,Matriz - Recife
1227,02/06/2024,Estojo Simples,Papelaria,2,"165,60",PIX,Matriz - Recife
5261,2025-07-04,Chinelo de Dedo,VESTUÁRIO,2,"130,33",Cartão de Crédito,Matriz - Recife
7172,24/12/2025,Organizador de Gaveta,Casa e Utilidades,2,"31,57",Cartão de Débito,Matriz - Recife
3823,25/02/2025,Power Bank 10000mAh,Eletrônicos,1,"195,07",PIX,Matriz - Recife
6975,2025-12-11,Vela Aromática,Casa e Utilidades,1,"29,35",Cartão de Crédito,Matriz - Recife
6820,30/11/2025,Suco de Caju 1L,Alimentos,1,"174,57",Cartão de Débito,Matriz - Recife
1902,06-08-2024,Caderno Universitário,Papelaria,1,"189,34",Dinheiro,Matriz - Recife
650,07-04-2024,Caixa de Som Portátil,Eletrônicos,1,"73,55",Cartão de Débito,Matriz - Recife
4553,09/05/2025,Vela Aromática,Casa e Utilidades,-1,"29,60",,Matriz - Recife
5260,2025-07-04,Caderno Universitário,Papelaria,1,"200,55",Pix,Matriz - Recife
588,30/03/2024,Caderno Universitário,Papelaria,1,"190,18",Dinheiro,Matriz - Recife
4443,01-05-2025,mouse sem fio,ELETRÔNICOS,2,"167,19",PIX,Matriz - Recife
6143,07/10/2025,Cabo HDMI,Eletrônicos,1,"57,35",Cartão de Débito,Matriz - Recife
389,07/03/2024,Boné Aba Reta,Vestuário,1,"106,88",Cartão de Crédito,Matriz - Recife
4362,2025-04-23,Boné Aba Reta,,1,"115,12",pix,Matriz - Recife
6479,06/11/2025,Água de Coco 500ml,Alimentos,3,"62,86",PIX,Matriz - Recife
2044,23/08/2024,camiseta básica,VESTUÁRIO,1,"226,86",Pix,Matriz - Recife
815,25-04-2024,Biscoito Recheado,Alimentos,1,"52,32",Cartão de Débito,Matriz - Recife
708,13-04-2024,Cabo HDMI,ELETRÔNICOS,2,"61,46",Cartão de Crédito,Matriz - Recife
6634,18/11/2025,Jogo de Toalhas,Casa e Utilidades,2,"89,31",pix,Matriz - Recife
2179,09/09/2024,kit panelas antiaderente,Casa e Utilidades,2,"246,85",Cartão de Débito,Matriz - Recife
6391,2025-11-02,Amendoim Torrado,ALIMENTOS,4,"153,62",Cartão de Débito,Matriz - Recife
5644,2025-08-14,Fone de Ouvido Bluetooth,Eletrônicos,2,"164,17",Dinheiro,Matriz - Recife
299,2024-02-21,camiseta básica,Vestuário,2,"228,60",Cartão de Débito,Matriz - Recife
2810,15-11-2024,Chinelo de Dedo,VESTUÁRIO,2,"120,81",pix,Matriz - Recife
7024,2025-12-14,Caixa de Som Portátil,Eletrônicos,1,"78,40",Dinheiro,Matriz - Recife
2106,01/09/2024,Caixa de Som Portátil,,2,"72,36",Pix,Matriz - Recife
1269,05/06/2024,Jogo de Toalhas,Casa e Utilidades,1,"82,62",Pix,Matriz - Recife
1981,2024-08-15,Boné Aba Reta,Vestuário,1,"113,63",Cartão de Débito,Matriz - Recife
2445,2024-10-07,Café Torrado 500g,Alimentos,2,"14,51",Dinheiro,Matriz - Recife
1130,24-05-2024,Caixa de Som Portátil,Eletrônicos,4,"77,52",Dinheiro,Matriz - Recife
6462,05/11/2025,Vela Aromática,Casa e Utilidades,4,"30,48",Cartão de Débito,Matriz - Recife
261,14/02/2024,Café Torrado 500g,Alimentos,3,"14,35",PIX,Matriz - Recife
6439,2025-11-04,meia esportiva,Vestuário,5,"14,25",Pix,Matriz - Recife
5684,2025-08-18,Mouse Sem Fio,Eletrônicos,3,"177,52",Cartão de Débito,Matriz - Recife
6197,2025-10-13,Carregador USB-C,Eletrônicos,3,"13,22",Pix,Matriz - Recife
376,04-03-2024,Cola Bastão,Papelaria,3,"43,59",Dinheiro,Matriz - Recife
6736,2025-11-23,Jaqueta Corta-Vento,Vestuário,3,"56,22",Cartão de Débito,Matriz - Recife
6523,2025-11-09,mouse sem fio,Eletrônicos,1,"159,05",Dinheiro,Matriz - Recife
1259,05/06/2024,porta sabonete,Casa e Utilidades,1,"161,34",Pix,Matriz - Recife
5664,15/08/2025,Mouse Sem Fio,Eletrônicos,3,"163,21",pix,Matriz - Recife
4010,16/03/2025,Escova de Limpeza,Casa e Utilidades,1,"214,49",Cartão de Débito,Matriz - Recife
6107,04-10-2025,Amendoim Torrado,Alimentos,1,"151,36",,Matriz - Recife
4452,02/05/2025,Camiseta Básica,VESTUÁRIO,2,"213,05",,Matriz - Recife
7124,2025-12-20,Barra de Cereal,Alimentos,2,"147,67",Cartão de Débito,Matriz - Recife
6865,02-12-2025,Vela Aromática,Casa e Utilidades,1,"30,63",Cartão de Débito,Matriz - Recife
4039,2025-03-19,jaqueta corta-vento,Vestuário,1,"58,67",Cartão de Crédito,Matriz - Recife
6253,18/10/2025,Power Bank 10000mAh,Eletrônicos,1,"193,39",Cartão de Débito,Matriz - Recife
2007,19-08-2024,Mochila Escolar,Papelaria,3,"215,12",Cartão de Crédito,Matriz - Recife
6698,21-11-2025,Café Torrado 500g,Alimentos,1,"15,43",Dinheiro,Matriz - Recife
816,25-04-2024,Barra de Cereal,Alimentos,1,"136,24",Dinheiro,Matriz - Recife
7065,16-12-2025,Cola Bastão,,3,"43,03",PIX,Matriz - Recife
3771,18-02-2025,chinelo de dedo,Vestuário,2,"127,49",Pix,Matriz - Recife
5529,02/08/2025,Boné Aba Reta,Vestuário,-2,"114,63",pix,Matriz - Recife
5112,2025-06-21,Chinelo de Dedo,,3,"124,05",Dinheiro,Matriz - Recife
4251,10/04/2025,Barra de Cereal,Alimentos,1,"130,22",pix,Matriz - Recife
2051,24-08-2024,Caneta Esferográfica,Papelaria,2,"8,95",Cartão de Débito,Matriz - Recife
1062,19-05-2024,Mochila Escolar,Papelaria,1,"208,78",PIX,Matriz - Recife
979,11/05/2024,Boné Aba Reta,Vestuário,1,"117,36",Cartão de Crédito,Matriz - Recife
4942,07-06-2025,Power Bank 10000mAh,Eletrônicos,1,"183,72",PIX,Matriz - Recife
3506,12/01/2025,Chinelo de Dedo,Vestuário,3,"132,83",Cartão de Crédito,Matriz - Recife
1773,22/07/2024,Bermuda Jeans,Vestuário,3,"31,27",Dinheiro,Matriz - Recife
4535,2025-05-07,Água de Coco 500ml,ALIMENTOS,1,"60,95",Dinheiro,Matriz - Recife
625,03/04/2024,Bermuda Jeans,Vestuário,2,"31,36",pix,Matriz - Recife
2582,2024-10-23,Marcador de Texto,Papelaria,2,"96,09",Cartão de Débito,Matriz - Recife
3283,2024-12-21,Fone de Ouvido Bluetooth,Eletrônicos,3,"157,85",pix,Matriz - Recife
412,10/03/2024,Fone de Ouvido Bluetooth,Eletrônicos,4,"155,16",Cartão de Crédito,Matriz - Recife
1424,19/06/2024,Meia Esportiva,Vestuário,1,"15,54",Cartão de Débito,Matriz - Recife
5967,2025-09-16,Suco de Caju 1L,ALIMENTOS,4,"162,78",pix,Matriz - Recife
287,19/02/2024,Carregador USB-C,Eletrônicos,1,"13,04",PIX,Matriz - Recife
6350,2025-10-28,Biscoito Recheado,ALIMENTOS,3,"56,15",pix,Matriz - Recife
5079,19-06-2025,Cabo HDMI,ELETRÔNICOS,2,"64,29",Dinheiro,Matriz - Recife
6672,20/11/2025,Escova de Limpeza,Casa e Utilidades,3,"207,31",Dinheiro,Matriz - Recife
1861,02/08/2024,Jogo de Toalhas,Casa e Utilidades,3,"96,17",Pix,Matriz - Recife
2062,26-08-2024,Jogo de Toalhas,Casa e Utilidades,1,"89,04",PIX,Matriz - Recife
997,2024-05-12,Camiseta Básica,Vestuário,4,"226,96",PIX,Matriz - Recife
2019,2024-08-20,Caderno Universitário,Papelaria,2,"210,46",Cartão de Débito,Matriz - Recife
6297,23/10/2025,Amendoim Torrado,Alimentos,1,"146,77",Cartão de Crédito,Matriz - Recife
7020,14-12-2025,Boné Aba Reta,Vestuário,3,"115,70",PIX,Matriz - Recife
1015,13/05/2024,Biscoito Recheado,Alimentos,1,"55,38",Dinheiro,Matriz - Recife
4343,20-04-2025,suco de caju 1l,Alimentos,1,"159,60",Pix,Matriz - Recife
5488,28/07/2025,amendoim torrado,Alimentos,2,"157,97",pix,Matriz - Recife
942,08/05/2024,Suco de Caju 1L,Alimentos,1,"154,20",Cartão de Débito,Matriz - Recife
3206,15/12/2024,Caixa de Som Portátil,Eletrônicos,1,"78,82",Pix,Matriz - Recife
4385,2025-04-26,Boné Aba Reta,Vestuário,1,"113,24",Pix,Matriz - Recife
1551,28/06/2024,Barra de Cereal,Alimentos,4,"140,78",Dinheiro,Matriz - Recife
2944,25/11/2024,Fone de Ouvido Bluetooth,ELETRÔNICOS,2,"162,68",Cartão de Débito,Matriz - Recife
1477,23/06/2024,Vela Aromática,Casa e Utilidades,3,"30,93",pix,Matriz - Recife
5688,18/08/2025,Bermuda Jeans,Vestuário,3,"27,67",PIX,Matriz - Recife
1330,2024-06-10,Carregador USB-C,Eletrônicos,1,"13,27",PIX,Matriz - Recife
7289,30/12/2025,Jaqueta Corta-Vento,,1,"61,89",pix,Matriz - Recife
2546,2024-10-18,Mochila Escolar,Papelaria,1,"190,21",Pix,Matriz - Recife
1735,17-07-2024,Amendoim Torrado,Alimentos,2,"156,64",Cartão de Débito,Matriz - Recife
4033,19-03-2025,Mochila Escolar,Papelaria,1,"194,00",Cartão de Crédito,Matriz - Recife
4408,29-04-2025,Jaqueta Corta-Vento,Vestuário,4,"63,64",Cartão de Débito,Matriz - Recife
2596,2024-10-24,Escova de Limpeza,Casa e Utilidades,2,"210,93",PIX,Matriz - Recife
456,2024-03-14,Estojo Simples,,3,"187,81",PIX,Matriz - Recife
2332,26-09-2024,Caderno Universitário,Papelaria,3,"195,92",Pix,Matriz - Recife
3413,2024-12-30,Suco de Caju 1L,Alimentos,1,"162,86",Pix,Matriz - Recife
6714,22/11/2025,Carregador USB-C,Eletrônicos,1,"15,15",PIX,Matriz - Recife
606,31-03-2024,Organizador de Gaveta,Casa e Utilidades,1,"32,57",PIX,Matriz - Recife
948,08-05-2024,Power Bank 10000mAh,Eletrônicos,2,"186,98",Cartão de Débito,Matriz - Recife
3477,07/01/2025,power bank 10000mah,Eletrônicos,1,"193,08",pix,Matriz - Recife
6047,27-09-2025,Kit Panelas Antiaderente,Casa e Utilidades,2,"245,48",Dinheiro,Matriz - Recife
3587,25/01/2025,Água de Coco 500ml,Alimentos,4,"63,15",pix,Matriz - Recife
3308,23/12/2024,Biscoito Recheado,Alimentos,1,"58,73",PIX,Matriz - Recife
3027,2024-12-01,Mouse Sem Fio,ELETRÔNICOS,2,"159,21",Cartão de Débito,Matriz - Recife
1833,30-07-2024,Café Torrado 500g,Alimentos,1,"14,84",Pix,Matriz - Recife
296,2024-02-20,Chinelo de Dedo,Vestuário,4,"133,52",Cartão de Crédito,Matriz - Recife
5677,17-08-2025,Meia Esportiva,Vestuário,4,"14,05",Cartão de Débito,Matriz - Recife
6656,19-11-2025,caneta esferográfica,PAPELARIA,1,"9,77",Cartão de Débito,Matriz - Recife
5125,22/06/2025,Camiseta Básica,Vestuário,3,"228,09",PIX,Matriz - Recife
2405,04/10/2024,Mouse Sem Fio,Eletrônicos,3,"159,54",Pix,Matriz - Recife
3525,16-01-2025,Organizador de Gaveta,Casa e Utilidades,1,"29,53",Pix,Matriz - Recife
2930,24/11/2024,Chinelo de Dedo,Vestuário,-4,"139,08",Cartão de Débito,Matriz - Recife
2300,2024-09-23,Camiseta Básica,Vestuário,3,"226,57",Pix,Matriz - Recife
4469,03-05-2025,Boné Aba Reta,Vestuário,3,"104,20",Cartão de Crédito,Matriz - Recife
6793,27-11-2025,Fone de Ouvido Bluetooth,Eletrônicos,1,"173,07",Cartão de Crédito,Matriz - Recife
4559,09/05/2025,Kit Panelas Antiaderente,Casa e Utilidades,1,"256,92",PIX,Matriz - Recife
522,21-03-2024,Marcador de Texto,Papelaria,1,"94,82",Dinheiro,Matriz - Recife
131,23-01-2024,Boné Aba Reta,Vestuário,1,"115,06",PIX,Matriz - Recife
332,2024-02-25,Boné Aba Reta,Vestuário,1,"118,63",Pix,Matriz - Recife
3988,14/03/2025,Jaqueta Corta-Vento,,2,"57,36",Pix,Matriz - Recife
3825,26/02/2025,Bermuda Jeans,Vestuário,1,"31,36",Cartão de Débito,Matriz - Recife
5497,29-07-2025,Café Torrado 500g,Alimentos,1,"15,29",PIX,Matriz - Recife
4367,23-04-2025,Café Torrado 500g,Alimentos,1,"14,98",Cartão de Débito,Matriz - Recife
7185,25-12-2025,Chinelo de Dedo,VESTUÁRIO,2,"130,41",Dinheiro,Matriz - Recife
638,05-04-2024,Mochila Escolar,Papelaria,5,"212,93",pix,Matriz - Recife
2567,2024-10-21,Meia Esportiva,Vestuário,2,"15,75",,Matriz - Recife
5333,2025-07-14,Suco de Caju 1L,Alimentos,1,"162,20",Dinheiro,Matriz - Recife
2737,08-11-2024,Bermuda Jeans,Vestuário,1,"27,62",Cartão de Crédito,Matriz - Recife
6240,17/10/2025,Boné Aba Reta,Vestuário,-3,"117,67",Cartão de Débito,Matriz - Recife
4608,13/05/2025,Meia Esportiva,VESTUÁRIO,1,"15,57",pix,Matriz - Recife
1021,13/05/2024,Cabo HDMI,Eletrônicos,2,"59,78",Dinheiro,Matriz - Recife
3969,12-03-2025,Caixa de Som Portátil,Eletrônicos,2,"79,76",Cartão de Crédito,Matriz - Recife
5495,29-07-2025,Power Bank 10000mAh,Eletrônicos,1,"175,88",,Matriz - Recife
3838,28-02-2025,Power Bank 10000mAh,Eletrônicos,2,"173,70",Cartão de Débito,Matriz - Recife
1289,2024-06-07,Mochila Escolar,Papelaria,1,"194,21",Dinheiro,Matriz - Recife
2127,03/09/2024,Mochila Escolar,Papelaria,4,"199,30",Pix,Matriz - Recife
2687,03-11-2024,Boné Aba Reta,,4,"104,06",Cartão de Débito,Matriz - Recife
1121,23/05/2024,Caixa de Som Portátil,ELETRÔNICOS,2,"69,72",Cartão de Crédito,matriz-recife
5502,2025-07-30,Jogo de Toalhas,Casa e Utilidades,2,"95,44",Cartão de Débito,Matriz - Recife
4231,2025-04-08,Suco de Caju 1L,Alimentos,2,"161,69",Cartão de Débito,Matriz - Recife
7058,16/12/2025,escova de limpeza,Casa e Utilidades,3,"208,01",pix,Matriz - Recife
2909,21/11/2024,Meia Esportiva,Vestuário,2,"16,07",Cartão de Débito,Matriz - Recife
2721,06-11-2024,Chinelo de Dedo,Vestuário,1,"128,95",Cartão de Débito,Matriz - Recife
6100,03-10-2025,Cola Bastão,Papelaria,4,"42,67",Dinheiro,Matriz - Recife
3900,05/03/2025,Chinelo de Dedo,VESTUÁRIO,2,"132,57",pix,Matriz - Recife
2104,31/08/2024,Suco de Caju 1L,Alimentos,1,"172,51",pix,Matriz - Recife
2330,25/09/2024,Café Torrado 500g,Alimentos,2,"15,00",Cartão de Crédito,Matriz - Recife
2646,30/10/2024,Camiseta Básica,Vestuário,1,"227,21",pix,Matriz - Recife
5989,19-09-2025,Meia Esportiva,Vestuário,2,"15,06",Dinheiro,Matriz - Recife
5075,19/06/2025,Fone de Ouvido Bluetooth,Eletrônicos,4,"164,54",Pix,Matriz - Recife
6762,2025-11-25,Biscoito Recheado,Alimentos,3,"52,66",,Matriz - Recife
6317,25/10/2025,Jaqueta Corta-Vento,Vestuário,1,"64,99",Pix,Matriz - Recife
3707,2025-02-09,jaqueta corta-vento,Vestuário,2,"63,19",Pix,Matriz - Recife
3605,27-01-2025,Caneta Esferográfica,Papelaria,2,"10,10",pix,Matriz - Recife
3215,15-12-2024,Carregador USB-C,ELETRÔNICOS,3,"14,28",Cartão de Débito,Matriz - Recife
213,06-02-2024,Mouse Sem Fio,Eletrônicos,3,"183,57",Pix,Matriz - Recife
7259,29/12/2025,escova de limpeza,Casa e Utilidades,5,"202,43",Dinheiro,Matriz - Recife
1537,2024-06-27,Amendoim Torrado,ALIMENTOS,3,"144,97",Dinheiro,Matriz - Recife
2851,2024-11-18,Água de Coco 500ml,Alimentos,2,"58,26",PIX,Matriz - Recife
3252,19/12/2024,amendoim torrado,Alimentos,4,"139,29",Cartão de Débito,Matriz - Recife
6458,05/11/2025,marcador de texto,Papelaria,2,"83,96",pix,Matriz - Recife
3351,26-12-2024,Bermuda Jeans,Vestuário,1,"27,63",PIX,Matriz - Recife
1059,18/05/2024,Vela Aromática,CASA E UTILIDADES,1,"29,39",Pix,Matriz - Recife
2933,24/11/2024,Caneta Esferográfica,Papelaria,1,"9,49",Cartão de Débito,Matriz - Recife
4715,23/05/2025,Caderno Universitário,Papelaria,3,"189,18",pix,Matriz - Recife
6039,26/09/2025,Porta Sabonete,Casa e Utilidades,1,"163,74",Cartão de Débito,Matriz - Recife
844,28/04/2024,Marcador de Texto,Papelaria,1,"85,94",PIX,Matriz - Recife
646,06/04/2024,Cola Bastão,PAPELARIA,1,"48,30",Pix,Matriz - Recife
5515,2025-08-01,Carregador USB-C,Eletrônicos,4,"14,90",Pix,Matriz - Recife
3717,10-02-2025,Porta Sabonete,CASA E UTILIDADES,2,"153,18",Cartão de Débito,Matriz - Recife
6739,2025-11-24,caneta esferográfica,Papelaria,1,"10,08",Dinheiro,Matriz - Recife
2132,03-09-2024,Caixa de Som Portátil,Eletrônicos,4,"80,20",pix,Matriz - Recife
710,13-04-2024,Marcador de Texto,Papelaria,1,"87,84",Pix,Matriz - Recife
1377,2024-06-13,Porta Sabonete,Casa e Utilidades,1,"158,07",Dinheiro,Matriz - Recife
1110,2024-05-22,Bermuda Jeans,VESTUÁRIO,4,"28,76",Pix,Matriz - Recife
1129,2024-05-23,Estojo Simples,Papelaria,1,"163,47",Cartão de Crédito,Matriz - Recife
7062,2025-12-16,Barra de Cereal,Alimentos,1,"133,49",PIX,Matriz - Recife
3835,2025-02-27,Amendoim Torrado,Alimentos,1,"139,20",Cartão de Débito,Matriz - Recife
2190,10-09-2024,Café Torrado 500g,ALIMENTOS,2,"14,02",PIX,Matriz - Recife
5784,28-08-2025,Vela Aromática,Casa e Utilidades,1,"30,15",PIX,Matriz - Recife
817,25/04/2024,Camiseta Básica,Vestuário,1,"221,17",PIX,Matriz - Recife
4455,02-05-2025,Amendoim Torrado,Alimentos,1,"143,74",pix,Matriz - Recife
868,01/05/2024,kit panelas antiaderente,Casa e Utilidades,4,"253,76",Cartão de Crédito,Matriz - Recife
5660,15/08/2025,organizador de gaveta,Casa e Utilidades,1,"30,40",Cartão de Crédito,Matriz - Recife
3165,12/12/2024,vela aromática,Casa e Utilidades,3,"32,48",Cartão de Crédito,Matriz - Recife
5708,20-08-2025,Cola Bastão,,1,"48,61",Cartão de Crédito,Matriz - Recife
4229,08/04/2025,Barra de Cereal,Alimentos,3,"150,65",PIX,Matriz - Recife
3395,29/12/2024,Meia Esportiva,Vestuário,4,"15,26",Dinheiro,Matriz - Recife
901,04/05/2024,Organizador de Gaveta,Casa e Utilidades,1,"30,28",Dinheiro,Matriz - Recife
498,2024-03-18,Suco de Caju 1L,Alimentos,1,"154,01",Cartão de Crédito,Matriz - Recife
6837,30/11/2025,amendoim torrado,Alimentos,5,"152,95",PIX,Matriz - Recife
3806,22-02-2025,Porta Sabonete,Casa e Utilidades,2,"151,07",Pix,Matriz - Recife
3396,2024-12-29,jogo de toalhas,Casa e Utilidades,1,"85,49",pix,Matriz - Recife
3153,11-12-2024,Vela Aromática,Casa e Utilidades,-1,"29,53",Cartão de Débito,Matriz - Recife
6315,2025-10-25,Chinelo de Dedo,VESTUÁRIO,1,"140,13",PIX,Matriz - Recife
4211,06-04-2025,Power Bank 10000mAh,Eletrônicos,5,"189,15",Cartão de Crédito,Matriz - Recife
6351,28/10/2025,Caneta Esferográfica,,3,"9,19",Pix,Matriz - Recife
3447,02/01/2025,Fone de Ouvido Bluetooth,Eletrônicos,4,"162,73",Pix,Matriz - Recife
1175,28/05/2024,Biscoito Recheado,Alimentos,1,"55,15",pix,Matriz - Recife
1933,09/08/2024,Café Torrado 500g,Alimentos,3,"14,67",Cartão de Crédito,Matriz - Recife
6053,28-09-2025,biscoito recheado,Alimentos,5,"54,34",Pix,Matriz - Recife
3010,30-11-2024,Bermuda Jeans,Vestuário,1,"31,07",Cartão de Crédito,Matriz - Recife
423,10-03-2024,Porta Sabonete,Casa e Utilidades,1,"143,02",Dinheiro,Matriz - Recife
3704,2025-02-08,Escova de Limpeza,Casa e Utilidades,3,"198,61",pix,Matriz - Recife
4646,17/05/2025,bermuda jeans,Vestuário,5,"30,15",Pix,Matriz - Recife
3595,26/01/2025,Jogo de Toalhas,Casa e Utilidades,1,"93,35",pix,Matriz - Recife
4279,2025-04-12,Biscoito Recheado,Alimentos,3,"54,27",Cartão de Débito,Matriz - Recife
4563,09/05/2025,Barra de Cereal,Alimentos,1,"138,93",Dinheiro,Matriz - Recife
1047,2024-05-17,Jaqueta Corta-Vento,Vestuário,3,"60,69",Cartão de Débito,Matriz - Recife
6771,2025-11-26,Meia Esportiva,Vestuário,4,"14,09",Cartão de Débito,Matriz - Recife
3093,06-12-2024,Camiseta Básica,Vestuário,2,"222,35",,Matriz - Recife
6360,30-10-2025,Power Bank 10000mAh,Eletrônicos,1,"199,96",Cartão de Crédito,Matriz - Recife
1301,08/06/2024,Biscoito Recheado,ALIMENTOS,1,"59,01",Cartão de Débito,Matriz - Recife
529,22/03/2024,Porta Sabonete,Casa e Utilidades,3,"163,95",Dinheiro,Matriz - Recife
2222,14-09-2024,Boné Aba Reta,Vestuário,1,"113,45",Cartão de Débito,Matriz - Recife
4847,31-05-2025,meia esportiva,VESTUÁRIO,3,"15,77",Cartão de Crédito,Matriz - Recife
5270,04-07-2025,Vela Aromática,Casa e Utilidades,3,"28,85",Cartão de Débito,Matriz - Recife
4620,2025-05-14,Barra de Cereal,Alimentos,1,"137,92",PIX,Matriz - Recife
3956,2025-03-11,Porta Sabonete,Casa e Utilidades,1,"166,10",Cartão de Débito,Matriz - Recife
2187,2024-09-10,Mochila Escolar,Papelaria,1,"211,27",Cartão de Débito,Matriz - Recife
754,2024-04-19,mochila escolar,PAPELARIA,2,"201,23",pix,Matriz - Recife
4529,07-05-2025,Cabo HDMI,Eletrônicos,2,"58,96",PIX,Matriz - Recife
5986,2025-09-19,Fone de Ouvido Bluetooth,Eletrônicos,3,"163,37",PIX,Matriz - Recife
3775,2025-02-18,Power Bank 10000mAh,Eletrônicos,4,"200,10",pix,Matriz - Recife
2731,2024-11-07,Organizador de Gaveta,CASA E UTILIDADES,3,"32,22",Dinheiro,Matriz - Recife
3622,29-01-2025,Estojo Simples,PAPELARIA,2,"164,03",pix,Matriz - Recife
395,2024-03-08,Café Torrado 500g,,1,"15,15",Pix,Matriz - Recife
2862,2024-11-18,Biscoito Recheado,Alimentos,5,"59,85",Cartão de Crédito,Matriz - Recife
5486,28/07/2025,barra de cereal,Alimentos,1,"144,08",Dinheiro,Matriz - Recife
6985,2025-12-11,Carregador USB-C,Eletrônicos,2,"14,78",pix,Matriz - Recife
3948,2025-03-10,Porta Sabonete,Casa e Utilidades,2,"148,30",PIX,Matriz - Recife
582,2024-03-29,Bermuda Jeans,Vestuário,1,"30,13",Cartão de Crédito,Matriz - Recife
7311,31-12-2025,Vela Aromática,Casa e Utilidades,3,"31,09",Cartão de Crédito,Matriz - Recife
1169,27/05/2024,Marcador de Texto,Papelaria,2,"86,27",PIX,Matriz - Recife
1519,26/06/2024,Escova de Limpeza,Casa e Utilidades,3,"209,04",Cartão de Débito,Matriz - Recife
1600,02-07-2024,Biscoito Recheado,Alimentos,1,"58,61",Cartão de Crédito,Matriz - Recife
7142,2025-12-22,caneta esferográfica,Papelaria,1,"10,09",Cartão de Crédito,Matriz - Recife
4402,28-04-2025,Jaqueta Corta-Vento,VESTUÁRIO,1,"62,67",Cartão de Crédito,Matriz - Recife
5868,06-09-2025,Caneta Esferográfica,,1,"9,28",pix,Matriz - Recife
1855,2024-08-01,power bank 10000mah,Eletrônicos,1,"183,12",Cartão de Débito,Matriz - Recife
2479,2024-10-11,Power Bank 10000mAh,Eletrônicos,2,"193,51",Pix,Matriz - Recife
4197,04/04/2025,Biscoito Recheado,Alimentos,3,"55,43",Cartão de Crédito,Matriz - Recife
5686,18-08-2025,Kit Panelas Antiaderente,Casa e Utilidades,3,"251,97",Dinheiro,Matriz - Recife
1487,23/06/2024,Carregador USB-C,Eletrônicos,1,"15,08",PIX,Matriz - Recife
2833,16-11-2024,Vela Aromática,Casa e Utilidades,2,"28,57",Cartão de Crédito,Matriz - Recife
1359,2024-06-12,Água de Coco 500ml,ALIMENTOS,3,"57,76",PIX,Matriz - Recife
2802,15/11/2024,Boné Aba Reta,,1,"107,72",PIX,Matriz - Recife
6009,22-09-2025,Jaqueta Corta-Vento,VESTUÁRIO,4,"60,47",Dinheiro,Matriz - Recife
4056,21-03-2025,Água de Coco 500ml,Alimentos,2,"57,59",Pix,Matriz - Recife
2293,22/09/2024,Jogo de Toalhas,Casa e Utilidades,1,"86,46",PIX,Matriz - Recife
1001,12/05/2024,Escova de Limpeza,Casa e Utilidades,2,"220,96",PIX,Matriz - Recife
1162,27-05-2024,Cola Bastão,Papelaria,1,"48,86",Pix,Matriz - Recife
6116,04/10/2025,Caderno Universitário,Papelaria,1,"190,42",PIX,Matriz - Recife
2038,2024-08-23,Café Torrado 500g,Alimentos,1,"13,37",Dinheiro,Matriz - Recife
5626,12/08/2025,Caneta Esferográfica,Papelaria,4,"9,38",pix,Matriz - Recife
694,11/04/2024,Suco de Caju 1L,Alimentos,1,"163,31",pix,Matriz - Recife
6573,2025-11-12,Jaqueta Corta-Vento,Vestuário,3,"59,52",Cartão de Débito,Matriz - Recife
4889,04/06/2025,Porta Sabonete,Casa e Utilidades,1,"141,97",PIX,Matriz - Recife
6288,22/10/2025,Kit Panelas Antiaderente,Casa e Utilidades,1,"240,98",PIX,Matriz - Recife
3364,2024-12-27,Suco de Caju 1L,Alimentos,2,"156,19",pix,Matriz - Recife
4187,2025-04-04,Café Torrado 500g,ALIMENTOS,3,"13,75",PIX,Matriz - Recife
1088,21-05-2024,Meia Esportiva,Vestuário,3,"16,15",,Matriz - Recife
765,20-04-2024,Caderno Universitário,Papelaria,3,"191,60",pix,Matriz - Recife
6261,19/10/2025,Kit Panelas Antiaderente,Casa e Utilidades,2,"234,16",pix,Matriz - Recife
1574,30/06/2024,Água de Coco 500ml,Alimentos,3,"61,57",Dinheiro,Matriz - Recife
505,19/03/2024,porta sabonete,Casa e Utilidades,1,"154,94",PIX,Matriz - Recife
5133,2025-06-23,Marcador de Texto,Papelaria,1,"85,11",Pix,Matriz - Recife
3932,09-03-2025,Boné Aba Reta,Vestuário,1,"104,96",Pix,Matriz - Recife
5653,14-08-2025,Água de Coco 500ml,Alimentos,2,"57,28",PIX,Matriz - Recife
6258,2025-10-18,Camiseta Básica,Vestuário,3,"234,45",Dinheiro,Matriz - Recife
3496,09-01-2025,Biscoito Recheado,Alimentos,4,"54,52",Dinheiro,Matriz - Recife
2520,2024-10-15,Suco de Caju 1L,Alimentos,1,"177,48",Pix,Matriz - Recife
711,13/04/2024,Suco de Caju 1L,ALIMENTOS,1,"162,68",Cartão de Crédito,Matriz - Recife
5768,2025-08-26,Fone de Ouvido Bluetooth,ELETRÔNICOS,3,"171,77",PIX,Matriz - Recife
3596,2025-01-26,Caneta Esferográfica,PAPELARIA,2,"10,09",Cartão de Débito,Matriz - Recife
5393,20/07/2025,amendoim torrado,ALIMENTOS,1,"145,68",Pix,Matriz - Recife
5314,2025-07-12,Caderno Universitário,Papelaria,1,"216,39",pix,Matriz - Recife
6738,2025-11-24,Amendoim Torrado,Alimentos,1,"158,02",Pix,Matriz - Recife
3492,2025-01-09,Jogo de Toalhas,Casa e Utilidades,1,"95,90",PIX,matriz-recife
7294,30-12-2025,Marcador de Texto,PAPELARIA,2,"96,25",Cartão de Crédito,Matriz - Recife
503,19/03/2024,Café Torrado 500g,,3,"15,02",Cartão de Débito,Matriz - Recife
5294,2025-07-09,Vela Aromática,Casa e Utilidades,1,"31,51",Cartão de Débito,Matriz - Recife
1319,2024-06-09,Escova de Limpeza,,2,"227,56",Cartão de Crédito,Matriz - Recife
7224,2025-12-27,Chinelo de Dedo,Vestuário,5,"130,57",Cartão de Crédito,Matriz - Recife
1853,2024-08-01,Escova de Limpeza,CASA E UTILIDADES,2,"228,48",Pix,Matriz - Recife
4170,2025-04-01,Jaqueta Corta-Vento,Vestuário,1,"62,04",Pix,Matriz - Recife
5651,14/08/2025,Suco de Caju 1L,Alimentos,2,"175,64",Pix,Matriz - Recife
4991,2025-06-10,Água de Coco 500ml,ALIMENTOS,1,"57,53",Cartão de Débito,Matriz - Recife
4583,2025-05-11,camiseta básica,Vestuário,3,"222,92",PIX,Matriz - Recife
1511,2024-06-25,Escova de Limpeza,,1,"201,83",Dinheiro,Matriz - Recife
5593,08/08/2025,Barra de Cereal,Alimentos,1,"132,99",Dinheiro,Matriz - Recife
196,03-02-2024,Café Torrado 500g,Alimentos,5,"14,62",pix,Matriz - Recife
1794,2024-07-25,Cola Bastão,Papelaria,5,"44,86",Cartão de Crédito,Matriz - Recife
5821,2025-08-31,Jaqueta Corta-Vento,Vestuário,1,"59,00",Dinheiro,Matriz - Recife
945,08-05-2024,Água de Coco 500ml,ALIMENTOS,2,"57,50",Pix,Matriz - Recife
337,2024-02-26,Cabo HDMI,Eletrônicos,1,"64,24",Pix,Matriz - Recife
5733,23-08-2025,suco de caju 1l,Alimentos,4,"177,10",,Matriz - Recife
4864,01-06-2025,Carregador USB-C,Eletrônicos,2,"14,92",PIX,Matriz - Recife
471,2024-03-15,Jaqueta Corta-Vento,Vestuário,1,"59,58",Pix,Matriz - Recife
4806,29/05/2025,Cabo HDMI,Eletrônicos,1,"62,24",PIX,Matriz - Recife
4487,04-05-2025,Kit Panelas Antiaderente,CASA E UTILIDADES,3,"257,29",Pix,Matriz - Recife
2188,2024-09-10,Jogo de Toalhas,,3,"91,38",PIX,Matriz - Recife
7254,2025-12-28,Biscoito Recheado,Alimentos,3,"59,05",Dinheiro,Matriz - Recife
662,2024-04-08,Porta Sabonete,,1,"159,47",PIX,Matriz - Recife
79,12/01/2024,Vela Aromática,Casa e Utilidades,2,"30,07",Dinheiro,Matriz - Recife
2478,2024-10-10,Meia Esportiva,Vestuário,2,"15,53",pix,Matriz - Recife
3488,2025-01-08,Jogo de Toalhas,Casa e Utilidades,-1,"86,89",Dinheiro,Matriz - Recife
3557,21-01-2025,Caneta Esferográfica,Papelaria,2,"9,17",Dinheiro,Matriz - Recife
717,2024-04-15,carregador usb-c,Eletrônicos,3,"13,67",PIX,Matriz - Recife
7236,27-12-2025,Organizador de Gaveta,Casa e Utilidades,1,"29,60",Cartão de Crédito,Matriz - Recife
6285,2025-10-22,Chinelo de Dedo,Vestuário,2,"136,92",Pix,Matriz - Recife
3124,2024-12-09,Biscoito Recheado,ALIMENTOS,1,"54,24",Cartão de Crédito,Matriz - Recife
5419,22-07-2025,Camiseta Básica,Vestuário,1,"234,45",Dinheiro,Matriz - Recife
4922,2025-06-06,Mochila Escolar,Papelaria,5,"198,33",PIX,Matriz - Recife
3003,29/11/2024,Organizador de Gaveta,Casa e Utilidades,5,"31,76",Dinheiro,Matriz - Recife
1341,2024-06-11,Power Bank 10000mAh,Eletrônicos,1,"191,06",Cartão de Crédito,Matriz - Recife
180,31-01-2024,Biscoito Recheado,Alimentos,1,"52,92",pix,Matriz - Recife
4636,16-05-2025,Estojo Simples,Papelaria,3,"189,19",Cartão de Débito,Matriz - Recife
3347,26-12-2024,Meia Esportiva,Vestuário,3,"15,86",Cartão de Crédito,Matriz - Recife
2526,2024-10-16,Meia Esportiva,Vestuário,2,"15,04",Cartão de Crédito,Matriz - Recife
1043,16-05-2024,Mouse Sem Fio,Eletrônicos,1,"171,73",pix,Matriz - Recife
779,22/04/2024,Carregador USB-C,Eletrônicos,1,"13,23",Pix,Matriz - Recife
4840,31-05-2025,Kit Panelas Antiaderente,Casa e Utilidades,3,"241,23",PIX,Matriz - Recife
2239,2024-09-15,mochila escolar,Papelaria,2,"195,87",pix,Matriz - Recife
1112,2024-05-22,Suco de Caju 1L,Alimentos,1,"161,69",PIX,Matriz - Recife
6673,20/11/2025,Biscoito Recheado,Alimentos,-4,"57,74",Cartão de Débito,Matriz - Recife
5286,07-07-2025,Chinelo de Dedo,Vestuário,1,"123,97",Cartão de Débito,Matriz - Recife
282,17/02/2024,Fone de Ouvido Bluetooth,Eletrônicos,2,"152,35",PIX,Matriz - Recife
5412,21/07/2025,Água de Coco 500ml,Alimentos,1,"62,18",,Matriz - Recife
7096,18/12/2025,Água de Coco 500ml,Alimentos,1,"57,37",pix,Matriz - Recife
4017,17/03/2025,Biscoito Recheado,Alimentos,3,"59,24",Cartão de Crédito,Matriz - Recife
3013,30/11/2024,Organizador de Gaveta,Casa e Utilidades,1,"30,14",Pix,Matriz - Recife
3077,05-12-2024,Boné Aba Reta,Vestuário,4,"113,13",PIX,Matriz - Recife
2185,10-09-2024,Suco de Caju 1L,Alimentos,2,"168,93",Pix,Matriz - Recife
4644,16-05-2025,Power Bank 10000mAh,Eletrônicos,4,"177,99",pix,Matriz - Recife
1278,06/06/2024,Kit Panelas Antiaderente,CASA E UTILIDADES,2,"229,06",Pix,Matriz - Recife
530,2024-03-22,Fone de Ouvido Bluetooth,ELETRÔNICOS,1,"154,38",Cartão de Débito,Matriz - Recife
4149,30/03/2025,Café Torrado 500g,Alimentos,1,"14,80",pix,Matriz - Recife
1606,2024-07-02,Bermuda Jeans,Vestuário,-4,"28,87",Pix,Matriz - Recife
6876,03-12-2025,Mochila Escolar,Papelaria,1,"190,86",pix,Matriz - Recife
6196,13/10/2025,Estojo Simples,Papelaria,2,"181,17",pix,Matriz - Recife
5786,2025-08-28,Power Bank 10000mAh,Eletrônicos,1,"186,51",,Matriz - Recife
3947,2025-03-09,Jogo de Toalhas,Casa e Utilidades,1,"85,74",,Matriz - Recife
5279,2025-07-05,Organizador de Gaveta,Casa e Utilidades,1,"31,79",PIX,Matriz - Recife
6850,2025-12-01,Caixa de Som Portátil,Eletrônicos,2,"77,05",PIX,matriz-recife
4154,31-03-2025,Cola Bastão,Papelaria,4,"44,57",Pix,Matriz - Recife
5275,2025-07-05,Meia Esportiva,Vestuário,1,"14,27",Cartão de Débito,Matriz - Recife
6745,24-11-2025,Carregador USB-C,Eletrônicos,1,"14,86",Cartão de Débito,Matriz - Recife
5646,14-08-2025,Mochila Escolar,Papelaria,2,"190,15",Dinheiro,Matriz - Recife
4266,11-04-2025,Barra de Cereal,Alimentos,2,"140,77",Dinheiro,Matriz - Recife
3873,2025-03-03,Mouse Sem Fio,Eletrônicos,3,"182,99",PIX,Matriz - Recife
6515,08/11/2025,Organizador de Gaveta,Casa e Utilidades,3,"32,25",Pix,Matriz - Recife
4477,03/05/2025,Jaqueta Corta-Vento,Vestuário,1,"60,82",Dinheiro,Matriz - Recife
4515,05/05/2025,Estojo Simples,Papelaria,2,"168,66",Cartão de Crédito,Matriz - Recife
6885,2025-12-03,Meia Esportiva,Vestuário,1,"16,32",PIX,Matriz - Recife
3256,19-12-2024,Café Torrado 500g,ALIMENTOS,2,"13,79",pix,Matriz - Recife
1277,2024-06-06,Água de Coco 500ml,Alimentos,1,"64,66",Cartão de Crédito,Matriz - Recife
2008,19/08/2024,Vela Aromática,Casa e Utilidades,3,"28,35",pix,Matriz - Recife
4313,2025-04-17,Jaqueta Corta-Vento,VESTUÁRIO,4,"60,56",Pix,Matriz - Recife
4651,2025-05-17,Organizador de Gaveta,CASA E UTILIDADES,1,"30,71",Pix,Matriz - Recife
2446,2024-10-07,Carregador USB-C,Eletrônicos,1,"13,22",Cartão de Crédito,Matriz - Recife
655,07/04/2024,Jogo de Toalhas,Casa e Utilidades,3,"90,00",pix,Matriz - Recife
3846,01-03-2025,meia esportiva,Vestuário,2,"14,43",Cartão de Crédito,Matriz - Recife
3091,06-12-2024,bermuda jeans,Vestuário,3,"28,55",Cartão de Débito,Matriz - Recife
4003,2025-03-16,Biscoito Recheado,Alimentos,3,"54,55",Pix,Matriz - Recife
6340,2025-10-27,Bermuda Jeans,Vestuário,1,"30,90",PIX,Matriz - Recife
3177,13/12/2024,Meia Esportiva,Vestuário,1,"15,55",Dinheiro,Matriz - Recife
4892,2025-06-04,Cola Bastão,PAPELARIA,2,"45,00",Cartão de Débito,Matriz - Recife
3408,30/12/2024,Caixa de Som Portátil,Eletrônicos,4,"76,56",PIX,Matriz - Recife
2087,30/08/2024,café torrado 500g,ALIMENTOS,1,"15,28",Cartão de Crédito,Matriz - Recife
3387,28/12/2024,Porta Sabonete,Casa e Utilidades,1,"152,56",pix,Matriz - Recife
4333,2025-04-19,Marcador de Texto,Papelaria,1,"94,46",Dinheiro,Matriz - Recife
3716,10/02/2025,Marcador de Texto,Papelaria,5,"87,87",pix,Matriz - Recife
1079,20-05-2024,Estojo Simples,Papelaria,5,"187,03",,Matriz - Recife
6401,02/11/2025,Camiseta Básica,Vestuário,2,"239,86",Cartão de Débito,Matriz - Recife
4488,04/05/2025,Chinelo de Dedo,Vestuário,2,"123,84",PIX,Matriz - Recife
5490,29/07/2025,Café Torrado 500g,Alimentos,1,"15,00",PIX,Matriz - Recife
1649,07/07/2024,Barra de Cereal,Alimentos,1,"131,10",PIX,Matriz - Recife
6830,2025-11-30,Vela Aromática,CASA E UTILIDADES,5,"32,71",Dinheiro,Matriz - Recife
1256,04/06/2024,Barra de Cereal,Alimentos,2,"139,66",PIX,Matriz - Recife
6892,2025-12-04,Mochila Escolar,PAPELARIA,1,"195,37",Cartão de Débito,Matriz - Recife
6022,2025-09-23,Power Bank 10000mAh,Eletrônicos,1,"174,41",Pix,Matriz - Recife
5922,2025-09-11,Jogo de Toalhas,Casa e Utilidades,2,"86,65",Pix,Matriz - Recife
2826,16-11-2024,Fone de Ouvido Bluetooth,,1,"154,94",Pix,Matriz - Recife
7023,2025-12-14,Escova de Limpeza,Casa e Utilidades,1,"213,82",pix,Matriz - Recife
104,2024-01-19,Café Torrado 500g,ALIMENTOS,1,"15,54",Cartão de Crédito,Matriz - Recife
6292,2025-10-22,Carregador USB-C,Eletrônicos,2,"13,17",Pix,Matriz - Recife
1495,24/06/2024,Camiseta Básica,,2,"215,31",PIX,Matriz - Recife
6598,14/11/2025,Organizador de Gaveta,Casa e Utilidades,2,"33,63",Cartão de Crédito,Matriz - Recife
40,2024-01-07,Suco de Caju 1L,Alimentos,1,"166,33",Pix,Matriz - Recife
2671,02/11/2024,Caderno Universitário,PAPELARIA,5,"206,67",Cartão de Crédito,Matriz - Recife
1953,11/08/2024,Mochila Escolar,Papelaria,4,"217,55",Cartão de Débito,Matriz - Recife
5187,2025-06-27,Café Torrado 500g,,-1,"13,65",Cartão de Débito,Matriz - Recife
6362,30/10/2025,Suco de Caju 1L,Alimentos,-1,"161,80",Dinheiro,Matriz - Recife
5840,02/09/2025,Fone de Ouvido Bluetooth,Eletrônicos,4,"149,91",Cartão de Débito,Matriz - Recife
1760,2024-07-20,Fone de Ouvido Bluetooth,Eletrônicos,2,"170,02",Cartão de Crédito,Matriz - Recife
3599,27-01-2025,Amendoim Torrado,Alimentos,5,"155,25",Dinheiro,Matriz - Recife
1541,2024-06-27,Caneta Esferográfica,Papelaria,-1,"10,33",Cartão de Crédito,Matriz - Recife
2626,27-10-2024,Barra de Cereal,Alimentos,4,"138,99",Dinheiro,Matriz - Recife
6433,04/11/2025,escova de limpeza,Casa e Utilidades,2,"198,14",PIX,Matriz - Recife
4387,26-04-2025,Cabo HDMI,Eletrônicos,3,"61,71",PIX,Matriz - Recife
6409,03-11-2025,Power Bank 10000mAh,Eletrônicos,2,"188,75",Pix,Matriz - Recife
4042,20/03/2025,Caixa de Som Portátil,Eletrônicos,4,"70,06",Dinheiro,Matriz - Recife
140,25/01/2024,Jogo de Toalhas,Casa e Utilidades,2,"83,54",Pix,Matriz - Recife
2576,22/10/2024,Mouse Sem Fio,Eletrônicos,1,"180,84",Cartão de Crédito,Matriz - Recife
1208,31-05-2024,Porta Sabonete,Casa e Utilidades,1,"150,20",Cartão de Débito,Matriz - Recife
6353,2025-10-28,Boné Aba Reta,Vestuário,1,"107,26",Cartão de Débito,Matriz - Recife
447,12/03/2024,Fone de Ouvido Bluetooth,ELETRÔNICOS,1,"161,42",pix,Matriz - Recife
5993,19/09/2025,Mouse Sem Fio,Eletrônicos,1,"177,16",Cartão de Crédito,Matriz - Recife
862,30-04-2024,Jogo de Toalhas,Casa e Utilidades,1,"86,28",PIX,Matriz - Recife
7274,30/12/2025,marcador de texto,Papelaria,1,"94,24",Cartão de Débito,Matriz - Recife
4416,29-04-2025,Jogo de Toalhas,Casa e Utilidades,3,"96,27",Dinheiro,Matriz - Recife
5063,18-06-2025,porta sabonete,Casa e Utilidades,1,"161,76",pix,Matriz - Recife
594,30-03-2024,Organizador de Gaveta,Casa e Utilidades,3,"33,56",Cartão de Crédito,Matriz - Recife
5123,22-06-2025,Boné Aba Reta,Vestuário,1,"103,88",Dinheiro,Matriz - Recife
2518,2024-10-15,Chinelo de Dedo,Vestuário,5,"128,12",Dinheiro,Matriz - Recife
1007,12/05/2024,Marcador de Texto,,1,"84,15",Cartão de Débito,Matriz - Recife
2325,25/09/2024,Cola Bastão,Papelaria,1,"42,24",pix,Matriz - Recife
1483,2024-06-23,Power Bank 10000mAh,Eletrônicos,5,"199,94",Dinheiro,Matriz - Recife
1386,14-06-2024,Café Torrado 500g,Alimentos,1,"14,48",Dinheiro,Matriz - Recife
3244,2024-12-18,Água de Coco 500ml,Alimentos,1,"57,33",Dinheiro,Matriz - Recife
3851,01/03/2025,Bermuda Jeans,Vestuário,1,"31,32",Pix,Matriz - Recife
5574,2025-08-06,Jaqueta Corta-Vento,VESTUÁRIO,-4,"56,81",Pix,Matriz - Recife
1839,2024-07-31,Kit Panelas Antiaderente,Casa e Utilidades,4,"237,75",Pix,Matriz - Recife
5059,18/06/2025,Jogo de Toalhas,Casa e Utilidades,2,"94,51",Pix,Matriz - Recife
3715,10-02-2025,Camiseta Básica,VESTUÁRIO,3,"208,72",Cartão de Débito,Matriz - Recife
170,2024-01-30,Suco de Caju 1L,Alimentos,2,"157,84",PIX,Matriz - Recife
190,2024-02-02,Fone de Ouvido Bluetooth,ELETRÔNICOS,1,"171,66",Dinheiro,Matriz - Recife
4520,06-05-2025,Meia Esportiva,Vestuário,2,"16,33",,Matriz - Recife
146,2024-01-26,Carregador USB-C,Eletrônicos,1,"14,01",Cartão de Crédito,Matriz - Recife
3118,09-12-2024,Carregador USB-C,Eletrônicos,3,"13,50",pix,Matriz - Recife
3072,04/12/2024,Power Bank 10000mAh,Eletrônicos,1,"194,80",Cartão de Crédito,Matriz - Recife
5527,02-08-2025,Power Bank 10000mAh,Eletrônicos,2,"171,51",PIX,Matriz - Recife
4005,2025-03-16,Fone de Ouvido Bluetooth,Eletrônicos,-1,"153,45",Pix,Matriz - Recife
2260,2024-09-18,Vela Aromática,Casa e Utilidades,1,"32,80",Dinheiro,Matriz - Recife
2568,21-10-2024,Power Bank 10000mAh,ELETRÔNICOS,1,"199,61",PIX,Matriz - Recife
1361,13/06/2024,jogo de toalhas,Casa e Utilidades,1,"88,76",PIX,Matriz - Recife
6979,11/12/2025,Porta Sabonete,CASA E UTILIDADES,2,"161,69",PIX,Matriz - Recife
723,16/04/2024,Barra de Cereal,Alimentos,1,"138,00",pix,Matriz - Recife
1891,05-08-2024,estojo simples,Papelaria,1,"186,68",Cartão de Débito,Matriz - Recife
1697,14-07-2024,Mochila Escolar,Papelaria,2,"191,40",Pix,Matriz - Recife
2322,25-09-2024,Chinelo de Dedo,,3,"126,78",PIX,Matriz - Recife
2481,11-10-2024,Power Bank 10000mAh,Eletrônicos,1,"199,46",Dinheiro,Matriz - Recife
3363,27-12-2024,kit panelas antiaderente,Casa e Utilidades,2,"227,10",Dinheiro,Matriz - Recife
7208,2025-12-26,Biscoito Recheado,Alimentos,2,"56,69",Cartão de Débito,Matriz - Recife
3695,2025-02-06,suco de caju 1l,Alimentos,3,"158,62",Cartão de Débito,Matriz - Recife
4869,01-06-2025,Bermuda Jeans,Vestuário,1,"27,87",Pix,Matriz - Recife
4285,2025-04-13,Mochila Escolar,Papelaria,1,"210,60",Cartão de Crédito,Matriz - Recife
4664,18-05-2025,Bermuda Jeans,Vestuário,4,"31,10",PIX,Matriz - Recife
3777,2025-02-18,caixa de som portátil,Eletrônicos,1,"79,21",Dinheiro,Matriz - Recife
3309,23-12-2024,Marcador de Texto,Papelaria,1,"94,01",,Matriz - Recife
3620,29-01-2025,Estojo Simples,Papelaria,1,"179,78",Cartão de Débito,Matriz - Recife
4304,16/04/2025,Suco de Caju 1L,Alimentos,1,"156,20",PIX,Matriz - Recife
1863,02/08/2024,Barra de Cereal,Alimentos,1,"148,46",Cartão de Débito,Matriz - Recife
2959,26/11/2024,Power Bank 10000mAh,Eletrônicos,5,"177,98",Cartão de Débito,Matriz - Recife
6862,2025-12-02,chinelo de dedo,Vestuário,1,"130,67",Dinheiro,Matriz - Recife
5107,21/06/2025,Caixa de Som Portátil,Eletrônicos,3,"73,63",Dinheiro,Matriz - Recife
2349,28/09/2024,Água de Coco 500ml,Alimentos,1,"65,42",Pix,Matriz - Recife
4009,2025-03-16,Carregador USB-C,Eletrônicos,3,"12,97",Cartão de Crédito,Matriz - Recife
882,2024-05-02,Jaqueta Corta-Vento,VESTUÁRIO,2,"63,40",Cartão de Crédito,Matriz - Recife
543,24/03/2024,Organizador de Gaveta,Casa e Utilidades,1,"30,95",Cartão de Débito,Matriz - Recife
3473,06/01/2025,Caneta Esferográfica,Papelaria,1,"9,88",Pix,Matriz - Recife
3558,21-01-2025,Água de Coco 500ml,Alimentos,1,"57,98",PIX,Matriz - Recife
5949,14/09/2025,Caixa de Som Portátil,Eletrônicos,5,"74,99",Cartão de Crédito,Matriz - Recife
2341,27-09-2024,Camiseta Básica,Vestuário,1,"232,38",Cartão de Débito,Matriz - Recife
6779,26/11/2025,cabo hdmi,Eletrônicos,3,"63,91",Cartão de Crédito,Matriz - Recife
1897,06-08-2024,Porta Sabonete,,1,"148,73",Cartão de Débito,Matriz - Recife
5165,26/06/2025,Organizador de Gaveta,Casa e Utilidades,1,"29,30",Cartão de Crédito,Matriz - Recife
4243,10-04-2025,Marcador de Texto,PAPELARIA,1,"93,34",Dinheiro,Matriz - Recife
6052,28-09-2025,Camiseta Básica,VESTUÁRIO,1,"238,98",pix,Matriz - Recife
1719,16-07-2024,Organizador de Gaveta,Casa e Utilidades,1,"30,35",Cartão de Débito,Matriz - Recife
6265,20/10/2025,Camiseta Básica,Vestuário,5,"220,72",Cartão de Crédito,Matriz - Recife
3162,2024-12-11,Amendoim Torrado,Alimentos,-2,"146,66",Pix,Matriz - Recife
463,2024-03-14,caixa de som portátil,Eletrônicos,3,"77,87",Cartão de Débito,Matriz - Recife
2331,25/09/2024,Vela Aromática,Casa e Utilidades,4,"32,67",Cartão de Débito,Matriz - Recife
5511,31/07/2025,Barra de Cereal,Alimentos,1,"135,17",Dinheiro,Matriz - Recife
1225,2024-06-02,Jaqueta Corta-Vento,Vestuário,1,"61,49",Cartão de Crédito,Matriz - Recife
4504,2025-05-05,Caneta Esferográfica,Papelaria,1,"9,21",pix,Matriz - Recife
6476,2025-11-06,Jaqueta Corta-Vento,Vestuário,2,"58,16",pix,Matriz - Recife
3133,2024-12-09,organizador de gaveta,Casa e Utilidades,2,"32,42",Pix,Matriz - Recife
5883,07-09-2025,Fone de Ouvido Bluetooth,Eletrônicos,1,"150,69",Cartão de Débito,Matriz - Recife
6126,2025-10-05,Escova de Limpeza,Casa e Utilidades,1,"216,02",PIX,Matriz - Recife
3179,13/12/2024,Chinelo de Dedo,Vestuário,3,"138,71",Pix,Matriz - Recife
1951,11/08/2024,Mouse Sem Fio,ELETRÔNICOS,1,"158,81",Pix,Matriz - Recife
6665,20/11/2025,Barra de Cereal,Alimentos,1,"143,24",Dinheiro,Matriz - Recife
4524,06-05-2025,Marcador de Texto,Papelaria,3,"93,76",Cartão de Débito,Matriz - Recife
2961,27/11/2024,Power Bank 10000mAh,Eletrônicos,2,"191,76",PIX,Matriz - Recife
1432,20-06-2024,Mouse Sem Fio,ELETRÔNICOS,1,"167,00",Cartão de Débito,Matriz - Recife
511,20-03-2024,Fone de Ouvido Bluetooth,Eletrônicos,1,"152,04",Pix,Matriz - Recife
1633,05/07/2024,água de coco 500ml,Alimentos,1,"60,86",Cartão de Crédito,Matriz - Recife
6089,02-10-2025,Camiseta Básica,Vestuário,3,"232,38",pix,Matriz - Recife
3484,07-01-2025,Power Bank 10000mAh,Eletrônicos,1,"172,37",Pix,Matriz - Recife
6030,2025-09-25,Mouse Sem Fio,Eletrônicos,1,"165,84",Dinheiro,Matriz - Recife
16,03-01-2024,Marcador de Texto,Papelaria,1,"92,54",Cartão de Débito,Matriz - Recife
3298,2024-12-22,Porta Sabonete,,1,"155,43",Cartão de Débito,Matriz - Recife
1024,14/05/2024,Café Torrado 500g,Alimentos,1,"15,54",Cartão de Débito,Matriz - Recife
6723,2025-11-23,Mochila Escolar,Papelaria,1,"201,55",,Matriz - Recife
3290,21/12/2024,Cabo HDMI,Eletrônicos,1,"58,60",Pix,Matriz - Recife
1590,01-07-2024,Biscoito Recheado,Alimentos,3,"57,61",Cartão de Débito,Matriz - Recife
1798,2024-07-26,Cola Bastão,Papelaria,3,"45,98",pix,Matriz - Recife
2501,13-10-2024,Suco de Caju 1L,,1,"162,64",PIX,Matriz - Recife
1449,21-06-2024,amendoim torrado,Alimentos,1,"157,61",pix,Matriz - Recife
4484,2025-05-04,Bermuda Jeans,Vestuário,2,"31,18",Cartão de Débito,Matriz - Recife
3668,03/02/2025,Meia Esportiva,Vestuário,2,"14,83",Pix,Matriz - Recife
112,20-01-2024,Power Bank 10000mAh,Eletrônicos,2,"182,79",pix,Matriz - Recife
4685,19/05/2025,Estojo Simples,Papelaria,-1,"182,34",Cartão de Crédito,Matriz - Recife
2394,03-10-2024,Vela Aromática,Casa e Utilidades,1,"30,19",Pix,Matriz - Recife
259,2024-02-13,Barra de Cereal,ALIMENTOS,1,"141,01",pix,Matriz - Recife
4668,18/05/2025,Porta Sabonete,Casa e Utilidades,1,"161,12",Pix,Matriz - Recife
5760,26-08-2025,Cabo HDMI,Eletrônicos,2,"63,00",Dinheiro,Matriz - Recife
7064,16-12-2025,Jaqueta Corta-Vento,Vestuário,3,"62,58",Dinheiro,Matriz - Recife
7225,27/12/2025,Organizador de Gaveta,Casa e Utilidades,2,"31,04",Dinheiro,Matriz - Recife
3322,24-12-2024,Marcador de Texto,Papelaria,1,"88,47",Cartão de Débito,Matriz - Recife
3182,13-12-2024,Carregador USB-C,Eletrônicos,2,"13,84",pix,Matriz - Recife
3986,14-03-2025,Água de Coco 500ml,Alimentos,1,"59,94",Pix,Matriz - Recife
473,15/03/2024,Caixa de Som Portátil,Eletrônicos,2,"73,38",Dinheiro,Matriz - Recife
2228,14-09-2024,Cabo HDMI,Eletrônicos,1,"59,45",pix,Matriz - Recife
4324,18-04-2025,Barra de Cereal,,2,"131,96",Cartão de Débito,Matriz - Recife
568,26-03-2024,Caderno Universitário,Papelaria,2,"203,57",pix,Matriz - Recife
1077,20/05/2024,boné aba reta,,1,"107,88",Pix,Matriz - Recife
961,2024-05-09,Estojo Simples,Papelaria,1,"170,17",Cartão de Crédito,Matriz - Recife
4389,2025-04-26,Cola Bastão,PAPELARIA,2,"43,70",Cartão de Crédito,Matriz - Recife
1165,2024-05-27,Power Bank 10000mAh,Eletrônicos,-1,"192,31",Dinheiro,Matriz - Recife
718,2024-04-15,Marcador de Texto,PAPELARIA,1,"89,51",Cartão de Débito,Matriz - Recife
3065,04/12/2024,Meia Esportiva,Vestuário,1,"14,52",Pix,Matriz - Recife
5753,25-08-2025,Água de Coco 500ml,ALIMENTOS,1,"56,71",Cartão de Débito,Matriz - Recife
2659,2024-10-31,Vela Aromática,Casa e Utilidades,4,"32,09",Cartão de Crédito,Matriz - Recife
3468,05-01-2025,Água de Coco 500ml,Alimentos,1,"59,18",Cartão de Crédito,Matriz - Recife
6020,2025-09-23,Amendoim Torrado,ALIMENTOS,1,"159,52",Dinheiro,Matriz - Recife
506,19-03-2024,Organizador de Gaveta,CASA E UTILIDADES,4,"33,27",Cartão de Débito,Matriz - Recife
3572,24/01/2025,caderno universitário,Papelaria,1,"188,53",Dinheiro,Matriz - Recife
4424,2025-04-29,Mochila Escolar,Papelaria,1,"192,66",Dinheiro,Matriz - Recife
1616,04/07/2024,Porta Sabonete,Casa e Utilidades,5,"159,18",Cartão de Crédito,Matriz - Recife
6061,28-09-2025,Amendoim Torrado,Alimentos,2,"152,34",Pix,Matriz - Recife
429,11/03/2024,Jaqueta Corta-Vento,Vestuário,2,"58,56",Pix,Matriz - Recife
1552,2024-06-28,Suco de Caju 1L,Alimentos,1,"177,46",pix,Matriz - Recife
4571,10-05-2025,Power Bank 10000mAh,Eletrônicos,1,"173,01",Cartão de Débito,Matriz - Recife
7165,23/12/2025,Organizador de Gaveta,Casa e Utilidades,3,"31,69",Cartão de Crédito,Matriz - Recife
5657,14-08-2025,Caderno Universitário,Papelaria,1,"190,89",Dinheiro,Matriz - Recife
2992,2024-11-29,Mouse Sem Fio,Eletrônicos,1,"159,58",PIX,Matriz - Recife
7304,31/12/2025,caderno universitário,Papelaria,2,"191,25",Cartão de Débito,Matriz - Recife
6705,22-11-2025,Kit Panelas Antiaderente,Casa e Utilidades,3,"222,69",PIX,Matriz - Recife
5216,2025-06-29,Barra de Cereal,Alimentos,4,"149,09",,Matriz - Recife
747,18-04-2024,Caderno Universitário,Papelaria,5,"198,44",Dinheiro,Matriz - Recife
6120,2025-10-05,Bermuda Jeans,Vestuário,3,"28,83",Dinheiro,Matriz - Recife
2547,18/10/2024,Jogo de Toalhas,Casa e Utilidades,2,"91,37",Cartão de Débito,Matriz - Recife
4161,31-03-2025,Mouse Sem Fio,Eletrônicos,1,"160,16",Cartão de Débito,Matriz - Recife
5100,21-06-2025,Suco de Caju 1L,Alimentos,5,"153,19",pix,Matriz - Recife
238,2024-02-11,meia esportiva,Vestuário,5,"15,87",Pix,Matriz - Recife
7244,2025-12-28,Amendoim Torrado,Alimentos,3,"162,34",Cartão de Crédito,Matriz - Recife
799,24/04/2024,Caneta Esferográfica,Papelaria,1,"9,92",Cartão de Débito,Matriz - Recife
2644,2024-10-30,Água de Coco 500ml,Alimentos,3,"61,08",Pix,Matriz - Recife
2024,22-08-2024,Porta Sabonete,Casa e Utilidades,1,"142,70",Cartão de Crédito,Matriz - Recife
3537,19/01/2025,Cola Bastão,PAPELARIA,2,"43,00",Dinheiro,Matriz - Recife
50,08-01-2024,Porta Sabonete,Casa e Utilidades,1,"161,70",Cartão de Crédito,Matriz - Recife
2262,19-09-2024,Barra de Cereal,Alimentos,1,"142,59",PIX,Matriz - Recife
5375,18-07-2025,Bermuda Jeans,Vestuário,-2,"28,00",pix,Matriz - Recife
6887,03-12-2025,Meia Esportiva,Vestuário,-2,"16,01",Pix,Matriz - Recife
2985,28/11/2024,Jaqueta Corta-Vento,Vestuário,2,"59,31",pix,Matriz - Recife
4920,2025-06-05,Barra de Cereal,ALIMENTOS,4,"138,75",Pix,Matriz - Recife
1614,04/07/2024,Caderno Universitário,PAPELARIA,4,"205,55",Dinheiro,Matriz - Recife
6526,09/11/2025,Café Torrado 500g,Alimentos,3,"14,63",Dinheiro,Matriz - Recife
4321,17/04/2025,Caixa de Som Portátil,Eletrônicos,2,"79,04",pix,Matriz - Recife
508,19-03-2024,Fone de Ouvido Bluetooth,Eletrônicos,1,"165,21",PIX,Matriz - Recife
3917,07-03-2025,Vela Aromática,Casa e Utilidades,1,"29,30",Dinheiro,Matriz - Recife
2966,2024-11-27,Suco de Caju 1L,Alimentos,1,"172,13",Pix,Matriz - Recife
7273,29-12-2025,Suco de Caju 1L,Alimentos,3,"175,41",PIX,Matriz - Recife
6284,2025-10-22,Vela Aromática,Casa e Utilidades,2,"30,80",Dinheiro,Matriz - Recife
477,2024-03-16,Vela Aromática,Casa e Utilidades,1,"30,82",PIX,Matriz - Recife
5617,2025-08-11,mochila escolar,PAPELARIA,4,"217,62",Cartão de Débito,Matriz - Recife
5783,2025-08-28,Boné Aba Reta,VESTUÁRIO,1,"116,34",Dinheiro,Matriz - Recife
1164,27/05/2024,Fone de Ouvido Bluetooth,Eletrônicos,1,"150,07",Pix,Matriz - Recife
5685,18-08-2025,Água de Coco 500ml,,2,"58,02",pix,Matriz - Recife
4726,24/05/2025,Power Bank 10000mAh,Eletrônicos,1,"192,49",PIX,Matriz - Recife
1789,2024-07-25,Mouse Sem Fio,Eletrônicos,4,"182,96",Pix,Matriz - Recife
4949,07/06/2025,Carregador USB-C,Eletrônicos,1,"14,42",PIX,Matriz - Recife
6215,2025-10-14,Mouse Sem Fio,Eletrônicos,1,"167,61",Cartão de Crédito,Matriz - Recife
6485,07-11-2025,Escova de Limpeza,Casa e Utilidades,1,"223,40",Dinheiro,Matriz - Recife
3059,03/12/2024,Caderno Universitário,PAPELARIA,1,"200,28",pix,Matriz - Recife
6677,2025-11-20,Cabo HDMI,Eletrônicos,1,"58,49",Pix,Matriz - Recife
7056,16-12-2025,mochila escolar,Papelaria,2,"204,52",Pix,Matriz - Recife
975,11/05/2024,Estojo Simples,Papelaria,1,"166,12",Cartão de Crédito,Matriz - Recife
938,07-05-2024,Fone de Ouvido Bluetooth,Eletrônicos,5,"175,56",PIX,Matriz - Recife
1577,2024-06-30,Jogo de Toalhas,Casa e Utilidades,2,"90,63",Dinheiro,Matriz - Recife
1624,04-07-2024,Cola Bastão,,1,"42,55",Dinheiro,Matriz - Recife
6627,17/11/2025,Fone de Ouvido Bluetooth,ELETRÔNICOS,1,"153,23",pix,Matriz - Recife
2194,10/09/2024,Meia Esportiva,Vestuário,3,"14,52",PIX,Matriz - Recife
5612,10-08-2025,Porta Sabonete,Casa e Utilidades,2,"164,55",,Matriz - Recife
3467,05/01/2025,Biscoito Recheado,Alimentos,3,"58,78",pix,Matriz - Recife
4483,04-05-2025,Mochila Escolar,,1,"190,19",Dinheiro,Matriz - Recife
7230,27/12/2025,Organizador de Gaveta,Casa e Utilidades,1,"33,40",,Matriz - Recife
4373,24-04-2025,Estojo Simples,Papelaria,1,"188,31",pix,Matriz - Recife
7243,28-12-2025,Vela Aromática,Casa e Utilidades,1,"32,17",PIX,Matriz - Recife
5842,02-09-2025,Barra de Cereal,Alimentos,1,"144,14",PIX,Matriz - Recife
2046,2024-08-24,Cola Bastão,Papelaria,2,"48,10",PIX,Matriz - Recife
6499,2025-11-07,Escova de Limpeza,Casa e Utilidades,2,"221,20",Pix,Matriz - Recife
2925,2024-11-23,Biscoito Recheado,,1,"53,01",Dinheiro,Matriz - Recife
1216,2024-06-01,Cabo HDMI,Eletrônicos,1,"61,90",PIX,Matriz - Recife
678,2024-04-09,Chinelo de Dedo,Vestuário,1,"132,88",Pix,Matriz - Recife
6289,22-10-2025,Power Bank 10000mAh,Eletrônicos,2,"174,79",Cartão de Crédito,Matriz - Recife
5026,14-06-2025,Cola Bastão,Papelaria,2,"46,45",Cartão de Crédito,Matriz - Recife
6832,30-11-2025,Água de Coco 500ml,Alimentos,1,"64,89",Dinheiro,Matriz - Recife
2882,2024-11-19,Cola Bastão,,3,"47,09",Cartão de Crédito,Matriz - Recife
2109,01-09-2024,Estojo Simples,Papelaria,1,"187,76",Cartão de Débito,Matriz - Recife
1500,24-06-2024,Café Torrado 500g,Alimentos,1,"14,73",PIX,Matriz - Recife
7097,2025-12-18,Boné Aba Reta,Vestuário,4,"109,84",pix,Matriz - Recife
1979,15/08/2024,Bermuda Jeans,Vestuário,3,"30,32",Cartão de Crédito,Matriz - Recife
2591,24/10/2024,Caixa de Som Portátil,Eletrônicos,1,"71,99",PIX,Matriz - Recife
3597,2025-01-27,Caderno Universitário,Papelaria,1,"192,42",Cartão de Débito,Matriz - Recife
6186,11-10-2025,Cola Bastão,Papelaria,2,"47,15",Pix,Matriz - Recife
4024,2025-03-18,Jaqueta Corta-Vento,Vestuário,3,"56,48",Dinheiro,Matriz - Recife
1948,11/08/2024,Chinelo de Dedo,VESTUÁRIO,1,"135,30",Dinheiro,Matriz - Recife
888,02/05/2024,Água de Coco 500ml,,2,"58,04",Cartão de Crédito,Matriz - Recife
3376,27/12/2024,Água de Coco 500ml,Alimentos,1,"61,91",Cartão de Crédito,Matriz - Recife
5930,12-09-2025,Boné Aba Reta,Vestuário,1,"118,37",pix,Matriz - Recife
1818,27/07/2024,Água de Coco 500ml,Alimentos,1,"56,67",Dinheiro,Matriz - Recife
1136,2024-05-24,Chinelo de Dedo,VESTUÁRIO,2,"121,35",Cartão de Crédito,Matriz - Recife
2575,22-10-2024,Suco de Caju 1L,Alimentos,1,"163,13",Dinheiro,Matriz - Recife
4842,31/05/2025,Cabo HDMI,Eletrônicos,1,"59,80",Cartão de Débito,Matriz - Recife
774,21-04-2024,Caneta Esferográfica,Papelaria,1,"8,98",Cartão de Crédito,Matriz - Recife
811,25-04-2024,Organizador de Gaveta,Casa e Utilidades,2,"31,37",pix,Matriz - Recife
5418,2025-07-22,Chinelo de Dedo,Vestuário,2,"134,82",Cartão de Débito,Matriz - Recife
5941,14-09-2025,Biscoito Recheado,Alimentos,1,"54,32",Dinheiro,Matriz - Recife
4434,01-05-2025,Power Bank 10000mAh,,2,"180,53",PIX,Matriz - Recife
2733,07-11-2024,Água de Coco 500ml,Alimentos,1,"63,78",Dinheiro,Matriz - Recife
78,12-01-2024,Meia Esportiva,VESTUÁRIO,2,"15,11",Cartão de Débito,Matriz - Recife
3414,2024-12-30,Escova de Limpeza,Casa e Utilidades,2,"201,91",PIX,Matriz - Recife
2443,2024-10-07,Biscoito Recheado,Alimentos,2,"56,64",Dinheiro,Matriz - Recife
6042,26-09-2025,Jogo de Toalhas,Casa e Utilidades,1,"83,60",pix,Matriz - Recife
1567,29-06-2024,Biscoito Recheado,Alimentos,2,"57,27",Cartão de Crédito,Matriz - Recife
2926,24-11-2024,Barra de Cereal,Alimentos,2,"139,95",pix,Matriz - Recife
1388,2024-06-14,Chinelo de Dedo,Vestuário,1,"132,45",PIX,Matriz - Recife
6460,05/11/2025,Biscoito Recheado,Alimentos,1,"60,53",Pix,Matriz - Recife
4675,19-05-2025,Marcador de Texto,,3,"93,60",PIX,Matriz - Recife
2996,2024-11-29,Meia Esportiva,Vestuário,3,"15,28",Cartão de Débito,Matriz - Recife
3029,01/12/2024,caneta esferográfica,Papelaria,2,"9,88",Pix,Matriz - Recife
2178,09-09-2024,Café Torrado 500g,Alimentos,1,"14,78",Pix,Matriz - Recife
858,30-04-2024,Vela Aromática,Casa e Utilidades,1,"29,01",Cartão de Crédito,Matriz - Recife
5093,2025-06-20,Carregador USB-C,Eletrônicos,2,"14,08",pix,Matriz - Recife
2308,23-09-2024,Kit Panelas Antiaderente,Casa e Utilidades,1,"233,71",Cartão de Débito,Matriz - Recife
263,14-02-2024,Água de Coco 500ml,Alimentos,1,"63,32",Pix,Matriz - Recife
3865,03-03-2025,Caderno Universitário,Papelaria,4,"204,99",Dinheiro,Matriz - Recife
515,20-03-2024,Suco de Caju 1L,Alimentos,1,"158,70",pix,Matriz - Recife
2979,28/11/2024,Mouse Sem Fio,ELETRÔNICOS,1,"168,44",Dinheiro,Matriz - Recife
5154,2025-06-25,Organizador de Gaveta,CASA E UTILIDADES,3,"33,11",Cartão de Crédito,Matriz - Recife
7103,19-12-2025,Fone de Ouvido Bluetooth,Eletrônicos,3,"153,27",Dinheiro,Matriz - Recife
1326,10-06-2024,Meia Esportiva,Vestuário,4,"14,24",Cartão de Crédito,Matriz - Recife
5958,15/09/2025,Porta Sabonete,,1,"142,73",Pix,Matriz - Recife
6507,2025-11-08,Caneta Esferográfica,Papelaria,1,"10,07",pix,Matriz - Recife
4160,31/03/2025,Caixa de Som Portátil,ELETRÔNICOS,1,"77,38",PIX,Matriz - Recife
2986,28/11/2024,Caneta Esferográfica,Papelaria,1,"10,01",Pix,Matriz - Recife
4689,20/05/2025,kit panelas antiaderente,Casa e Utilidades,2,"228,01",Pix,Matriz - Recife
3232,2024-12-18,Boné Aba Reta,Vestuário,5,"114,32",Pix,Matriz - Recife
4932,06-06-2025,Carregador USB-C,Eletrônicos,4,"14,07",Cartão de Débito,Matriz - Recife
4600,2025-05-13,Cola Bastão,Papelaria,2,"44,28",Dinheiro,Matriz - Recife
73,11-01-2024,Meia Esportiva,Vestuário,-5,"14,30",Pix,Matriz - Recife
6971,11/12/2025,Cola Bastão,Papelaria,1,"43,05",PIX,Matriz - Recife
1086,21/05/2024,Marcador de Texto,Papelaria,2,"84,51",Dinheiro,Matriz - Recife
5421,22-07-2025,Mochila Escolar,Papelaria,1,"210,87",pix,Matriz - Recife
1480,23-06-2024,Cabo HDMI,Eletrônicos,2,"65,58",pix,Matriz - Recife
4941,2025-06-07,Suco de Caju 1L,Alimentos,4,"161,33",PIX,Matriz - Recife
4898,04-06-2025,Café Torrado 500g,Alimentos,1,"14,56",Cartão de Débito,Matriz - Recife
139,2024-01-25,Boné Aba Reta,Vestuário,2,"103,44",pix,Matriz - Recife
6946,08-12-2025,Vela Aromática,Casa e Utilidades,1,"31,38",Cartão de Débito,Matriz - Recife
819,26/04/2024,Mochila Escolar,Papelaria,2,"199,93",Dinheiro,Matriz - Recife
7310,2025-12-31,Café Torrado 500g,Alimentos,5,"14,01",Cartão de Crédito,Matriz - Recife
3697,07/02/2025,marcador de texto,Papelaria,-4,"87,82",Dinheiro,Matriz - Recife
6343,27/10/2025,Power Bank 10000mAh,ELETRÔNICOS,2,"190,23",pix,Matriz - Recife
4078,24-03-2025,Café Torrado 500g,ALIMENTOS,-1,"14,98",Dinheiro,Matriz - Recife
4757,26-05-2025,Suco de Caju 1L,ALIMENTOS,2,"177,67",Cartão de Débito,Matriz - Recife
5933,13-09-2025,Porta Sabonete,Casa e Utilidades,3,"143,06",Cartão de Débito,Matriz - Recife
6731,23/11/2025,mouse sem fio,Eletrônicos,1,"171,99",Dinheiro,Matriz - Recife
3498,2025-01-10,Estojo Simples,Papelaria,2,"178,46",Dinheiro,Matriz - Recife
5568,05-08-2025,Boné Aba Reta,Vestuário,2,"117,11",PIX,Matriz - Recife
1961,13-08-2024,Mouse Sem Fio,Eletrônicos,4,"175,53",Pix,Matriz - Recife
5735,23-08-2025,Porta Sabonete,Casa e Utilidades,1,"142,17",Dinheiro,Matriz - Recife
6449,2025-11-04,escova de limpeza,Casa e Utilidades,5,"216,89",pix,Matriz - Recife
4466,03-05-2025,Cola Bastão,PAPELARIA,1,"44,59",pix,Matriz - Recife
7171,2025-12-24,Mochila Escolar,PAPELARIA,1,"217,18",Cartão de Débito,Matriz - Recife
2715,06/11/2024,Fone de Ouvido Bluetooth,Eletrônicos,2,"168,89",Cartão de Débito,Matriz - Recife
1053,17/05/2024,Água de Coco 500ml,Alimentos,1,"63,04",pix,Matriz - Recife
475,16/03/2024,Escova de Limpeza,Casa e Utilidades,2,"214,97",pix,Matriz - Recife
3675,04-02-2025,barra de cereal,Alimentos,1,"141,40",Dinheiro,Matriz - Recife
6440,2025-11-04,Suco de Caju 1L,Alimentos,2,"165,61",Dinheiro,Matriz - Recife
6715,22-11-2025,Caneta Esferográfica,Papelaria,2,"10,16",PIX,Matriz - Recife
3943,09-03-2025,Organizador de Gaveta,Casa e Utilidades,4,"31,39",Dinheiro,Matriz - Recife
5540,03-08-2025,mouse sem fio,Eletrônicos,2,"181,21",Pix,Matriz - Recife
549,24-03-2024,Jaqueta Corta-Vento,Vestuário,1,"59,12",pix,Matriz - Recife
1521,26-06-2024,Jaqueta Corta-Vento,Vestuário,-4,"65,04",Dinheiro,Matriz - Recife
335,26/02/2024,Caixa de Som Portátil,Eletrônicos,1,"71,14",Pix,Matriz - Recife
3601,2025-01-27,caneta esferográfica,PAPELARIA,1,"9,84",Cartão de Débito,Matriz - Recife
2232,15/09/2024,Estojo Simples,Papelaria,2,"189,41",pix,Matriz - Recife
5655,14/08/2025,porta sabonete,Casa e Utilidades,2,"149,88",pix,Matriz - Recife
1507,25-06-2024,Jogo de Toalhas,Casa e Utilidades,1,"84,07",Cartão de Crédito,Matriz - Recife
3284,21/12/2024,Escova de Limpeza,Casa e Utilidades,2,"207,30",pix,Matriz - Recife
2077,2024-08-27,Caderno Universitário,Papelaria,1,"213,25",Cartão de Débito,Matriz - Recife
6283,2025-10-22,Barra de Cereal,ALIMENTOS,1,"134,95",Cartão de Débito,Matriz - Recife
6631,2025-11-17,Boné Aba Reta,Vestuário,2,"108,95",Cartão de Débito,Matriz - Recife
1146,25/05/2024,Meia Esportiva,Vestuário,5,"16,14",Pix,Matriz - Recife
6352,28-10-2025,Caixa de Som Portátil,Eletrônicos,3,"68,81",pix,Matriz - Recife
2738,08/11/2024,Meia Esportiva,Vestuário,4,"14,17",Pix,matriz-recife
1658,2024-07-08,Porta Sabonete,CASA E UTILIDADES,3,"164,39",Cartão de Débito,Matriz - Recife
5586,07/08/2025,Caderno Universitário,Papelaria,5,"219,26",PIX,Matriz - Recife
733,2024-04-17,Mouse Sem Fio,Eletrônicos,2,"185,16",Cartão de Crédito,Matriz - Recife
5990,2025-09-19,Marcador de Texto,Papelaria,4,"91,52",Cartão de Crédito,Matriz - Recife
4261,11/04/2025,Boné Aba Reta,Vestuário,1,"112,62",Cartão de Crédito,Matriz - Recife
6881,03-12-2025,Bermuda Jeans,Vestuário,4,"30,39",PIX,Matriz - Recife
5670,2025-08-15,Cabo HDMI,Eletrônicos,3,"58,86",PIX,Matriz - Recife
1708,15/07/2024,Fone de Ouvido Bluetooth,Eletrônicos,1,"173,65",Pix,Matriz - Recife
5340,2025-07-15,Barra de Cereal,ALIMENTOS,1,"143,65",PIX,Matriz - Recife
4737,25-05-2025,Carregador USB-C,Eletrônicos,3,"13,85",PIX,Matriz - Recife
4601,2025-05-13,Água de Coco 500ml,ALIMENTOS,1,"60,51",Cartão de Débito,Matriz - Recife
4547,08-05-2025,Biscoito Recheado,Alimentos,4,"57,32",,Matriz - Recife
2795,14/11/2024,Caderno Universitário,Papelaria,2,"212,13",Pix,Matriz - Recife
4263,2025-04-11,Porta Sabonete,Casa e Utilidades,4,"146,34",Dinheiro,Matriz - Recife
3530,17/01/2025,Mouse Sem Fio,Eletrônicos,1,"168,15",PIX,Matriz - Recife
106,19/01/2024,Caderno Universitário,Papelaria,2,"190,11",Dinheiro,Matriz - Recife
2424,05-10-2024,Café Torrado 500g,Alimentos,2,"13,37",PIX,Matriz - Recife
1044,16/05/2024,Amendoim Torrado,Alimentos,1,"153,65",pix,Matriz - Recife
6184,2025-10-11,Bermuda Jeans,Vestuário,2,"31,32",PIX,Matriz - Recife
4200,2025-04-05,Caneta Esferográfica,Papelaria,-2,"9,38",Dinheiro,Matriz - Recife
2642,30/10/2024,Água de Coco 500ml,Alimentos,2,"63,39",PIX,Matriz - Recife
4280,2025-04-12,Kit Panelas Antiaderente,Casa e Utilidades,1,"229,27",PIX,Matriz - Recife
1627,05/07/2024,Estojo Simples,PAPELARIA,2,"181,12",Pix,Matriz - Recife
2664,02/11/2024,power bank 10000mah,Eletrônicos,1,"193,66",PIX,Matriz - Recife
1846,31/07/2024,Café Torrado 500g,,1,"14,41",Dinheiro,Matriz - Recife
5066,2025-06-18,Água de Coco 500ml,Alimentos,1,"60,46",Cartão de Débito,Matriz - Recife
734,17/04/2024,Água de Coco 500ml,Alimentos,1,"60,08",Pix,Matriz - Recife
5728,22-08-2025,Cabo HDMI,ELETRÔNICOS,3,"61,88",Cartão de Crédito,Matriz - Recife
3119,09-12-2024,Mochila Escolar,Papelaria,2,"195,43",Pix,Matriz - Recife
1718,16-07-2024,Boné Aba Reta,Vestuário,3,"106,54",Pix,Matriz - Recife
2510,2024-10-14,Camiseta Básica,Vestuário,1,"220,81",Cartão de Crédito,Matriz - Recife
7046,15/12/2025,Caixa de Som Portátil,,1,"75,41",Cartão de Crédito,Matriz - Recife
6659,19/11/2025,Organizador de Gaveta,Casa e Utilidades,1,"29,11",Pix,Matriz - Recife
2357,29/09/2024,Amendoim Torrado,Alimentos,2,"141,77",Dinheiro,Matriz - Recife
3878,04/03/2025,Bermuda Jeans,Vestuário,1,"31,01",Pix,Matriz - Recife
7312,31-12-2025,Power Bank 10000mAh,Eletrônicos,2,"195,67",Cartão de Crédito,Matriz - Recife
739,17/04/2024,Caixa de Som Portátil,Eletrônicos,3,"80,48",Cartão de Débito,Matriz - Recife
5166,26-06-2025,Mochila Escolar,Papelaria,2,"204,29",Cartão de Crédito,Matriz - Recife
308,2024-02-22,power bank 10000mah,Eletrônicos,2,"175,78",PIX,Matriz - Recife
6017,2025-09-23,Barra de Cereal,ALIMENTOS,1,"150,75",Cartão de Débito,Matriz - Recife
4823,2025-05-30,Bermuda Jeans,Vestuário,2,"27,61",Pix,Matriz - Recife
4,01/01/2024,Carregador USB-C,Eletrônicos,3,"14,74",Cartão de Crédito,Matriz - Recife
5508,2025-07-31,Mochila Escolar,Papelaria,4,"199,83",Dinheiro,Matriz - Recife
1303,08-06-2024,Biscoito Recheado,Alimentos,3,"59,44",Cartão de Crédito,Matriz - Recife
214,2024-02-06,Bermuda Jeans,Vestuário,2,"28,72",Dinheiro,Matriz - Recife
587,2024-03-30,Mochila Escolar,Papelaria,1,"217,18",Cartão de Crédito,Matriz - Recife
1335,10/06/2024,Kit Panelas Antiaderente,Casa e Utilidades,1,"241,09",Pix,Matriz - Recife
5907,10-09-2025,Amendoim Torrado,Alimentos,3,"153,25",Dinheiro,Matriz - Recife
2197,2024-09-11,jogo de toalhas,Casa e Utilidades,2,"88,04",pix,Matriz - Recife
2512,2024-10-14,Boné Aba Reta,Vestuário,1,"117,15",Dinheiro,Matriz - Recife
516,20-03-2024,Marcador de Texto,Papelaria,1,"96,05",Cartão de Crédito,Matriz - Recife
4207,06-04-2025,Fone de Ouvido Bluetooth,Eletrônicos,5,"173,39",Cartão de Crédito,Matriz - Recife
929,2024-05-07,Estojo Simples,Papelaria,3,"188,97",Cartão de Débito,Matriz - Recife
1611,03-07-2024,Power Bank 10000mAh,Eletrônicos,2,"188,48",pix,Matriz - Recife
4054,2025-03-21,Boné Aba Reta,Vestuário,2,"104,59",Pix,Matriz - Recife
297,21-02-2024,Caderno Universitário,Papelaria,2,"215,83",Dinheiro,Matriz - Recife
3600,27/01/2025,Vela Aromática,Casa e Utilidades,5,"32,47",Pix,Matriz - Recife
496,18-03-2024,Porta Sabonete,Casa e Utilidades,4,"147,12",Cartão de Débito,Matriz - Recife
6730,23-11-2025,Power Bank 10000mAh,Eletrônicos,2,"183,53",PIX,Matriz - Recife
2820,16/11/2024,Mochila Escolar,Papelaria,1,"217,57",Cartão de Crédito,Matriz - Recife
2336,26/09/2024,Água de Coco 500ml,ALIMENTOS,1,"62,08",Pix,Matriz - Recife
6593,2025-11-14,Fone de Ouvido Bluetooth,Eletrônicos,2,"154,48",Cartão de Débito,Matriz - Recife
3209,15-12-2024,Boné Aba Reta,Vestuário,1,"102,97",Cartão de Crédito,Matriz - Recife
3095,07-12-2024,Jogo de Toalhas,Casa e Utilidades,1,"85,43",Cartão de Crédito,Matriz - Recife
3272,2024-12-21,Power Bank 10000mAh,Eletrônicos,5,"185,00",Cartão de Crédito,Matriz - Recife
4382,2025-04-25,Estojo Simples,Papelaria,1,"189,69",Cartão de Crédito,Matriz - Recife
4947,07-06-2025,mouse sem fio,Eletrônicos,4,"176,37",Cartão de Débito,Matriz - Recife
502,19/03/2024,Caderno Universitário,Papelaria,2,"218,07",PIX,Matriz - Recife
1195,2024-05-31,Bermuda Jeans,Vestuário,1,"28,52",PIX,Matriz - Recife
2459,08/10/2024,Kit Panelas Antiaderente,Casa e Utilidades,-2,"256,66",Cartão de Crédito,Matriz - Recife
6615,2025-11-16,Mochila Escolar,Papelaria,3,"187,02",PIX,Matriz - Recife
2613,26/10/2024,Marcador de Texto,Papelaria,3,"83,80",pix,Matriz - Recife
3110,08/12/2024,Barra de Cereal,ALIMENTOS,3,"144,78",Pix,Matriz - Recife
3074,2024-12-05,Camiseta Básica,Vestuário,1,"211,72",pix,Matriz - Recife
6799,2025-11-28,Escova de Limpeza,Casa e Utilidades,1,"211,96",Cartão de Crédito,Matriz - Recife
4016,17/03/2025,Escova de Limpeza,Casa e Utilidades,1,"199,06",Pix,Matriz - Recife
6938,2025-12-07,Meia Esportiva,Vestuário,1,"15,04",Cartão de Crédito,Matriz - Recife
3356,2024-12-26,caneta esferográfica,Papelaria,1,"9,89",Dinheiro,Matriz - Recife
2376,01-10-2024,Suco de Caju 1L,ALIMENTOS,1,"154,07",PIX,Matriz - Recife
3968,2025-03-12,Boné Aba Reta,Vestuário,4,"113,55",Cartão de Débito,Matriz - Recife
7029,2025-12-14,Cabo HDMI,Eletrônicos,5,"66,50",Dinheiro,Matriz - Recife
6696,21/11/2025,Água de Coco 500ml,Alimentos,2,"59,36",Pix,Matriz - Recife
2569,2024-10-21,Caixa de Som Portátil,Eletrônicos,2,"70,65",Pix,Matriz - Recife
3990,2025-03-14,Café Torrado 500g,Alimentos,3,"15,25",Cartão de Débito,Matriz - Recife
851,29/04/2024,Jogo de Toalhas,Casa e Utilidades,-3,"93,86",PIX,Matriz - Recife
1721,16-07-2024,Escova de Limpeza,CASA E UTILIDADES,4,"223,73",Dinheiro,Matriz - Recife
5427,2025-07-22,Power Bank 10000mAh,Eletrônicos,1,"199,68",Cartão de Débito,Matriz - Recife
2100,31-08-2024,Power Bank 10000mAh,ELETRÔNICOS,3,"176,89",Dinheiro,Matriz - Recife
1647,07/07/2024,Amendoim Torrado,Alimentos,1,"145,74",pix,Matriz - Recife
820,2024-04-26,Café Torrado 500g,ALIMENTOS,1,"13,64",pix,Matriz - Recife
4826,30-05-2025,Caixa de Som Portátil,Eletrônicos,5,"79,43",Cartão de Débito,Matriz - Recife
675,09/04/2024,Meia Esportiva,Vestuário,1,"14,83",Cartão de Débito,Matriz - Recife
1539,2024-06-27,Barra de Cereal,Alimentos,1,"129,87",Cartão de Débito,Matriz - Recife
1213,2024-06-01,Carregador USB-C,ELETRÔNICOS,1,"14,67",PIX,Matriz - Recife
2938,25/11/2024,Caixa de Som Portátil,Eletrônicos,1,"79,05",pix,Matriz - Recife
2416,2024-10-04,Suco de Caju 1L,Alimentos,1,"152,27",Dinheiro,Matriz - Recife
84,15-01-2024,Chinelo de Dedo,,3,"140,31",Pix,Matriz - Recife
5984,17-09-2025,Bermuda Jeans,,1,"27,39",PIX,Matriz - Recife
1849,01-08-2024,Fone de Ouvido Bluetooth,Eletrônicos,1,"159,47",PIX,Matriz - Recife
3995,15/03/2025,Estojo Simples,PAPELARIA,1,"183,07",Dinheiro,Matriz - Recife
2940,2024-11-25,Cabo HDMI,Eletrônicos,5,"66,95",Cartão de Crédito,Matriz - Recife
6366,30-10-2025,Água de Coco 500ml,Alimentos,1,"59,40",PIX,Matriz - Recife
5155,25/06/2025,Carregador USB-C,Eletrônicos,1,"14,25",Pix,Matriz - Recife
6950,08/12/2025,Meia Esportiva,VESTUÁRIO,2,"14,27",Cartão de Débito,Matriz - Recife
6385,2025-11-01,Mouse Sem Fio,ELETRÔNICOS,1,"180,29",PIX,Matriz - Recife
6248,2025-10-18,Mouse Sem Fio,Eletrônicos,1,"165,73",Dinheiro,Matriz - Recife
5991,2025-09-19,Mochila Escolar,Papelaria,2,"202,87",PIX,Matriz - Recife
413,10-03-2024,mochila escolar,Papelaria,3,"188,66",Cartão de Débito,Matriz - Recife
6619,2025-11-16,Carregador USB-C,Eletrônicos,1,"13,42",PIX,Matriz - Recife
4835,30/05/2025,Estojo Simples,Papelaria,3,"187,33",Dinheiro,Matriz - Recife
123,22/01/2024,Meia Esportiva,VESTUÁRIO,4,"16,26",Cartão de Crédito,Matriz - Recife
6232,16-10-2025,Fone de Ouvido Bluetooth,ELETRÔNICOS,-3,"155,55",Pix,Matriz - Recife
2013,20/08/2024,Camiseta Básica,Vestuário,2,"223,50",Dinheiro,Matriz - Recife
5291,09/07/2025,Cabo HDMI,Eletrônicos,1,"60,72",Cartão de Débito,Matriz - Recife
6641,2025-11-18,Fone de Ouvido Bluetooth,ELETRÔNICOS,3,"173,18",Pix,Matriz - Recife
3521,16-01-2025,Organizador de Gaveta,CASA E UTILIDADES,3,"30,53",pix,Matriz - Recife
3591,26/01/2025,Vela Aromática,Casa e Utilidades,3,"30,17",pix,Matriz - Recife
5734,2025-08-23,Chinelo de Dedo,Vestuário,3,"133,01",pix,Matriz - Recife
1466,22-06-2024,Água de Coco 500ml,ALIMENTOS,1,"58,89",pix,Matriz - Recife
2,2024-01-01,Boné Aba Reta,Vestuário,5,"116,37",Cartão de Crédito,Matriz - Recife
6558,11-11-2025,Caixa de Som Portátil,Eletrônicos,3,"69,63",Pix,Matriz - Recife
6321,25/10/2025,Jogo de Toalhas,Casa e Utilidades,1,"84,08",Pix,Matriz - Recife
656,08/04/2024,Mochila Escolar,Papelaria,2,"214,04",Cartão de Crédito,Matriz - Recife
6549,2025-11-10,Organizador de Gaveta,,4,"32,40",Cartão de Débito,Matriz - Recife
3957,11/03/2025,Jaqueta Corta-Vento,Vestuário,5,"58,49",pix,Matriz - Recife
959,09-05-2024,Caderno Universitário,PAPELARIA,1,"218,77",Pix,Matriz - Recife
5903,09-09-2025,Amendoim Torrado,Alimentos,2,"139,98",Dinheiro,Matriz - Recife
3328,25-12-2024,Cabo HDMI,Eletrônicos,1,"61,88",PIX,Matriz - Recife
762,20/04/2024,Jaqueta Corta-Vento,Vestuário,1,"62,17",PIX,Matriz - Recife
5002,11/06/2025,Fone de Ouvido Bluetooth,ELETRÔNICOS,4,"167,65",Cartão de Crédito,Matriz - Recife
6096,03/10/2025,Água de Coco 500ml,,3,"64,90",PIX,Matriz - Recife
3671,2025-02-04,Biscoito Recheado,Alimentos,3,"59,69",Cartão de Crédito,Matriz - Recife
5119,21-06-2025,Porta Sabonete,CASA E UTILIDADES,3,"156,68",,Matriz - Recife
2064,26-08-2024,Meia Esportiva,,1,"14,14",pix,Matriz - Recife
6860,02/12/2025,Cabo HDMI,Eletrônicos,1,"58,87",Cartão de Crédito,Matriz - Recife
4695,21-05-2025,Jaqueta Corta-Vento,Vestuário,1,"58,10",Dinheiro,Matriz - Recife
2124,03-09-2024,Porta Sabonete,Casa e Utilidades,1,"153,88",Cartão de Crédito,Matriz - Recife
4152,31-03-2025,Chinelo de Dedo,Vestuário,1,"123,11",Pix,Matriz - Recife
3627,30/01/2025,Barra de Cereal,,-2,"129,50",Dinheiro,Matriz - Recife
4854,01-06-2025,Kit Panelas Antiaderente,Casa e Utilidades,2,"229,33",Cartão de Crédito,Matriz - Recife
1369,13-06-2024,Suco de Caju 1L,Alimentos,2,"176,77",pix,Matriz - Recife
3247,19/12/2024,Organizador de Gaveta,Casa e Utilidades,1,"30,82",Pix,Matriz - Recife
4087,25-03-2025,Caixa de Som Portátil,Eletrônicos,5,"74,71",Dinheiro,Matriz - Recife
6483,07/11/2025,Power Bank 10000mAh,Eletrônicos,1,"174,18",Dinheiro,Matriz - Recife
6127,2025-10-05,Escova de Limpeza,Casa e Utilidades,1,"228,16",pix,Matriz - Recife
2413,2024-10-04,jogo de toalhas,Casa e Utilidades,1,"85,87",PIX,Matriz - Recife
4225,08-04-2025,Caixa de Som Portátil,Eletrônicos,2,"77,56",PIX,Matriz - Recife
703,2024-04-13,meia esportiva,Vestuário,1,"15,85",Cartão de Crédito,Matriz - Recife
971,10-05-2024,marcador de texto,Papelaria,3,"90,68",PIX,Matriz - Recife
5965,16-09-2025,chinelo de dedo,Vestuário,3,"126,92",Dinheiro,Matriz - Recife
6859,02/12/2025,Marcador de Texto,Papelaria,3,"95,56",PIX,Matriz - Recife
6408,03-11-2025,Amendoim Torrado,Alimentos,1,"153,33",Dinheiro,Matriz - Recife
2171,2024-09-08,Carregador USB-C,Eletrônicos,2,"15,13",pix,Matriz - Recife
2818,2024-11-15,Porta Sabonete,Casa e Utilidades,1,"165,66",Pix,Matriz - Recife
7184,2025-12-25,Porta Sabonete,Casa e Utilidades,2,"152,00",Dinheiro,Matriz - Recife
4066,22/03/2025,Vela Aromática,,2,"29,00",Dinheiro,Matriz - Recife
5757,2025-08-25,Jaqueta Corta-Vento,Vestuário,1,"63,77",PIX,Matriz - Recife
2933,24/11/2024,Caneta Esferográfica,Papelaria,1,"9,49",Cartão de Débito,Matriz - Recife
3754,2025-02-15,Cabo HDMI,Eletrônicos,2,"66,87",Cartão de Débito,Matriz - Recife
3273,2024-12-21,Jaqueta Corta-Vento,Vestuário,1,"63,64",Cartão de Débito,Matriz - Recife
5901,2025-09-09,Kit Panelas Antiaderente,Casa e Utilidades,1,"226,04",Cartão de Crédito,Matriz - Recife
603,31/03/2024,Biscoito Recheado,Alimentos,3,"58,36",Dinheiro,Matriz - Recife
6075,01-10-2025,Porta Sabonete,Casa e Utilidades,1,"145,59",Cartão de Débito,Matriz - Recife
3967,12/03/2025,Biscoito Recheado,Alimentos,5,"53,03",Pix,Matriz - Recife
4753,26/05/2025,Barra de Cereal,Alimentos,1,"140,04",Pix,Matriz - Recife
3546,2025-01-20,Porta Sabonete,CASA E UTILIDADES,3,"143,10",Cartão de Débito,Matriz - Recife
6464,2025-11-05,Organizador de Gaveta,Casa e Utilidades,1,"30,28",pix,Matriz - Recife
6962,2025-12-09,organizador de gaveta,Casa e Utilidades,2,"30,03",Cartão de Crédito,Matriz - Recife
4984,10-06-2025,Caixa de Som Portátil,Eletrônicos,2,"73,92",Cartão de Débito,Matriz - Recife
861,30/04/2024,Fone de Ouvido Bluetooth,Eletrônicos,1,"150,00",Dinheiro,Matriz - Recife
3073,2024-12-05,Caderno Universitário,Papelaria,1,"217,86",Pix,Matriz - Recife
6546,10-11-2025,Caneta Esferográfica,Papelaria,4,"10,16",Dinheiro,Matriz - Recife
6421,03/11/2025,Estojo Simples,Papelaria,2,"182,34",Cartão de Débito,Matriz - Recife
1239,2024-06-03,Cabo HDMI,Eletrônicos,1,"60,17",Dinheiro,Matriz - Recife
3905,2025-03-06,Cola Bastão,Papelaria,1,"42,14",Dinheiro,Matriz - Recife
4519,06/05/2025,Caixa de Som Portátil,,-1,"70,45",Cartão de Crédito,Matriz - Recife
4080,24/03/2025,Vela Aromática,Casa e Utilidades,2,"28,81",Cartão de Crédito,Matriz - Recife
4622,15-05-2025,Marcador de Texto,PAPELARIA,3,"86,16",pix,Matriz - Recife
4317,2025-04-17,Bermuda Jeans,Vestuário,1,"28,66",Pix,Matriz - Recife
1631,05/07/2024,Camiseta Básica,Vestuário,1,"226,99",Cartão de Crédito,Matriz - Recife
4975,09/06/2025,Mouse Sem Fio,Eletrônicos,1,"160,84",Cartão de Crédito,Matriz - Recife
2844,2024-11-17,Caixa de Som Portátil,ELETRÔNICOS,5,"77,47",Dinheiro,Matriz - Recife
4897,04/06/2025,Amendoim Torrado,Alimentos,1,"152,97",PIX,Matriz - Recife
2686,03-11-2024,mochila escolar,Papelaria,2,"214,01",Dinheiro,Matriz - Recife
4331,19/04/2025,Biscoito Recheado,Alimentos,1,"51,72",Pix,Matriz - Recife
2088,2024-08-30,Marcador de Texto,Papelaria,2,"97,00",Dinheiro,matriz-recife
7282,2025-12-30,Água de Coco 500ml,Alimentos,1,"58,17",Cartão de Crédito,Matriz - Recife
6327,26-10-2025,Meia Esportiva,Vestuário,4,"15,96",PIX,Matriz - Recife
65,2024-01-10,Jaqueta Corta-Vento,Vestuário,1,"63,97",Cartão de Débito,Matriz - Recife
3690,06-02-2025,Caneta Esferográfica,Papelaria,3,"9,86",Dinheiro,Matriz - Recife
6241,17-10-2025,carregador usb-c,Eletrônicos,2,"14,79",Cartão de Débito,Matriz - Recife
4180,2025-04-03,Power Bank 10000mAh,Eletrônicos,2,"185,09",pix,Matriz - Recife
5236,2025-07-01,Organizador de Gaveta,Casa e Utilidades,1,"30,34",Dinheiro,Matriz - Recife
5376,18/07/2025,Escova de Limpeza,Casa e Utilidades,4,"223,91",Pix,Matriz - Recife
5641,2025-08-13,Camiseta Básica,Vestuário,2,"206,53",Cartão de Débito,Matriz - Recife
6550,2025-11-11,Amendoim Torrado,Alimentos,2,"157,98",PIX,Matriz - Recife
5225,2025-06-30,Meia Esportiva,Vestuário,3,"14,19",Pix,Matriz - Recife
6775,2025-11-26,Suco de Caju 1L,Alimentos,-2,"175,25",pix,Matriz - Recife
1104,21-05-2024,Caderno Universitário,Papelaria,1,"210,37",pix,Matriz - Recife
5748,2025-08-25,Caneta Esferográfica,Papelaria,2,"9,77",Cartão de Débito,Matriz - Recife
5772,2025-08-27,Fone de Ouvido Bluetooth,Eletrônicos,2,"175,01",Cartão de Crédito,Matriz - Recife
5725,22/08/2025,Camiseta Básica,Vestuário,2,"228,79",Pix,Matriz - Recife
4378,25/04/2025,Bermuda Jeans,VESTUÁRIO,4,"31,08",Cartão de Débito,Matriz - Recife
4744,25/05/2025,Água de Coco 500ml,ALIMENTOS,1,"62,81",pix,Matriz - Recife
981,11-05-2024,Escova de Limpeza,Casa e Utilidades,2,"229,00",Cartão de Débito,Matriz - Recife
2672,2024-11-02,Meia Esportiva,Vestuário,3,"15,92",Cartão de Débito,Matriz - Recife
3653,01-02-2025,Vela Aromática,Casa e Utilidades,2,"31,50",Dinheiro,Matriz - Recife
6756,25-11-2025,Barra de Cereal,Alimentos,3,"146,81",pix,Matriz - Recife
6138,06/10/2025,Biscoito Recheado,Alimentos,3,"58,00",Pix,Matriz - Recife
6281,22/10/2025,Suco de Caju 1L,Alimentos,2,"169,70",Pix,Matriz - Recife
1899,06-08-2024,Camiseta Básica,Vestuário,2,"234,04",Pix,Matriz - Recife
4596,13/05/2025,Caneta Esferográfica,Papelaria,2,"10,14",pix,Matriz - Recife
1363,2024-06-13,Power Bank 10000mAh,Eletrônicos,2,"174,80",Dinheiro,Matriz - Recife
1479,2024-06-23,Cabo HDMI,Eletrônicos,4,"63,43",Cartão de Débito,Matriz - Recife
3870,03/03/2025,Bermuda Jeans,Vestuário,1,"29,74",PIX,Matriz - Recife
913,2024-05-05,barra de cereal,Alimentos,3,"130,21",pix,Matriz - Recife
539,2024-03-23,Jogo de Toalhas,CASA E UTILIDADES,3,"93,28",Dinheiro,Matriz - Recife
4692,21/05/2025,Caixa de Som Portátil,Eletrônicos,1,"75,82",PIX,Matriz - Recife
2031,22-08-2024,Amendoim Torrado,Alimentos,1,"156,05",Pix,Matriz - Recife
2117,2024-09-02,Biscoito Recheado,Alimentos,2,"57,91",Pix,Matriz - Recife
5369,18-07-2025,Café Torrado 500g,Alimentos,3,"14,86",Cartão de Crédito,Matriz - Recife
3564,22/01/2025,Barra de Cereal,Alimentos,4,"145,63",Dinheiro,Matriz - Recife
3883,2025-03-04,carregador usb-c,Eletrônicos,2,"13,49",Cartão de Crédito,Matriz - Recife
1147,2024-05-25,Meia Esportiva,Vestuário,1,"15,52",Pix,Matriz - Recife
6049,2025-09-27,Cabo HDMI,Eletrônicos,1,"57,70",Pix,Matriz - Recife
5374,2025-07-18,Kit Panelas Antiaderente,Casa e Utilidades,1,"220,86",Dinheiro,Matriz - Recife
7014,13/12/2025,Fone de Ouvido Bluetooth,Eletrônicos,1,"151,41",Dinheiro,Matriz - Recife
1069,19/05/2024,Carregador USB-C,Eletrônicos,2,"15,07",Cartão de Débito,Matriz - Recife
3953,11-03-2025,Suco de Caju 1L,Alimentos,3,"169,73",PIX,Matriz - Recife
2455,08-10-2024,Barra de Cereal,Alimentos,3,"147,70",pix,Matriz - Recife
7037,14/12/2025,Água de Coco 500ml,Alimentos,4,"63,52",pix,Matriz - Recife
2314,24-09-2024,Suco de Caju 1L,Alimentos,2,"171,65",Cartão de Crédito,Matriz - Recife
3746,14/02/2025,Barra de Cereal,Alimentos,1,"137,84",Cartão de Crédito,Matriz - Recife
490,17/03/2024,Jaqueta Corta-Vento,Vestuário,4,"57,54",PIX,Matriz - Recife
1444,2024-06-21,Estojo Simples,PAPELARIA,2,"181,49",Pix,Matriz - Recife
3648,01/02/2025,Marcador de Texto,Papelaria,2,"86,26",Dinheiro,Matriz - Recife
6403,02-11-2025,organizador de gaveta,Casa e Utilidades,3,"28,96",Cartão de Débito,Matriz - Recife
6835,30-11-2025,Biscoito Recheado,Alimentos,1,"57,70",Cartão de Crédito,Matriz - Recife
3688,2025-02-06,Água de Coco 500ml,Alimentos,1,"66,25",PIX,Matriz - Recife
731,2024-04-17,Bermuda Jeans,Vestuário,1,"30,20",pix,Matriz - Recife
7320,31/12/2025,Caneta Esferográfica,Papelaria,1,"10,21",pix,Matriz - Recife
1461,22-06-2024,Fone de Ouvido Bluetooth,Eletrônicos,2,"154,45",pix,Matriz - Recife
246,2024-02-12,Café Torrado 500g,Alimentos,2,"15,35",Pix,Matriz - Recife
4609,13/05/2025,Escova de Limpeza,Casa e Utilidades,3,"216,56",Cartão de Débito,Matriz - Recife
4399,2025-04-28,Mochila Escolar,Papelaria,1,"216,36",Dinheiro,Matriz - Recife
5767,26/08/2025,Barra de Cereal,Alimentos,3,"141,03",Dinheiro,Matriz - Recife
7010,2025-12-13,vela aromática,Casa e Utilidades,2,"31,48",Cartão de Crédito,Matriz - Recife
2073,27/08/2024,Água de Coco 500ml,Alimentos,1,"60,37",Dinheiro,Matriz - Recife
258,2024-02-13,Cabo HDMI,Eletrônicos,2,"58,77",pix,Matriz - Recife
2203,12-09-2024,Cola Bastão,Papelaria,1,"43,32",pix,Matriz - Recife
2406,2024-10-04,Cabo HDMI,Eletrônicos,2,"66,00",Cartão de Débito,Matriz - Recife
2028,22/08/2024,bermuda jeans,Vestuário,1,"29,80",Dinheiro,Matriz - Recife
2231,14-09-2024,Cola Bastão,Papelaria,2,"42,83",pix,Matriz - Recife
5407,2025-07-21,Porta Sabonete,Casa e Utilidades,1,"153,16",Pix,Matriz - Recife
1131,24/05/2024,Água de Coco 500ml,Alimentos,1,"64,54",PIX,Matriz - Recife
4059,2025-03-22,Organizador de Gaveta,Casa e Utilidades,1,"29,49",pix,Matriz - Recife
2786,2024-11-12,Camiseta Básica,Vestuário,1,"236,56",Pix,Matriz - Recife
1587,2024-06-30,Estojo Simples,Papelaria,2,"184,12",pix,Matriz - Recife
3405,29/12/2024,Jogo de Toalhas,Casa e Utilidades,1,"89,14",Pix,Matriz - Recife
